,Name,Gender,letters,name_length,gen_code,encoded_names
5145,<SOS>shelva<EOS>     ,girl,"['s', 'h', 'e', 'l', 'v', 'a']",6,0.0,"[1, 21, 10, 7, 14, 24, 3, 2, 0, 0, 0, 0, 0]"
5234,<SOS>judyth<EOS>     ,girl,"['j', 'u', 'd', 'y', 't', 'h']",6,0.0,"[1, 12, 23, 6, 27, 22, 10, 2, 0, 0, 0, 0, 0]"
267,<SOS>isaiah<EOS>     ,boy,"['i', 's', 'a', 'i', 'a', 'h']",6,1.0,"[1, 11, 21, 3, 11, 3, 10, 2, 0, 0, 0, 0, 0]"
6755,<SOS>mareli<EOS>     ,girl,"['m', 'a', 'r', 'e', 'l', 'i']",6,0.0,"[1, 15, 3, 20, 7, 14, 11, 2, 0, 0, 0, 0, 0]"
2871,<SOS>skylar<EOS>     ,boy,"['s', 'k', 'y', 'l', 'a', 'r']",6,1.0,"[1, 21, 13, 27, 14, 3, 20, 2, 0, 0, 0, 0, 0]"
2775,<SOS>jamaal<EOS>     ,boy,"['j', 'a', 'm', 'a', 'a', 'l']",6,1.0,"[1, 12, 3, 15, 3, 3, 14, 2, 0, 0, 0, 0, 0]"
5567,<SOS>deeann<EOS>     ,girl,"['d', 'e', 'e', 'a', 'n', 'n']",6,0.0,"[1, 6, 7, 7, 3, 16, 16, 2, 0, 0, 0, 0, 0]"
5811,<SOS>katina<EOS>     ,girl,"['k', 'a', 't', 'i', 'n', 'a']",6,0.0,"[1, 13, 3, 22, 11, 16, 3, 2, 0, 0, 0, 0, 0]"
3195,<SOS>tavian<EOS>     ,boy,"['t', 'a', 'v', 'i', 'a', 'n']",6,1.0,"[1, 22, 3, 24, 11, 3, 16, 2, 0, 0, 0, 0, 0]"
1094,<SOS>adrien<EOS>     ,boy,"['a', 'd', 'r', 'i', 'e', 'n']",6,1.0,"[1, 3, 6, 20, 11, 7, 16, 2, 0, 0, 0, 0, 0]"
871,<SOS>jessee<EOS>     ,boy,"['j', 'e', 's', 's', 'e', 'e']",6,1.0,"[1, 12, 7, 21, 21, 7, 7, 2, 0, 0, 0, 0, 0]"
4474,<SOS>mattye<EOS>     ,girl,"['m', 'a', 't', 't', 'y', 'e']",6,0.0,"[1, 15, 3, 22, 22, 27, 7, 2, 0, 0, 0, 0, 0]"
4815,<SOS>roslyn<EOS>     ,girl,"['r', 'o', 's', 'l', 'y', 'n']",6,0.0,"[1, 20, 17, 21, 14, 27, 16, 2, 0, 0, 0, 0, 0]"
5096,<SOS>celine<EOS>     ,girl,"['c', 'e', 'l', 'i', 'n', 'e']",6,0.0,"[1, 5, 7, 14, 11, 16, 7, 2, 0, 0, 0, 0, 0]"
3882,<SOS>orilla<EOS>     ,girl,"['o', 'r', 'i', 'l', 'l', 'a']",6,0.0,"[1, 17, 20, 11, 14, 14, 3, 2, 0, 0, 0, 0, 0]"
564,<SOS>truman<EOS>     ,boy,"['t', 'r', 'u', 'm', 'a', 'n']",6,1.0,"[1, 22, 20, 23, 15, 3, 16, 2, 0, 0, 0, 0, 0]"
2481,<SOS>tracey<EOS>     ,boy,"['t', 'r', 'a', 'c', 'e', 'y']",6,1.0,"[1, 22, 20, 3, 5, 7, 27, 2, 0, 0, 0, 0, 0]"
5845,<SOS>celena<EOS>     ,girl,"['c', 'e', 'l', 'e', 'n', 'a']",6,0.0,"[1, 5, 7, 14, 7, 16, 3, 2, 0, 0, 0, 0, 0]"
2268,<SOS>darwyn<EOS>     ,boy,"['d', 'a', 'r', 'w', 'y', 'n']",6,1.0,"[1, 6, 3, 20, 25, 27, 16, 2, 0, 0, 0, 0, 0]"
668,<SOS>minnie<EOS>     ,boy,"['m', 'i', 'n', 'n', 'i', 'e']",6,1.0,"[1, 15, 11, 16, 16, 11, 7, 2, 0, 0, 0, 0, 0]"
4969,<SOS>elayne<EOS>     ,girl,"['e', 'l', 'a', 'y', 'n', 'e']",6,0.0,"[1, 7, 14, 3, 27, 16, 7, 2, 0, 0, 0, 0, 0]"
4171,<SOS>zilpah<EOS>     ,girl,"['z', 'i', 'l', 'p', 'a', 'h']",6,0.0,"[1, 28, 11, 14, 18, 3, 10, 2, 0, 0, 0, 0, 0]"
2398,<SOS>stefan<EOS>     ,boy,"['s', 't', 'e', 'f', 'a', 'n']",6,1.0,"[1, 21, 22, 7, 8, 3, 16, 2, 0, 0, 0, 0, 0]"
2850,<SOS>rustin<EOS>     ,boy,"['r', 'u', 's', 't', 'i', 'n']",6,1.0,"[1, 20, 23, 21, 22, 11, 16, 2, 0, 0, 0, 0, 0]"
3598,<SOS>joanna<EOS>     ,girl,"['j', 'o', 'a', 'n', 'n', 'a']",6,0.0,"[1, 12, 17, 3, 16, 16, 3, 2, 0, 0, 0, 0, 0]"
2814,<SOS>khalid<EOS>     ,boy,"['k', 'h', 'a', 'l', 'i', 'd']",6,1.0,"[1, 13, 10, 3, 14, 11, 6, 2, 0, 0, 0, 0, 0]"
2860,<SOS>dustan<EOS>     ,boy,"['d', 'u', 's', 't', 'a', 'n']",6,1.0,"[1, 6, 23, 21, 22, 3, 16, 2, 0, 0, 0, 0, 0]"
6766,<SOS>marlie<EOS>     ,girl,"['m', 'a', 'r', 'l', 'i', 'e']",6,0.0,"[1, 15, 3, 20, 14, 11, 7, 2, 0, 0, 0, 0, 0]"
3975,<SOS>eudora<EOS>     ,girl,"['e', 'u', 'd', 'o', 'r', 'a']",6,0.0,"[1, 7, 23, 6, 17, 20, 3, 2, 0, 0, 0, 0, 0]"
2530,<SOS>brenda<EOS>     ,boy,"['b', 'r', 'e', 'n', 'd', 'a']",6,1.0,"[1, 4, 20, 7, 16, 6, 3, 2, 0, 0, 0, 0, 0]"
1915,<SOS>colvin<EOS>     ,boy,"['c', 'o', 'l', 'v', 'i', 'n']",6,1.0,"[1, 5, 17, 14, 24, 11, 16, 2, 0, 0, 0, 0, 0]"
490,<SOS>howell<EOS>     ,boy,"['h', 'o', 'w', 'e', 'l', 'l']",6,1.0,"[1, 10, 17, 25, 7, 14, 14, 2, 0, 0, 0, 0, 0]"
6615,<SOS>aryana<EOS>     ,girl,"['a', 'r', 'y', 'a', 'n', 'a']",6,0.0,"[1, 3, 20, 27, 3, 16, 3, 2, 0, 0, 0, 0, 0]"
1791,<SOS>alston<EOS>     ,boy,"['a', 'l', 's', 't', 'o', 'n']",6,1.0,"[1, 3, 14, 21, 22, 17, 16, 2, 0, 0, 0, 0, 0]"
4545,<SOS>alvira<EOS>     ,girl,"['a', 'l', 'v', 'i', 'r', 'a']",6,0.0,"[1, 3, 14, 24, 11, 20, 3, 2, 0, 0, 0, 0, 0]"
6737,<SOS>londyn<EOS>     ,girl,"['l', 'o', 'n', 'd', 'y', 'n']",6,0.0,"[1, 14, 17, 16, 6, 27, 16, 2, 0, 0, 0, 0, 0]"
386,<SOS>johnny<EOS>     ,boy,"['j', 'o', 'h', 'n', 'n', 'y']",6,1.0,"[1, 12, 17, 10, 16, 16, 27, 2, 0, 0, 0, 0, 0]"
1161,<SOS>primus<EOS>     ,boy,"['p', 'r', 'i', 'm', 'u', 's']",6,1.0,"[1, 18, 20, 11, 15, 23, 21, 2, 0, 0, 0, 0, 0]"
5337,<SOS>sandie<EOS>     ,girl,"['s', 'a', 'n', 'd', 'i', 'e']",6,0.0,"[1, 21, 3, 16, 6, 11, 7, 2, 0, 0, 0, 0, 0]"
1170,<SOS>vaughn<EOS>     ,boy,"['v', 'a', 'u', 'g', 'h', 'n']",6,1.0,"[1, 24, 3, 23, 9, 10, 16, 2, 0, 0, 0, 0, 0]"
1360,<SOS>ingram<EOS>     ,boy,"['i', 'n', 'g', 'r', 'a', 'm']",6,1.0,"[1, 11, 16, 9, 20, 3, 15, 2, 0, 0, 0, 0, 0]"
6286,<SOS>ieshia<EOS>     ,girl,"['i', 'e', 's', 'h', 'i', 'a']",6,0.0,"[1, 11, 7, 21, 10, 11, 3, 2, 0, 0, 0, 0, 0]"
3934,<SOS>rillie<EOS>     ,girl,"['r', 'i', 'l', 'l', 'i', 'e']",6,0.0,"[1, 20, 11, 14, 14, 11, 7, 2, 0, 0, 0, 0, 0]"
402,<SOS>adrian<EOS>     ,boy,"['a', 'd', 'r', 'i', 'a', 'n']",6,1.0,"[1, 3, 6, 20, 11, 3, 16, 2, 0, 0, 0, 0, 0]"
4183,<SOS>vessie<EOS>     ,girl,"['v', 'e', 's', 's', 'i', 'e']",6,0.0,"[1, 24, 7, 21, 21, 11, 7, 2, 0, 0, 0, 0, 0]"
99,<SOS>calvin<EOS>     ,boy,"['c', 'a', 'l', 'v', 'i', 'n']",6,1.0,"[1, 5, 3, 14, 24, 11, 16, 2, 0, 0, 0, 0, 0]"
2080,<SOS>halley<EOS>     ,boy,"['h', 'a', 'l', 'l', 'e', 'y']",6,1.0,"[1, 10, 3, 14, 14, 7, 27, 2, 0, 0, 0, 0, 0]"
3868,<SOS>huldah<EOS>     ,girl,"['h', 'u', 'l', 'd', 'a', 'h']",6,0.0,"[1, 10, 23, 14, 6, 3, 10, 2, 0, 0, 0, 0, 0]"
1378,<SOS>oakley<EOS>     ,boy,"['o', 'a', 'k', 'l', 'e', 'y']",6,1.0,"[1, 17, 3, 13, 14, 7, 27, 2, 0, 0, 0, 0, 0]"
2089,<SOS>enrico<EOS>     ,boy,"['e', 'n', 'r', 'i', 'c', 'o']",6,1.0,"[1, 7, 16, 20, 11, 5, 17, 2, 0, 0, 0, 0, 0]"
2846,<SOS>bryson<EOS>     ,boy,"['b', 'r', 'y', 's', 'o', 'n']",6,1.0,"[1, 4, 20, 27, 21, 17, 16, 2, 0, 0, 0, 0, 0]"
6472,<SOS>makala<EOS>     ,girl,"['m', 'a', 'k', 'a', 'l', 'a']",6,0.0,"[1, 15, 3, 13, 3, 14, 3, 2, 0, 0, 0, 0, 0]"
3144,<SOS>brayan<EOS>     ,boy,"['b', 'r', 'a', 'y', 'a', 'n']",6,1.0,"[1, 4, 20, 3, 27, 3, 16, 2, 0, 0, 0, 0, 0]"
2772,<SOS>kareen<EOS>     ,boy,"['k', 'a', 'r', 'e', 'e', 'n']",6,1.0,"[1, 13, 3, 20, 7, 7, 16, 2, 0, 0, 0, 0, 0]"
6453,<SOS>jaycie<EOS>     ,girl,"['j', 'a', 'y', 'c', 'i', 'e']",6,0.0,"[1, 12, 3, 27, 5, 11, 7, 2, 0, 0, 0, 0, 0]"
1536,<SOS>manson<EOS>     ,boy,"['m', 'a', 'n', 's', 'o', 'n']",6,1.0,"[1, 15, 3, 16, 21, 17, 16, 2, 0, 0, 0, 0, 0]"
3788,<SOS>birtie<EOS>     ,girl,"['b', 'i', 'r', 't', 'i', 'e']",6,0.0,"[1, 4, 11, 20, 22, 11, 7, 2, 0, 0, 0, 0, 0]"
3268,<SOS>jagger<EOS>     ,boy,"['j', 'a', 'g', 'g', 'e', 'r']",6,1.0,"[1, 12, 3, 9, 9, 7, 20, 2, 0, 0, 0, 0, 0]"
1902,<SOS>vernal<EOS>     ,boy,"['v', 'e', 'r', 'n', 'a', 'l']",6,1.0,"[1, 24, 7, 20, 16, 3, 14, 2, 0, 0, 0, 0, 0]"
4232,<SOS>corean<EOS>     ,girl,"['c', 'o', 'r', 'e', 'a', 'n']",6,0.0,"[1, 5, 17, 20, 7, 3, 16, 2, 0, 0, 0, 0, 0]"
5861,<SOS>keshia<EOS>     ,girl,"['k', 'e', 's', 'h', 'i', 'a']",6,0.0,"[1, 13, 7, 21, 10, 11, 3, 2, 0, 0, 0, 0, 0]"
4760,<SOS>almeta<EOS>     ,girl,"['a', 'l', 'm', 'e', 't', 'a']",6,0.0,"[1, 3, 14, 15, 7, 22, 3, 2, 0, 0, 0, 0, 0]"
4251,<SOS>mabell<EOS>     ,girl,"['m', 'a', 'b', 'e', 'l', 'l']",6,0.0,"[1, 15, 3, 4, 7, 14, 14, 2, 0, 0, 0, 0, 0]"
287,<SOS>morgan<EOS>     ,boy,"['m', 'o', 'r', 'g', 'a', 'n']",6,1.0,"[1, 15, 17, 20, 9, 3, 16, 2, 0, 0, 0, 0, 0]"
4261,<SOS>senora<EOS>     ,girl,"['s', 'e', 'n', 'o', 'r', 'a']",6,0.0,"[1, 21, 7, 16, 17, 20, 3, 2, 0, 0, 0, 0, 0]"
3094,<SOS>jaylon<EOS>     ,boy,"['j', 'a', 'y', 'l', 'o', 'n']",6,1.0,"[1, 12, 3, 27, 14, 17, 16, 2, 0, 0, 0, 0, 0]"
2704,<SOS>demian<EOS>     ,boy,"['d', 'e', 'm', 'i', 'a', 'n']",6,1.0,"[1, 6, 7, 15, 11, 3, 16, 2, 0, 0, 0, 0, 0]"
5085,<SOS>marsha<EOS>     ,girl,"['m', 'a', 'r', 's', 'h', 'a']",6,0.0,"[1, 15, 3, 20, 21, 10, 3, 2, 0, 0, 0, 0, 0]"
4824,<SOS>astrid<EOS>     ,girl,"['a', 's', 't', 'r', 'i', 'd']",6,0.0,"[1, 3, 21, 22, 20, 11, 6, 2, 0, 0, 0, 0, 0]"
4743,<SOS>tomasa<EOS>     ,girl,"['t', 'o', 'm', 'a', 's', 'a']",6,0.0,"[1, 22, 17, 15, 3, 21, 3, 2, 0, 0, 0, 0, 0]"
3501,<SOS>lenora<EOS>     ,girl,"['l', 'e', 'n', 'o', 'r', 'a']",6,0.0,"[1, 14, 7, 16, 17, 20, 3, 2, 0, 0, 0, 0, 0]"
1025,<SOS>gaston<EOS>     ,boy,"['g', 'a', 's', 't', 'o', 'n']",6,1.0,"[1, 9, 3, 21, 22, 17, 16, 2, 0, 0, 0, 0, 0]"
5853,<SOS>cicely<EOS>     ,girl,"['c', 'i', 'c', 'e', 'l', 'y']",6,0.0,"[1, 5, 11, 5, 7, 14, 27, 2, 0, 0, 0, 0, 0]"
4518,<SOS>izetta<EOS>     ,girl,"['i', 'z', 'e', 't', 't', 'a']",6,0.0,"[1, 11, 28, 7, 22, 22, 3, 2, 0, 0, 0, 0, 0]"
128,<SOS>melvin<EOS>     ,boy,"['m', 'e', 'l', 'v', 'i', 'n']",6,1.0,"[1, 15, 7, 14, 24, 11, 16, 2, 0, 0, 0, 0, 0]"
1154,<SOS>mercer<EOS>     ,boy,"['m', 'e', 'r', 'c', 'e', 'r']",6,1.0,"[1, 15, 7, 20, 5, 7, 20, 2, 0, 0, 0, 0, 0]"
2915,<SOS>jaymes<EOS>     ,boy,"['j', 'a', 'y', 'm', 'e', 's']",6,1.0,"[1, 12, 3, 27, 15, 7, 21, 2, 0, 0, 0, 0, 0]"
4151,<SOS>dulcie<EOS>     ,girl,"['d', 'u', 'l', 'c', 'i', 'e']",6,0.0,"[1, 6, 23, 14, 5, 11, 7, 2, 0, 0, 0, 0, 0]"
105,<SOS>dennis<EOS>     ,boy,"['d', 'e', 'n', 'n', 'i', 's']",6,1.0,"[1, 6, 7, 16, 16, 11, 21, 2, 0, 0, 0, 0, 0]"
4369,<SOS>vashti<EOS>     ,girl,"['v', 'a', 's', 'h', 't', 'i']",6,0.0,"[1, 24, 3, 21, 10, 22, 11, 2, 0, 0, 0, 0, 0]"
5396,<SOS>joleen<EOS>     ,girl,"['j', 'o', 'l', 'e', 'e', 'n']",6,0.0,"[1, 12, 17, 14, 7, 7, 16, 2, 0, 0, 0, 0, 0]"
2580,<SOS>darryn<EOS>     ,boy,"['d', 'a', 'r', 'r', 'y', 'n']",6,1.0,"[1, 6, 3, 20, 20, 27, 16, 2, 0, 0, 0, 0, 0]"
4198,<SOS>zillah<EOS>     ,girl,"['z', 'i', 'l', 'l', 'a', 'h']",6,0.0,"[1, 28, 11, 14, 14, 3, 10, 2, 0, 0, 0, 0, 0]"
6417,<SOS>alivia<EOS>     ,girl,"['a', 'l', 'i', 'v', 'i', 'a']",6,0.0,"[1, 3, 14, 11, 24, 11, 3, 2, 0, 0, 0, 0, 0]"
1246,<SOS>melton<EOS>     ,boy,"['m', 'e', 'l', 't', 'o', 'n']",6,1.0,"[1, 15, 7, 14, 22, 17, 16, 2, 0, 0, 0, 0, 0]"
5979,<SOS>shavon<EOS>     ,girl,"['s', 'h', 'a', 'v', 'o', 'n']",6,0.0,"[1, 21, 10, 3, 24, 17, 16, 2, 0, 0, 0, 0, 0]"
6416,<SOS>keanna<EOS>     ,girl,"['k', 'e', 'a', 'n', 'n', 'a']",6,0.0,"[1, 13, 7, 3, 16, 16, 3, 2, 0, 0, 0, 0, 0]"
1004,<SOS>ransom<EOS>     ,boy,"['r', 'a', 'n', 's', 'o', 'm']",6,1.0,"[1, 20, 3, 16, 21, 17, 15, 2, 0, 0, 0, 0, 0]"
3926,<SOS>muriel<EOS>     ,girl,"['m', 'u', 'r', 'i', 'e', 'l']",6,0.0,"[1, 15, 23, 20, 11, 7, 14, 2, 0, 0, 0, 0, 0]"
6390,<SOS>vanesa<EOS>     ,girl,"['v', 'a', 'n', 'e', 's', 'a']",6,0.0,"[1, 24, 3, 16, 7, 21, 3, 2, 0, 0, 0, 0, 0]"
6041,<SOS>tierra<EOS>     ,girl,"['t', 'i', 'e', 'r', 'r', 'a']",6,0.0,"[1, 22, 11, 7, 20, 20, 3, 2, 0, 0, 0, 0, 0]"
2945,<SOS>mychal<EOS>     ,boy,"['m', 'y', 'c', 'h', 'a', 'l']",6,1.0,"[1, 15, 27, 5, 10, 3, 14, 2, 0, 0, 0, 0, 0]"
4269,<SOS>achsah<EOS>     ,girl,"['a', 'c', 'h', 's', 'a', 'h']",6,0.0,"[1, 3, 5, 10, 21, 3, 10, 2, 0, 0, 0, 0, 0]"
643,<SOS>carson<EOS>     ,boy,"['c', 'a', 'r', 's', 'o', 'n']",6,1.0,"[1, 5, 3, 20, 21, 17, 16, 2, 0, 0, 0, 0, 0]"
6391,<SOS>cydney<EOS>     ,girl,"['c', 'y', 'd', 'n', 'e', 'y']",6,0.0,"[1, 5, 27, 6, 16, 7, 27, 2, 0, 0, 0, 0, 0]"
644,<SOS>cullen<EOS>     ,boy,"['c', 'u', 'l', 'l', 'e', 'n']",6,1.0,"[1, 5, 23, 14, 14, 7, 16, 2, 0, 0, 0, 0, 0]"
5778,<SOS>tracee<EOS>     ,girl,"['t', 'r', 'a', 'c', 'e', 'e']",6,0.0,"[1, 22, 20, 3, 5, 7, 7, 2, 0, 0, 0, 0, 0]"
5063,<SOS>oralia<EOS>     ,girl,"['o', 'r', 'a', 'l', 'i', 'a']",6,0.0,"[1, 17, 20, 3, 14, 11, 3, 2, 0, 0, 0, 0, 0]"
89,<SOS>jessie<EOS>     ,boy,"['j', 'e', 's', 's', 'i', 'e']",6,1.0,"[1, 12, 7, 21, 21, 11, 7, 2, 0, 0, 0, 0, 0]"
4014,<SOS>sabina<EOS>     ,girl,"['s', 'a', 'b', 'i', 'n', 'a']",6,0.0,"[1, 21, 3, 4, 11, 16, 3, 2, 0, 0, 0, 0, 0]"
5616,<SOS>noelle<EOS>     ,girl,"['n', 'o', 'e', 'l', 'l', 'e']",6,0.0,"[1, 16, 17, 7, 14, 14, 7, 2, 0, 0, 0, 0, 0]"
440,<SOS>steven<EOS>     ,boy,"['s', 't', 'e', 'v', 'e', 'n']",6,1.0,"[1, 21, 22, 7, 24, 7, 16, 2, 0, 0, 0, 0, 0]"
4699,<SOS>vivien<EOS>     ,girl,"['v', 'i', 'v', 'i', 'e', 'n']",6,0.0,"[1, 24, 11, 24, 11, 7, 16, 2, 0, 0, 0, 0, 0]"
1759,<SOS>beulah<EOS>     ,boy,"['b', 'e', 'u', 'l', 'a', 'h']",6,1.0,"[1, 4, 7, 23, 14, 3, 10, 2, 0, 0, 0, 0, 0]"
5970,<SOS>chante<EOS>     ,girl,"['c', 'h', 'a', 'n', 't', 'e']",6,0.0,"[1, 5, 10, 3, 16, 22, 7, 2, 0, 0, 0, 0, 0]"
806,<SOS>weaver<EOS>     ,boy,"['w', 'e', 'a', 'v', 'e', 'r']",6,1.0,"[1, 25, 7, 3, 24, 7, 20, 2, 0, 0, 0, 0, 0]"
2985,<SOS>rakeem<EOS>     ,boy,"['r', 'a', 'k', 'e', 'e', 'm']",6,1.0,"[1, 20, 3, 13, 7, 7, 15, 2, 0, 0, 0, 0, 0]"
1617,<SOS>virgie<EOS>     ,boy,"['v', 'i', 'r', 'g', 'i', 'e']",6,1.0,"[1, 24, 11, 20, 9, 11, 7, 2, 0, 0, 0, 0, 0]"
4390,<SOS>fannye<EOS>     ,girl,"['f', 'a', 'n', 'n', 'y', 'e']",6,0.0,"[1, 8, 3, 16, 16, 27, 7, 2, 0, 0, 0, 0, 0]"
1772,<SOS>luster<EOS>     ,boy,"['l', 'u', 's', 't', 'e', 'r']",6,1.0,"[1, 14, 23, 21, 22, 7, 20, 2, 0, 0, 0, 0, 0]"
4578,<SOS>thekla<EOS>     ,girl,"['t', 'h', 'e', 'k', 'l', 'a']",6,0.0,"[1, 22, 10, 7, 13, 14, 3, 2, 0, 0, 0, 0, 0]"
3069,<SOS>colter<EOS>     ,boy,"['c', 'o', 'l', 't', 'e', 'r']",6,1.0,"[1, 5, 17, 14, 22, 7, 20, 2, 0, 0, 0, 0, 0]"
6487,<SOS>yulisa<EOS>     ,girl,"['y', 'u', 'l', 'i', 's', 'a']",6,0.0,"[1, 27, 23, 14, 11, 21, 3, 2, 0, 0, 0, 0, 0]"
382,<SOS>dallas<EOS>     ,boy,"['d', 'a', 'l', 'l', 'a', 's']",6,1.0,"[1, 6, 3, 14, 14, 3, 21, 2, 0, 0, 0, 0, 0]"
3912,<SOS>grayce<EOS>     ,girl,"['g', 'r', 'a', 'y', 'c', 'e']",6,0.0,"[1, 9, 20, 3, 27, 5, 7, 2, 0, 0, 0, 0, 0]"
5930,<SOS>shayna<EOS>     ,girl,"['s', 'h', 'a', 'y', 'n', 'a']",6,0.0,"[1, 21, 10, 3, 27, 16, 3, 2, 0, 0, 0, 0, 0]"
1692,<SOS>conard<EOS>     ,boy,"['c', 'o', 'n', 'a', 'r', 'd']",6,1.0,"[1, 5, 17, 16, 3, 20, 6, 2, 0, 0, 0, 0, 0]"
3400,<SOS>jaydan<EOS>     ,boy,"['j', 'a', 'y', 'd', 'a', 'n']",6,1.0,"[1, 12, 3, 27, 6, 3, 16, 2, 0, 0, 0, 0, 0]"
778,<SOS>jennie<EOS>     ,boy,"['j', 'e', 'n', 'n', 'i', 'e']",6,1.0,"[1, 12, 7, 16, 16, 11, 7, 2, 0, 0, 0, 0, 0]"
1524,<SOS>gorden<EOS>     ,boy,"['g', 'o', 'r', 'd', 'e', 'n']",6,1.0,"[1, 9, 17, 20, 6, 7, 16, 2, 0, 0, 0, 0, 0]"
3231,<SOS>karson<EOS>     ,boy,"['k', 'a', 'r', 's', 'o', 'n']",6,1.0,"[1, 13, 3, 20, 21, 17, 16, 2, 0, 0, 0, 0, 0]"
6247,<SOS>danika<EOS>     ,girl,"['d', 'a', 'n', 'i', 'k', 'a']",6,0.0,"[1, 6, 3, 16, 11, 13, 3, 2, 0, 0, 0, 0, 0]"
3581,<SOS>lorena<EOS>     ,girl,"['l', 'o', 'r', 'e', 'n', 'a']",6,0.0,"[1, 14, 17, 20, 7, 16, 3, 2, 0, 0, 0, 0, 0]"
6474,<SOS>kaylan<EOS>     ,girl,"['k', 'a', 'y', 'l', 'a', 'n']",6,0.0,"[1, 13, 3, 27, 14, 3, 16, 2, 0, 0, 0, 0, 0]"
4716,<SOS>trilby<EOS>     ,girl,"['t', 'r', 'i', 'l', 'b', 'y']",6,0.0,"[1, 22, 20, 11, 14, 4, 27, 2, 0, 0, 0, 0, 0]"
6747,<SOS>alyvia<EOS>     ,girl,"['a', 'l', 'y', 'v', 'i', 'a']",6,0.0,"[1, 3, 14, 27, 24, 11, 3, 2, 0, 0, 0, 0, 0]"
6642,<SOS>amiyah<EOS>     ,girl,"['a', 'm', 'i', 'y', 'a', 'h']",6,0.0,"[1, 3, 15, 11, 27, 3, 10, 2, 0, 0, 0, 0, 0]"
3384,<SOS>landin<EOS>     ,boy,"['l', 'a', 'n', 'd', 'i', 'n']",6,1.0,"[1, 14, 3, 16, 6, 11, 16, 2, 0, 0, 0, 0, 0]"
2556,<SOS>stoney<EOS>     ,boy,"['s', 't', 'o', 'n', 'e', 'y']",6,1.0,"[1, 21, 22, 17, 16, 7, 27, 2, 0, 0, 0, 0, 0]"
6626,<SOS>samira<EOS>     ,girl,"['s', 'a', 'm', 'i', 'r', 'a']",6,0.0,"[1, 21, 3, 15, 11, 20, 3, 2, 0, 0, 0, 0, 0]"
2852,<SOS>justen<EOS>     ,boy,"['j', 'u', 's', 't', 'e', 'n']",6,1.0,"[1, 12, 23, 21, 22, 7, 16, 2, 0, 0, 0, 0, 0]"
6155,<SOS>porsha<EOS>     ,girl,"['p', 'o', 'r', 's', 'h', 'a']",6,0.0,"[1, 18, 17, 20, 21, 10, 3, 2, 0, 0, 0, 0, 0]"
6583,<SOS>nayely<EOS>     ,girl,"['n', 'a', 'y', 'e', 'l', 'y']",6,0.0,"[1, 16, 3, 27, 7, 14, 27, 2, 0, 0, 0, 0, 0]"
3462,<SOS>sophia<EOS>     ,girl,"['s', 'o', 'p', 'h', 'i', 'a']",6,0.0,"[1, 21, 17, 18, 10, 11, 3, 2, 0, 0, 0, 0, 0]"
5351,<SOS>regena<EOS>     ,girl,"['r', 'e', 'g', 'e', 'n', 'a']",6,0.0,"[1, 20, 7, 9, 7, 16, 3, 2, 0, 0, 0, 0, 0]"
3346,<SOS>matias<EOS>     ,boy,"['m', 'a', 't', 'i', 'a', 's']",6,1.0,"[1, 15, 3, 22, 11, 3, 21, 2, 0, 0, 0, 0, 0]"
3439,<SOS>nettie<EOS>     ,girl,"['n', 'e', 't', 't', 'i', 'e']",6,0.0,"[1, 16, 7, 22, 22, 11, 7, 2, 0, 0, 0, 0, 0]"
5812,<SOS>catina<EOS>     ,girl,"['c', 'a', 't', 'i', 'n', 'a']",6,0.0,"[1, 5, 3, 22, 11, 16, 3, 2, 0, 0, 0, 0, 0]"
3411,<SOS>kamryn<EOS>     ,boy,"['k', 'a', 'm', 'r', 'y', 'n']",6,1.0,"[1, 13, 3, 15, 20, 27, 16, 2, 0, 0, 0, 0, 0]"
1477,<SOS>orland<EOS>     ,boy,"['o', 'r', 'l', 'a', 'n', 'd']",6,1.0,"[1, 17, 20, 14, 3, 16, 6, 2, 0, 0, 0, 0, 0]"
4560,<SOS>leonor<EOS>     ,girl,"['l', 'e', 'o', 'n', 'o', 'r']",6,0.0,"[1, 14, 7, 17, 16, 17, 20, 2, 0, 0, 0, 0, 0]"
1597,<SOS>laurel<EOS>     ,boy,"['l', 'a', 'u', 'r', 'e', 'l']",6,1.0,"[1, 14, 3, 23, 20, 7, 14, 2, 0, 0, 0, 0, 0]"
5352,<SOS>denice<EOS>     ,girl,"['d', 'e', 'n', 'i', 'c', 'e']",6,0.0,"[1, 6, 7, 16, 11, 5, 7, 2, 0, 0, 0, 0, 0]"
180,<SOS>harley<EOS>     ,boy,"['h', 'a', 'r', 'l', 'e', 'y']",6,1.0,"[1, 10, 3, 20, 14, 7, 27, 2, 0, 0, 0, 0, 0]"
4276,<SOS>amalie<EOS>     ,girl,"['a', 'm', 'a', 'l', 'i', 'e']",6,0.0,"[1, 3, 15, 3, 14, 11, 7, 2, 0, 0, 0, 0, 0]"
6480,<SOS>savana<EOS>     ,girl,"['s', 'a', 'v', 'a', 'n', 'a']",6,0.0,"[1, 21, 3, 24, 3, 16, 3, 2, 0, 0, 0, 0, 0]"
1272,<SOS>cortez<EOS>     ,boy,"['c', 'o', 'r', 't', 'e', 'z']",6,1.0,"[1, 5, 17, 20, 22, 7, 28, 2, 0, 0, 0, 0, 0]"
3899,<SOS>dillie<EOS>     ,girl,"['d', 'i', 'l', 'l', 'i', 'e']",6,0.0,"[1, 6, 11, 14, 14, 11, 7, 2, 0, 0, 0, 0, 0]"
3812,<SOS>althea<EOS>     ,girl,"['a', 'l', 't', 'h', 'e', 'a']",6,0.0,"[1, 3, 14, 22, 10, 7, 3, 2, 0, 0, 0, 0, 0]"
1876,<SOS>rossie<EOS>     ,boy,"['r', 'o', 's', 's', 'i', 'e']",6,1.0,"[1, 20, 17, 21, 21, 11, 7, 2, 0, 0, 0, 0, 0]"
6562,<SOS>maryam<EOS>     ,girl,"['m', 'a', 'r', 'y', 'a', 'm']",6,0.0,"[1, 15, 3, 20, 27, 3, 15, 2, 0, 0, 0, 0, 0]"
1082,<SOS>marian<EOS>     ,boy,"['m', 'a', 'r', 'i', 'a', 'n']",6,1.0,"[1, 15, 3, 20, 11, 3, 16, 2, 0, 0, 0, 0, 0]"
1217,<SOS>weston<EOS>     ,boy,"['w', 'e', 's', 't', 'o', 'n']",6,1.0,"[1, 25, 7, 21, 22, 17, 16, 2, 0, 0, 0, 0, 0]"
3377,<SOS>yandel<EOS>     ,boy,"['y', 'a', 'n', 'd', 'e', 'l']",6,1.0,"[1, 27, 3, 16, 6, 7, 14, 2, 0, 0, 0, 0, 0]"
4446,<SOS>thresa<EOS>     ,girl,"['t', 'h', 'r', 'e', 's', 'a']",6,0.0,"[1, 22, 10, 20, 7, 21, 3, 2, 0, 0, 0, 0, 0]"
134,<SOS>elijah<EOS>     ,boy,"['e', 'l', 'i', 'j', 'a', 'h']",6,1.0,"[1, 7, 14, 11, 12, 3, 10, 2, 0, 0, 0, 0, 0]"
3063,<SOS>dalvin<EOS>     ,boy,"['d', 'a', 'l', 'v', 'i', 'n']",6,1.0,"[1, 6, 3, 14, 24, 11, 16, 2, 0, 0, 0, 0, 0]"
1776,<SOS>bolden<EOS>     ,boy,"['b', 'o', 'l', 'd', 'e', 'n']",6,1.0,"[1, 4, 17, 14, 6, 7, 16, 2, 0, 0, 0, 0, 0]"
5052,<SOS>jolene<EOS>     ,girl,"['j', 'o', 'l', 'e', 'n', 'e']",6,0.0,"[1, 12, 17, 14, 7, 16, 7, 2, 0, 0, 0, 0, 0]"
2047,<SOS>ardell<EOS>     ,boy,"['a', 'r', 'd', 'e', 'l', 'l']",6,1.0,"[1, 3, 20, 6, 7, 14, 14, 2, 0, 0, 0, 0, 0]"
3299,<SOS>jaheem<EOS>     ,boy,"['j', 'a', 'h', 'e', 'e', 'm']",6,1.0,"[1, 12, 3, 10, 7, 7, 15, 2, 0, 0, 0, 0, 0]"
2320,<SOS>wilkie<EOS>     ,boy,"['w', 'i', 'l', 'k', 'i', 'e']",6,1.0,"[1, 25, 11, 14, 13, 11, 7, 2, 0, 0, 0, 0, 0]"
6169,<SOS>iliana<EOS>     ,girl,"['i', 'l', 'i', 'a', 'n', 'a']",6,0.0,"[1, 11, 14, 11, 3, 16, 3, 2, 0, 0, 0, 0, 0]"
1703,<SOS>sigurd<EOS>     ,boy,"['s', 'i', 'g', 'u', 'r', 'd']",6,1.0,"[1, 21, 11, 9, 23, 20, 6, 2, 0, 0, 0, 0, 0]"
3287,<SOS>zavier<EOS>     ,boy,"['z', 'a', 'v', 'i', 'e', 'r']",6,1.0,"[1, 28, 3, 24, 11, 7, 20, 2, 0, 0, 0, 0, 0]"
3735,<SOS>mintie<EOS>     ,girl,"['m', 'i', 'n', 't', 'i', 'e']",6,0.0,"[1, 15, 11, 16, 22, 11, 7, 2, 0, 0, 0, 0, 0]"
3751,<SOS>jeanne<EOS>     ,girl,"['j', 'e', 'a', 'n', 'n', 'e']",6,0.0,"[1, 12, 7, 3, 16, 16, 7, 2, 0, 0, 0, 0, 0]"
1747,<SOS>reubin<EOS>     ,boy,"['r', 'e', 'u', 'b', 'i', 'n']",6,1.0,"[1, 20, 7, 23, 4, 11, 16, 2, 0, 0, 0, 0, 0]"
550,<SOS>miguel<EOS>     ,boy,"['m', 'i', 'g', 'u', 'e', 'l']",6,1.0,"[1, 15, 11, 9, 23, 7, 14, 2, 0, 0, 0, 0, 0]"
927,<SOS>boston<EOS>     ,boy,"['b', 'o', 's', 't', 'o', 'n']",6,1.0,"[1, 4, 17, 21, 22, 17, 16, 2, 0, 0, 0, 0, 0]"
3807,<SOS>selina<EOS>     ,girl,"['s', 'e', 'l', 'i', 'n', 'a']",6,0.0,"[1, 21, 7, 14, 11, 16, 3, 2, 0, 0, 0, 0, 0]"
925,<SOS>bernie<EOS>     ,boy,"['b', 'e', 'r', 'n', 'i', 'e']",6,1.0,"[1, 4, 7, 20, 16, 11, 7, 2, 0, 0, 0, 0, 0]"
1927,<SOS>tallie<EOS>     ,boy,"['t', 'a', 'l', 'l', 'i', 'e']",6,1.0,"[1, 22, 3, 14, 14, 11, 7, 2, 0, 0, 0, 0, 0]"
1566,<SOS>peyton<EOS>     ,boy,"['p', 'e', 'y', 't', 'o', 'n']",6,1.0,"[1, 18, 7, 27, 22, 17, 16, 2, 0, 0, 0, 0, 0]"
4780,<SOS>lolita<EOS>     ,girl,"['l', 'o', 'l', 'i', 't', 'a']",6,0.0,"[1, 14, 17, 14, 11, 22, 3, 2, 0, 0, 0, 0, 0]"
2104,<SOS>garold<EOS>     ,boy,"['g', 'a', 'r', 'o', 'l', 'd']",6,1.0,"[1, 9, 3, 20, 17, 14, 6, 2, 0, 0, 0, 0, 0]"
2287,<SOS>sharon<EOS>     ,boy,"['s', 'h', 'a', 'r', 'o', 'n']",6,1.0,"[1, 21, 10, 3, 20, 17, 16, 2, 0, 0, 0, 0, 0]"
695,<SOS>danial<EOS>     ,boy,"['d', 'a', 'n', 'i', 'a', 'l']",6,1.0,"[1, 6, 3, 16, 11, 3, 14, 2, 0, 0, 0, 0, 0]"
708,<SOS>henery<EOS>     ,boy,"['h', 'e', 'n', 'e', 'r', 'y']",6,1.0,"[1, 10, 7, 16, 7, 20, 27, 2, 0, 0, 0, 0, 0]"
1983,<SOS>teddie<EOS>     ,boy,"['t', 'e', 'd', 'd', 'i', 'e']",6,1.0,"[1, 22, 7, 6, 6, 11, 7, 2, 0, 0, 0, 0, 0]"
1588,<SOS>cassie<EOS>     ,boy,"['c', 'a', 's', 's', 'i', 'e']",6,1.0,"[1, 5, 3, 21, 21, 11, 7, 2, 0, 0, 0, 0, 0]"
6462,<SOS>julisa<EOS>     ,girl,"['j', 'u', 'l', 'i', 's', 'a']",6,0.0,"[1, 12, 23, 14, 11, 21, 3, 2, 0, 0, 0, 0, 0]"
5133,<SOS>norita<EOS>     ,girl,"['n', 'o', 'r', 'i', 't', 'a']",6,0.0,"[1, 16, 17, 20, 11, 22, 3, 2, 0, 0, 0, 0, 0]"
6651,<SOS>sariah<EOS>     ,girl,"['s', 'a', 'r', 'i', 'a', 'h']",6,0.0,"[1, 21, 3, 20, 11, 3, 10, 2, 0, 0, 0, 0, 0]"
3967,<SOS>debbie<EOS>     ,girl,"['d', 'e', 'b', 'b', 'i', 'e']",6,0.0,"[1, 6, 7, 4, 4, 11, 7, 2, 0, 0, 0, 0, 0]"
4833,<SOS>elease<EOS>     ,girl,"['e', 'l', 'e', 'a', 's', 'e']",6,0.0,"[1, 7, 14, 7, 3, 21, 7, 2, 0, 0, 0, 0, 0]"
493,<SOS>mahlon<EOS>     ,boy,"['m', 'a', 'h', 'l', 'o', 'n']",6,1.0,"[1, 15, 3, 10, 14, 17, 16, 2, 0, 0, 0, 0, 0]"
4697,<SOS>lurena<EOS>     ,girl,"['l', 'u', 'r', 'e', 'n', 'a']",6,0.0,"[1, 14, 23, 20, 7, 16, 3, 2, 0, 0, 0, 0, 0]"
5932,<SOS>torrie<EOS>     ,girl,"['t', 'o', 'r', 'r', 'i', 'e']",6,0.0,"[1, 22, 17, 20, 20, 11, 7, 2, 0, 0, 0, 0, 0]"
4464,<SOS>hellen<EOS>     ,girl,"['h', 'e', 'l', 'l', 'e', 'n']",6,0.0,"[1, 10, 7, 14, 14, 7, 16, 2, 0, 0, 0, 0, 0]"
3276,<SOS>imanol<EOS>     ,boy,"['i', 'm', 'a', 'n', 'o', 'l']",6,1.0,"[1, 11, 15, 3, 16, 17, 14, 2, 0, 0, 0, 0, 0]"
5753,<SOS>karina<EOS>     ,girl,"['k', 'a', 'r', 'i', 'n', 'a']",6,0.0,"[1, 13, 3, 20, 11, 16, 3, 2, 0, 0, 0, 0, 0]"
997,<SOS>lavern<EOS>     ,boy,"['l', 'a', 'v', 'e', 'r', 'n']",6,1.0,"[1, 14, 3, 24, 7, 20, 16, 2, 0, 0, 0, 0, 0]"
5570,<SOS>corina<EOS>     ,girl,"['c', 'o', 'r', 'i', 'n', 'a']",6,0.0,"[1, 5, 17, 20, 11, 16, 3, 2, 0, 0, 0, 0, 0]"
3226,<SOS>xander<EOS>     ,boy,"['x', 'a', 'n', 'd', 'e', 'r']",6,1.0,"[1, 26, 3, 16, 6, 7, 20, 2, 0, 0, 0, 0, 0]"
4659,<SOS>delcie<EOS>     ,girl,"['d', 'e', 'l', 'c', 'i', 'e']",6,0.0,"[1, 6, 7, 14, 5, 11, 7, 2, 0, 0, 0, 0, 0]"
6294,<SOS>chynna<EOS>     ,girl,"['c', 'h', 'y', 'n', 'n', 'a']",6,0.0,"[1, 5, 10, 27, 16, 16, 3, 2, 0, 0, 0, 0, 0]"
2042,<SOS>rodger<EOS>     ,boy,"['r', 'o', 'd', 'g', 'e', 'r']",6,1.0,"[1, 20, 17, 6, 9, 7, 20, 2, 0, 0, 0, 0, 0]"
3037,<SOS>sawyer<EOS>     ,boy,"['s', 'a', 'w', 'y', 'e', 'r']",6,1.0,"[1, 21, 3, 25, 27, 7, 20, 2, 0, 0, 0, 0, 0]"
1853,<SOS>virgel<EOS>     ,boy,"['v', 'i', 'r', 'g', 'e', 'l']",6,1.0,"[1, 24, 11, 20, 9, 7, 14, 2, 0, 0, 0, 0, 0]"
1236,<SOS>landon<EOS>     ,boy,"['l', 'a', 'n', 'd', 'o', 'n']",6,1.0,"[1, 14, 3, 16, 6, 17, 16, 2, 0, 0, 0, 0, 0]"
1423,<SOS>simmie<EOS>     ,boy,"['s', 'i', 'm', 'm', 'i', 'e']",6,1.0,"[1, 21, 11, 15, 15, 11, 7, 2, 0, 0, 0, 0, 0]"
5015,<SOS>janell<EOS>     ,girl,"['j', 'a', 'n', 'e', 'l', 'l']",6,0.0,"[1, 12, 3, 16, 7, 14, 14, 2, 0, 0, 0, 0, 0]"
6404,<SOS>kaelyn<EOS>     ,girl,"['k', 'a', 'e', 'l', 'y', 'n']",6,0.0,"[1, 13, 3, 7, 14, 27, 16, 2, 0, 0, 0, 0, 0]"
6633,<SOS>jaylyn<EOS>     ,girl,"['j', 'a', 'y', 'l', 'y', 'n']",6,0.0,"[1, 12, 3, 27, 14, 27, 16, 2, 0, 0, 0, 0, 0]"
3170,<SOS>jarett<EOS>     ,boy,"['j', 'a', 'r', 'e', 't', 't']",6,1.0,"[1, 12, 3, 20, 7, 22, 22, 2, 0, 0, 0, 0, 0]"
5475,<SOS>marisa<EOS>     ,girl,"['m', 'a', 'r', 'i', 's', 'a']",6,0.0,"[1, 15, 3, 20, 11, 21, 3, 2, 0, 0, 0, 0, 0]"
5977,<SOS>crissy<EOS>     ,girl,"['c', 'r', 'i', 's', 's', 'y']",6,0.0,"[1, 5, 20, 11, 21, 21, 27, 2, 0, 0, 0, 0, 0]"
6776,<SOS>jamiya<EOS>     ,girl,"['j', 'a', 'm', 'i', 'y', 'a']",6,0.0,"[1, 12, 3, 15, 11, 27, 3, 2, 0, 0, 0, 0, 0]"
5402,<SOS>brinda<EOS>     ,girl,"['b', 'r', 'i', 'n', 'd', 'a']",6,0.0,"[1, 4, 20, 11, 16, 6, 3, 2, 0, 0, 0, 0, 0]"
3995,<SOS>lillis<EOS>     ,girl,"['l', 'i', 'l', 'l', 'i', 's']",6,0.0,"[1, 14, 11, 14, 14, 11, 21, 2, 0, 0, 0, 0, 0]"
5155,<SOS>sheryl<EOS>     ,girl,"['s', 'h', 'e', 'r', 'y', 'l']",6,0.0,"[1, 21, 10, 7, 20, 27, 14, 2, 0, 0, 0, 0, 0]"
696,<SOS>dayton<EOS>     ,boy,"['d', 'a', 'y', 't', 'o', 'n']",6,1.0,"[1, 6, 3, 27, 22, 17, 16, 2, 0, 0, 0, 0, 0]"
1749,<SOS>samson<EOS>     ,boy,"['s', 'a', 'm', 's', 'o', 'n']",6,1.0,"[1, 21, 3, 15, 21, 17, 16, 2, 0, 0, 0, 0, 0]"
3924,<SOS>maymie<EOS>     ,girl,"['m', 'a', 'y', 'm', 'i', 'e']",6,0.0,"[1, 15, 3, 27, 15, 11, 7, 2, 0, 0, 0, 0, 0]"
572,<SOS>baxter<EOS>     ,boy,"['b', 'a', 'x', 't', 'e', 'r']",6,1.0,"[1, 4, 3, 26, 22, 7, 20, 2, 0, 0, 0, 0, 0]"
1639,<SOS>gerard<EOS>     ,boy,"['g', 'e', 'r', 'a', 'r', 'd']",6,1.0,"[1, 9, 7, 20, 3, 20, 6, 2, 0, 0, 0, 0, 0]"
2490,<SOS>renard<EOS>     ,boy,"['r', 'e', 'n', 'a', 'r', 'd']",6,1.0,"[1, 20, 7, 16, 3, 20, 6, 2, 0, 0, 0, 0, 0]"
115,<SOS>harold<EOS>     ,boy,"['h', 'a', 'r', 'o', 'l', 'd']",6,1.0,"[1, 10, 3, 20, 17, 14, 6, 2, 0, 0, 0, 0, 0]"
2677,<SOS>jeramy<EOS>     ,boy,"['j', 'e', 'r', 'a', 'm', 'y']",6,1.0,"[1, 12, 7, 20, 3, 15, 27, 2, 0, 0, 0, 0, 0]"
1230,<SOS>french<EOS>     ,boy,"['f', 'r', 'e', 'n', 'c', 'h']",6,1.0,"[1, 8, 20, 7, 16, 5, 10, 2, 0, 0, 0, 0, 0]"
1523,<SOS>fuller<EOS>     ,boy,"['f', 'u', 'l', 'l', 'e', 'r']",6,1.0,"[1, 8, 23, 14, 14, 7, 20, 2, 0, 0, 0, 0, 0]"
1710,<SOS>jonnie<EOS>     ,boy,"['j', 'o', 'n', 'n', 'i', 'e']",6,1.0,"[1, 12, 17, 16, 16, 11, 7, 2, 0, 0, 0, 0, 0]"
3391,<SOS>landan<EOS>     ,boy,"['l', 'a', 'n', 'd', 'a', 'n']",6,1.0,"[1, 14, 3, 16, 6, 3, 16, 2, 0, 0, 0, 0, 0]"
2567,<SOS>destry<EOS>     ,boy,"['d', 'e', 's', 't', 'r', 'y']",6,1.0,"[1, 6, 7, 21, 22, 20, 27, 2, 0, 0, 0, 0, 0]"
1113,<SOS>dennie<EOS>     ,boy,"['d', 'e', 'n', 'n', 'i', 'e']",6,1.0,"[1, 6, 7, 16, 16, 11, 7, 2, 0, 0, 0, 0, 0]"
3180,<SOS>jajuan<EOS>     ,boy,"['j', 'a', 'j', 'u', 'a', 'n']",6,1.0,"[1, 12, 3, 12, 23, 3, 16, 2, 0, 0, 0, 0, 0]"
6266,<SOS>symone<EOS>     ,girl,"['s', 'y', 'm', 'o', 'n', 'e']",6,0.0,"[1, 21, 27, 15, 17, 16, 7, 2, 0, 0, 0, 0, 0]"
5169,<SOS>deanne<EOS>     ,girl,"['d', 'e', 'a', 'n', 'n', 'e']",6,0.0,"[1, 6, 7, 3, 16, 16, 7, 2, 0, 0, 0, 0, 0]"
166,<SOS>leslie<EOS>     ,boy,"['l', 'e', 's', 'l', 'i', 'e']",6,1.0,"[1, 14, 7, 21, 14, 11, 7, 2, 0, 0, 0, 0, 0]"
3405,<SOS>raiden<EOS>     ,boy,"['r', 'a', 'i', 'd', 'e', 'n']",6,1.0,"[1, 20, 3, 11, 6, 7, 16, 2, 0, 0, 0, 0, 0]"
2552,<SOS>jayson<EOS>     ,boy,"['j', 'a', 'y', 's', 'o', 'n']",6,1.0,"[1, 12, 3, 27, 21, 17, 16, 2, 0, 0, 0, 0, 0]"
2912,<SOS>durell<EOS>     ,boy,"['d', 'u', 'r', 'e', 'l', 'l']",6,1.0,"[1, 6, 23, 20, 7, 14, 14, 2, 0, 0, 0, 0, 0]"
3851,<SOS>almira<EOS>     ,girl,"['a', 'l', 'm', 'i', 'r', 'a']",6,0.0,"[1, 3, 14, 15, 11, 20, 3, 2, 0, 0, 0, 0, 0]"
1783,<SOS>moises<EOS>     ,boy,"['m', 'o', 'i', 's', 'e', 's']",6,1.0,"[1, 15, 17, 11, 21, 7, 21, 2, 0, 0, 0, 0, 0]"
6551,<SOS>hailie<EOS>     ,girl,"['h', 'a', 'i', 'l', 'i', 'e']",6,0.0,"[1, 10, 3, 11, 14, 11, 7, 2, 0, 0, 0, 0, 0]"
6527,<SOS>aniyah<EOS>     ,girl,"['a', 'n', 'i', 'y', 'a', 'h']",6,0.0,"[1, 3, 16, 11, 27, 3, 10, 2, 0, 0, 0, 0, 0]"
2582,<SOS>darian<EOS>     ,boy,"['d', 'a', 'r', 'i', 'a', 'n']",6,1.0,"[1, 6, 3, 20, 11, 3, 16, 2, 0, 0, 0, 0, 0]"
3453,<SOS>hannah<EOS>     ,girl,"['h', 'a', 'n', 'n', 'a', 'h']",6,0.0,"[1, 10, 3, 16, 16, 3, 10, 2, 0, 0, 0, 0, 0]"
2998,<SOS>trevon<EOS>     ,boy,"['t', 'r', 'e', 'v', 'o', 'n']",6,1.0,"[1, 22, 20, 7, 24, 17, 16, 2, 0, 0, 0, 0, 0]"
2111,<SOS>merwin<EOS>     ,boy,"['m', 'e', 'r', 'w', 'i', 'n']",6,1.0,"[1, 15, 7, 20, 25, 11, 16, 2, 0, 0, 0, 0, 0]"
6512,<SOS>jaycee<EOS>     ,girl,"['j', 'a', 'y', 'c', 'e', 'e']",6,0.0,"[1, 12, 3, 27, 5, 7, 7, 2, 0, 0, 0, 0, 0]"
1918,<SOS>eunice<EOS>     ,boy,"['e', 'u', 'n', 'i', 'c', 'e']",6,1.0,"[1, 7, 23, 16, 11, 5, 7, 2, 0, 0, 0, 0, 0]"
3372,<SOS>camryn<EOS>     ,boy,"['c', 'a', 'm', 'r', 'y', 'n']",6,1.0,"[1, 5, 3, 15, 20, 27, 16, 2, 0, 0, 0, 0, 0]"
756,<SOS>burley<EOS>     ,boy,"['b', 'u', 'r', 'l', 'e', 'y']",6,1.0,"[1, 4, 23, 20, 14, 7, 27, 2, 0, 0, 0, 0, 0]"
1366,<SOS>linton<EOS>     ,boy,"['l', 'i', 'n', 't', 'o', 'n']",6,1.0,"[1, 14, 11, 16, 22, 17, 16, 2, 0, 0, 0, 0, 0]"
359,<SOS>simeon<EOS>     ,boy,"['s', 'i', 'm', 'e', 'o', 'n']",6,1.0,"[1, 21, 11, 15, 7, 17, 16, 2, 0, 0, 0, 0, 0]"
2598,<SOS>dereck<EOS>     ,boy,"['d', 'e', 'r', 'e', 'c', 'k']",6,1.0,"[1, 6, 7, 20, 7, 5, 13, 2, 0, 0, 0, 0, 0]"
4110,<SOS>thursa<EOS>     ,girl,"['t', 'h', 'u', 'r', 's', 'a']",6,0.0,"[1, 22, 10, 23, 20, 21, 3, 2, 0, 0, 0, 0, 0]"
4585,<SOS>lethia<EOS>     ,girl,"['l', 'e', 't', 'h', 'i', 'a']",6,0.0,"[1, 14, 7, 22, 10, 11, 3, 2, 0, 0, 0, 0, 0]"
2330,<SOS>jeffry<EOS>     ,boy,"['j', 'e', 'f', 'f', 'r', 'y']",6,1.0,"[1, 12, 7, 8, 8, 20, 27, 2, 0, 0, 0, 0, 0]"
4112,<SOS>vannie<EOS>     ,girl,"['v', 'a', 'n', 'n', 'i', 'e']",6,0.0,"[1, 24, 3, 16, 16, 11, 7, 2, 0, 0, 0, 0, 0]"
6269,<SOS>lucero<EOS>     ,girl,"['l', 'u', 'c', 'e', 'r', 'o']",6,0.0,"[1, 14, 23, 5, 7, 20, 17, 2, 0, 0, 0, 0, 0]"
6401,<SOS>shania<EOS>     ,girl,"['s', 'h', 'a', 'n', 'i', 'a']",6,0.0,"[1, 21, 10, 3, 16, 11, 3, 2, 0, 0, 0, 0, 0]"
447,<SOS>foster<EOS>     ,boy,"['f', 'o', 's', 't', 'e', 'r']",6,1.0,"[1, 8, 17, 21, 22, 7, 20, 2, 0, 0, 0, 0, 0]"
443,<SOS>bryant<EOS>     ,boy,"['b', 'r', 'y', 'a', 'n', 't']",6,1.0,"[1, 4, 20, 27, 3, 16, 22, 2, 0, 0, 0, 0, 0]"
3172,<SOS>paxton<EOS>     ,boy,"['p', 'a', 'x', 't', 'o', 'n']",6,1.0,"[1, 18, 3, 26, 22, 17, 16, 2, 0, 0, 0, 0, 0]"
4314,<SOS>beckie<EOS>     ,girl,"['b', 'e', 'c', 'k', 'i', 'e']",6,0.0,"[1, 4, 7, 5, 13, 11, 7, 2, 0, 0, 0, 0, 0]"
232,<SOS>gordon<EOS>     ,boy,"['g', 'o', 'r', 'd', 'o', 'n']",6,1.0,"[1, 9, 17, 20, 6, 17, 16, 2, 0, 0, 0, 0, 0]"
595,<SOS>turner<EOS>     ,boy,"['t', 'u', 'r', 'n', 'e', 'r']",6,1.0,"[1, 22, 23, 20, 16, 7, 20, 2, 0, 0, 0, 0, 0]"
5934,<SOS>carina<EOS>     ,girl,"['c', 'a', 'r', 'i', 'n', 'a']",6,0.0,"[1, 5, 3, 20, 11, 16, 3, 2, 0, 0, 0, 0, 0]"
6478,<SOS>keeley<EOS>     ,girl,"['k', 'e', 'e', 'l', 'e', 'y']",6,0.0,"[1, 13, 7, 7, 14, 7, 27, 2, 0, 0, 0, 0, 0]"
248,<SOS>barney<EOS>     ,boy,"['b', 'a', 'r', 'n', 'e', 'y']",6,1.0,"[1, 4, 3, 20, 16, 7, 27, 2, 0, 0, 0, 0, 0]"
4610,<SOS>eloisa<EOS>     ,girl,"['e', 'l', 'o', 'i', 's', 'a']",6,0.0,"[1, 7, 14, 17, 11, 21, 3, 2, 0, 0, 0, 0, 0]"
2546,<SOS>anibal<EOS>     ,boy,"['a', 'n', 'i', 'b', 'a', 'l']",6,1.0,"[1, 3, 16, 11, 4, 3, 14, 2, 0, 0, 0, 0, 0]"
3121,<SOS>draven<EOS>     ,boy,"['d', 'r', 'a', 'v', 'e', 'n']",6,1.0,"[1, 6, 20, 3, 24, 7, 16, 2, 0, 0, 0, 0, 0]"
902,<SOS>vernie<EOS>     ,boy,"['v', 'e', 'r', 'n', 'i', 'e']",6,1.0,"[1, 24, 7, 20, 16, 11, 7, 2, 0, 0, 0, 0, 0]"
861,<SOS>harrie<EOS>     ,boy,"['h', 'a', 'r', 'r', 'i', 'e']",6,1.0,"[1, 10, 3, 20, 20, 11, 7, 2, 0, 0, 0, 0, 0]"
68,<SOS>oliver<EOS>     ,boy,"['o', 'l', 'i', 'v', 'e', 'r']",6,1.0,"[1, 17, 14, 11, 24, 7, 20, 2, 0, 0, 0, 0, 0]"
574,<SOS>buford<EOS>     ,boy,"['b', 'u', 'f', 'o', 'r', 'd']",6,1.0,"[1, 4, 23, 8, 17, 20, 6, 2, 0, 0, 0, 0, 0]"
1016,<SOS>orange<EOS>     ,boy,"['o', 'r', 'a', 'n', 'g', 'e']",6,1.0,"[1, 17, 20, 3, 16, 9, 7, 2, 0, 0, 0, 0, 0]"
4732,<SOS>vlasta<EOS>     ,girl,"['v', 'l', 'a', 's', 't', 'a']",6,0.0,"[1, 24, 14, 3, 21, 22, 3, 2, 0, 0, 0, 0, 0]"
4007,<SOS>nealie<EOS>     ,girl,"['n', 'e', 'a', 'l', 'i', 'e']",6,0.0,"[1, 16, 7, 3, 14, 11, 7, 2, 0, 0, 0, 0, 0]"
6623,<SOS>maleah<EOS>     ,girl,"['m', 'a', 'l', 'e', 'a', 'h']",6,0.0,"[1, 15, 3, 14, 7, 3, 10, 2, 0, 0, 0, 0, 0]"
5602,<SOS>delisa<EOS>     ,girl,"['d', 'e', 'l', 'i', 's', 'a']",6,0.0,"[1, 6, 7, 14, 11, 21, 3, 2, 0, 0, 0, 0, 0]"
4952,<SOS>doreen<EOS>     ,girl,"['d', 'o', 'r', 'e', 'e', 'n']",6,0.0,"[1, 6, 17, 20, 7, 7, 16, 2, 0, 0, 0, 0, 0]"
1602,<SOS>horton<EOS>     ,boy,"['h', 'o', 'r', 't', 'o', 'n']",6,1.0,"[1, 10, 17, 20, 22, 17, 16, 2, 0, 0, 0, 0, 0]"
5647,<SOS>brigid<EOS>     ,girl,"['b', 'r', 'i', 'g', 'i', 'd']",6,0.0,"[1, 4, 20, 11, 9, 11, 6, 2, 0, 0, 0, 0, 0]"
1100,<SOS>belton<EOS>     ,boy,"['b', 'e', 'l', 't', 'o', 'n']",6,1.0,"[1, 4, 7, 14, 22, 17, 16, 2, 0, 0, 0, 0, 0]"
970,<SOS>hardie<EOS>     ,boy,"['h', 'a', 'r', 'd', 'i', 'e']",6,1.0,"[1, 10, 3, 20, 6, 11, 7, 2, 0, 0, 0, 0, 0]"
6569,<SOS>janiya<EOS>     ,girl,"['j', 'a', 'n', 'i', 'y', 'a']",6,0.0,"[1, 12, 3, 16, 11, 27, 3, 2, 0, 0, 0, 0, 0]"
2588,<SOS>jarrod<EOS>     ,boy,"['j', 'a', 'r', 'r', 'o', 'd']",6,1.0,"[1, 12, 3, 20, 20, 17, 6, 2, 0, 0, 0, 0, 0]"
307,<SOS>forest<EOS>     ,boy,"['f', 'o', 'r', 'e', 's', 't']",6,1.0,"[1, 8, 17, 20, 7, 21, 22, 2, 0, 0, 0, 0, 0]"
1385,<SOS>tollie<EOS>     ,boy,"['t', 'o', 'l', 'l', 'i', 'e']",6,1.0,"[1, 22, 17, 14, 14, 11, 7, 2, 0, 0, 0, 0, 0]"
5527,<SOS>karrie<EOS>     ,girl,"['k', 'a', 'r', 'r', 'i', 'e']",6,0.0,"[1, 13, 3, 20, 20, 11, 7, 2, 0, 0, 0, 0, 0]"
5788,<SOS>ayanna<EOS>     ,girl,"['a', 'y', 'a', 'n', 'n', 'a']",6,0.0,"[1, 3, 27, 3, 16, 16, 3, 2, 0, 0, 0, 0, 0]"
2402,<SOS>ezzard<EOS>     ,boy,"['e', 'z', 'z', 'a', 'r', 'd']",6,1.0,"[1, 7, 28, 28, 3, 20, 6, 2, 0, 0, 0, 0, 0]"
7,<SOS>thomas<EOS>     ,boy,"['t', 'h', 'o', 'm', 'a', 's']",6,1.0,"[1, 22, 10, 17, 15, 3, 21, 2, 0, 0, 0, 0, 0]"
6457,<SOS>joslyn<EOS>     ,girl,"['j', 'o', 's', 'l', 'y', 'n']",6,0.0,"[1, 12, 17, 21, 14, 27, 16, 2, 0, 0, 0, 0, 0]"
465,<SOS>casper<EOS>     ,boy,"['c', 'a', 's', 'p', 'e', 'r']",6,1.0,"[1, 5, 3, 21, 18, 7, 20, 2, 0, 0, 0, 0, 0]"
4325,<SOS>dellie<EOS>     ,girl,"['d', 'e', 'l', 'l', 'i', 'e']",6,0.0,"[1, 6, 7, 14, 14, 11, 7, 2, 0, 0, 0, 0, 0]"
2212,<SOS>derald<EOS>     ,boy,"['d', 'e', 'r', 'a', 'l', 'd']",6,1.0,"[1, 6, 7, 20, 3, 14, 6, 2, 0, 0, 0, 0, 0]"
6423,<SOS>annika<EOS>     ,girl,"['a', 'n', 'n', 'i', 'k', 'a']",6,0.0,"[1, 3, 16, 16, 11, 13, 3, 2, 0, 0, 0, 0, 0]"
6648,<SOS>karyme<EOS>     ,girl,"['k', 'a', 'r', 'y', 'm', 'e']",6,0.0,"[1, 13, 3, 20, 27, 15, 7, 2, 0, 0, 0, 0, 0]"
5611,<SOS>deneen<EOS>     ,girl,"['d', 'e', 'n', 'e', 'e', 'n']",6,0.0,"[1, 6, 7, 16, 7, 7, 16, 2, 0, 0, 0, 0, 0]"
6393,<SOS>shyann<EOS>     ,girl,"['s', 'h', 'y', 'a', 'n', 'n']",6,0.0,"[1, 21, 10, 27, 3, 16, 16, 2, 0, 0, 0, 0, 0]"
1136,<SOS>joesph<EOS>     ,boy,"['j', 'o', 'e', 's', 'p', 'h']",6,1.0,"[1, 12, 17, 7, 21, 18, 10, 2, 0, 0, 0, 0, 0]"
486,<SOS>cicero<EOS>     ,boy,"['c', 'i', 'c', 'e', 'r', 'o']",6,1.0,"[1, 5, 11, 5, 7, 20, 17, 2, 0, 0, 0, 0, 0]"
3546,<SOS>lucile<EOS>     ,girl,"['l', 'u', 'c', 'i', 'l', 'e']",6,0.0,"[1, 14, 23, 5, 11, 14, 7, 2, 0, 0, 0, 0, 0]"
4563,<SOS>vergie<EOS>     ,girl,"['v', 'e', 'r', 'g', 'i', 'e']",6,0.0,"[1, 24, 7, 20, 9, 11, 7, 2, 0, 0, 0, 0, 0]"
1370,<SOS>loring<EOS>     ,boy,"['l', 'o', 'r', 'i', 'n', 'g']",6,1.0,"[1, 14, 17, 20, 11, 16, 9, 2, 0, 0, 0, 0, 0]"
2133,<SOS>berlin<EOS>     ,boy,"['b', 'e', 'r', 'l', 'i', 'n']",6,1.0,"[1, 4, 7, 20, 14, 11, 16, 2, 0, 0, 0, 0, 0]"
2127,<SOS>hughes<EOS>     ,boy,"['h', 'u', 'g', 'h', 'e', 's']",6,1.0,"[1, 10, 23, 9, 10, 7, 21, 2, 0, 0, 0, 0, 0]"
4333,<SOS>prudie<EOS>     ,girl,"['p', 'r', 'u', 'd', 'i', 'e']",6,0.0,"[1, 18, 20, 23, 6, 11, 7, 2, 0, 0, 0, 0, 0]"
4312,<SOS>pennie<EOS>     ,girl,"['p', 'e', 'n', 'n', 'i', 'e']",6,0.0,"[1, 18, 7, 16, 16, 11, 7, 2, 0, 0, 0, 0, 0]"
2171,<SOS>ramiro<EOS>     ,boy,"['r', 'a', 'm', 'i', 'r', 'o']",6,1.0,"[1, 20, 3, 15, 11, 20, 17, 2, 0, 0, 0, 0, 0]"
3422,<SOS>urijah<EOS>     ,boy,"['u', 'r', 'i', 'j', 'a', 'h']",6,1.0,"[1, 23, 20, 11, 12, 3, 10, 2, 0, 0, 0, 0, 0]"
4738,<SOS>imelda<EOS>     ,girl,"['i', 'm', 'e', 'l', 'd', 'a']",6,0.0,"[1, 11, 15, 7, 14, 6, 3, 2, 0, 0, 0, 0, 0]"
3988,<SOS>joella<EOS>     ,girl,"['j', 'o', 'e', 'l', 'l', 'a']",6,0.0,"[1, 12, 17, 7, 14, 14, 3, 2, 0, 0, 0, 0, 0]"
5190,<SOS>maryjo<EOS>     ,girl,"['m', 'a', 'r', 'y', 'j', 'o']",6,0.0,"[1, 15, 3, 20, 27, 12, 17, 2, 0, 0, 0, 0, 0]"
1314,<SOS>irvine<EOS>     ,boy,"['i', 'r', 'v', 'i', 'n', 'e']",6,1.0,"[1, 11, 20, 24, 11, 16, 7, 2, 0, 0, 0, 0, 0]"
2636,<SOS>lazaro<EOS>     ,boy,"['l', 'a', 'z', 'a', 'r', 'o']",6,1.0,"[1, 14, 3, 28, 3, 20, 17, 2, 0, 0, 0, 0, 0]"
1307,<SOS>rogers<EOS>     ,boy,"['r', 'o', 'g', 'e', 'r', 's']",6,1.0,"[1, 20, 17, 9, 7, 20, 21, 2, 0, 0, 0, 0, 0]"
3109,<SOS>destin<EOS>     ,boy,"['d', 'e', 's', 't', 'i', 'n']",6,1.0,"[1, 6, 7, 21, 22, 11, 16, 2, 0, 0, 0, 0, 0]"
6014,<SOS>sharee<EOS>     ,girl,"['s', 'h', 'a', 'r', 'e', 'e']",6,0.0,"[1, 21, 10, 3, 20, 7, 7, 2, 0, 0, 0, 0, 0]"
5981,<SOS>krissy<EOS>     ,girl,"['k', 'r', 'i', 's', 's', 'y']",6,0.0,"[1, 13, 20, 11, 21, 21, 27, 2, 0, 0, 0, 0, 0]"
6676,<SOS>arleth<EOS>     ,girl,"['a', 'r', 'l', 'e', 't', 'h']",6,0.0,"[1, 3, 20, 14, 7, 22, 10, 2, 0, 0, 0, 0, 0]"
5831,<SOS>nikita<EOS>     ,girl,"['n', 'i', 'k', 'i', 't', 'a']",6,0.0,"[1, 16, 11, 13, 11, 22, 3, 2, 0, 0, 0, 0, 0]"
3160,<SOS>gianni<EOS>     ,boy,"['g', 'i', 'a', 'n', 'n', 'i']",6,1.0,"[1, 9, 11, 3, 16, 16, 11, 2, 0, 0, 0, 0, 0]"
5577,<SOS>barbie<EOS>     ,girl,"['b', 'a', 'r', 'b', 'i', 'e']",6,0.0,"[1, 4, 3, 20, 4, 11, 7, 2, 0, 0, 0, 0, 0]"
5315,<SOS>sharyl<EOS>     ,girl,"['s', 'h', 'a', 'r', 'y', 'l']",6,0.0,"[1, 21, 10, 3, 20, 27, 14, 2, 0, 0, 0, 0, 0]"
854,<SOS>friend<EOS>     ,boy,"['f', 'r', 'i', 'e', 'n', 'd']",6,1.0,"[1, 8, 20, 11, 7, 16, 6, 2, 0, 0, 0, 0, 0]"
5434,<SOS>sheree<EOS>     ,girl,"['s', 'h', 'e', 'r', 'e', 'e']",6,0.0,"[1, 21, 10, 7, 20, 7, 7, 2, 0, 0, 0, 0, 0]"
1807,<SOS>vinton<EOS>     ,boy,"['v', 'i', 'n', 't', 'o', 'n']",6,1.0,"[1, 24, 11, 16, 22, 17, 16, 2, 0, 0, 0, 0, 0]"
6595,<SOS>aubrie<EOS>     ,girl,"['a', 'u', 'b', 'r', 'i', 'e']",6,0.0,"[1, 3, 23, 4, 20, 11, 7, 2, 0, 0, 0, 0, 0]"
1777,<SOS>dannie<EOS>     ,boy,"['d', 'a', 'n', 'n', 'i', 'e']",6,1.0,"[1, 6, 3, 16, 16, 11, 7, 2, 0, 0, 0, 0, 0]"
4800,<SOS>girtha<EOS>     ,girl,"['g', 'i', 'r', 't', 'h', 'a']",6,0.0,"[1, 9, 11, 20, 22, 10, 3, 2, 0, 0, 0, 0, 0]"
1780,<SOS>jeffie<EOS>     ,boy,"['j', 'e', 'f', 'f', 'i', 'e']",6,1.0,"[1, 12, 7, 8, 8, 11, 7, 2, 0, 0, 0, 0, 0]"
3368,<SOS>karter<EOS>     ,boy,"['k', 'a', 'r', 't', 'e', 'r']",6,1.0,"[1, 13, 3, 20, 22, 7, 20, 2, 0, 0, 0, 0, 0]"
3642,<SOS>pinkie<EOS>     ,girl,"['p', 'i', 'n', 'k', 'i', 'e']",6,0.0,"[1, 18, 11, 16, 13, 11, 7, 2, 0, 0, 0, 0, 0]"
6722,<SOS>dahlia<EOS>     ,girl,"['d', 'a', 'h', 'l', 'i', 'a']",6,0.0,"[1, 6, 3, 10, 14, 11, 3, 2, 0, 0, 0, 0, 0]"
3839,<SOS>maudie<EOS>     ,girl,"['m', 'a', 'u', 'd', 'i', 'e']",6,0.0,"[1, 15, 3, 23, 6, 11, 7, 2, 0, 0, 0, 0, 0]"
5437,<SOS>sherie<EOS>     ,girl,"['s', 'h', 'e', 'r', 'i', 'e']",6,0.0,"[1, 21, 10, 7, 20, 11, 7, 2, 0, 0, 0, 0, 0]"
4292,<SOS>daisye<EOS>     ,girl,"['d', 'a', 'i', 's', 'y', 'e']",6,0.0,"[1, 6, 3, 11, 21, 27, 7, 2, 0, 0, 0, 0, 0]"
5455,<SOS>gisele<EOS>     ,girl,"['g', 'i', 's', 'e', 'l', 'e']",6,0.0,"[1, 9, 11, 21, 7, 14, 7, 2, 0, 0, 0, 0, 0]"
1178,<SOS>wright<EOS>     ,boy,"['w', 'r', 'i', 'g', 'h', 't']",6,1.0,"[1, 25, 20, 11, 9, 10, 22, 2, 0, 0, 0, 0, 0]"
4131,<SOS>cammie<EOS>     ,girl,"['c', 'a', 'm', 'm', 'i', 'e']",6,0.0,"[1, 5, 3, 15, 15, 11, 7, 2, 0, 0, 0, 0, 0]"
273,<SOS>lucius<EOS>     ,boy,"['l', 'u', 'c', 'i', 'u', 's']",6,1.0,"[1, 14, 23, 5, 11, 23, 21, 2, 0, 0, 0, 0, 0]"
3930,<SOS>otelia<EOS>     ,girl,"['o', 't', 'e', 'l', 'i', 'a']",6,0.0,"[1, 17, 22, 7, 14, 11, 3, 2, 0, 0, 0, 0, 0]"
3203,<SOS>jelani<EOS>     ,boy,"['j', 'e', 'l', 'a', 'n', 'i']",6,1.0,"[1, 12, 7, 14, 3, 16, 11, 2, 0, 0, 0, 0, 0]"
6385,<SOS>bailee<EOS>     ,girl,"['b', 'a', 'i', 'l', 'e', 'e']",6,0.0,"[1, 4, 3, 11, 14, 7, 7, 2, 0, 0, 0, 0, 0]"
1313,<SOS>hilton<EOS>     ,boy,"['h', 'i', 'l', 't', 'o', 'n']",6,1.0,"[1, 10, 11, 14, 22, 17, 16, 2, 0, 0, 0, 0, 0]"
2841,<SOS>garett<EOS>     ,boy,"['g', 'a', 'r', 'e', 't', 't']",6,1.0,"[1, 9, 3, 20, 7, 22, 22, 2, 0, 0, 0, 0, 0]"
5703,<SOS>cristy<EOS>     ,girl,"['c', 'r', 'i', 's', 't', 'y']",6,0.0,"[1, 5, 20, 11, 21, 22, 27, 2, 0, 0, 0, 0, 0]"
4006,<SOS>monica<EOS>     ,girl,"['m', 'o', 'n', 'i', 'c', 'a']",6,0.0,"[1, 15, 17, 16, 11, 5, 3, 2, 0, 0, 0, 0, 0]"
2622,<SOS>damion<EOS>     ,boy,"['d', 'a', 'm', 'i', 'o', 'n']",6,1.0,"[1, 6, 3, 15, 11, 17, 16, 2, 0, 0, 0, 0, 0]"
2562,<SOS>pamela<EOS>     ,boy,"['p', 'a', 'm', 'e', 'l', 'a']",6,1.0,"[1, 18, 3, 15, 7, 14, 3, 2, 0, 0, 0, 0, 0]"
282,<SOS>burton<EOS>     ,boy,"['b', 'u', 'r', 't', 'o', 'n']",6,1.0,"[1, 4, 23, 20, 22, 17, 16, 2, 0, 0, 0, 0, 0]"
4262,<SOS>siddie<EOS>     ,girl,"['s', 'i', 'd', 'd', 'i', 'e']",6,0.0,"[1, 21, 11, 6, 6, 11, 7, 2, 0, 0, 0, 0, 0]"
3242,<SOS>kayden<EOS>     ,boy,"['k', 'a', 'y', 'd', 'e', 'n']",6,1.0,"[1, 13, 3, 27, 6, 7, 16, 2, 0, 0, 0, 0, 0]"
2942,<SOS>payton<EOS>     ,boy,"['p', 'a', 'y', 't', 'o', 'n']",6,1.0,"[1, 18, 3, 27, 22, 17, 16, 2, 0, 0, 0, 0, 0]"
2219,<SOS>genaro<EOS>     ,boy,"['g', 'e', 'n', 'a', 'r', 'o']",6,1.0,"[1, 9, 7, 16, 3, 20, 17, 2, 0, 0, 0, 0, 0]"
332,<SOS>merton<EOS>     ,boy,"['m', 'e', 'r', 't', 'o', 'n']",6,1.0,"[1, 15, 7, 20, 22, 17, 16, 2, 0, 0, 0, 0, 0]"
328,<SOS>dudley<EOS>     ,boy,"['d', 'u', 'd', 'l', 'e', 'y']",6,1.0,"[1, 6, 23, 6, 14, 7, 27, 2, 0, 0, 0, 0, 0]"
4637,<SOS>daphne<EOS>     ,girl,"['d', 'a', 'p', 'h', 'n', 'e']",6,0.0,"[1, 6, 3, 18, 10, 16, 7, 2, 0, 0, 0, 0, 0]"
6444,<SOS>kaylah<EOS>     ,girl,"['k', 'a', 'y', 'l', 'a', 'h']",6,0.0,"[1, 13, 3, 27, 14, 3, 10, 2, 0, 0, 0, 0, 0]"
6383,<SOS>kianna<EOS>     ,girl,"['k', 'i', 'a', 'n', 'n', 'a']",6,0.0,"[1, 13, 11, 3, 16, 16, 3, 2, 0, 0, 0, 0, 0]"
12,<SOS>walter<EOS>     ,boy,"['w', 'a', 'l', 't', 'e', 'r']",6,1.0,"[1, 25, 3, 14, 22, 7, 20, 2, 0, 0, 0, 0, 0]"
4291,<SOS>cyntha<EOS>     ,girl,"['c', 'y', 'n', 't', 'h', 'a']",6,0.0,"[1, 5, 27, 16, 22, 10, 3, 2, 0, 0, 0, 0, 0]"
6445,<SOS>sarahi<EOS>     ,girl,"['s', 'a', 'r', 'a', 'h', 'i']",6,0.0,"[1, 21, 3, 20, 3, 10, 11, 2, 0, 0, 0, 0, 0]"
5768,<SOS>trista<EOS>     ,girl,"['t', 'r', 'i', 's', 't', 'a']",6,0.0,"[1, 22, 20, 11, 21, 22, 3, 2, 0, 0, 0, 0, 0]"
3210,<SOS>jensen<EOS>     ,boy,"['j', 'e', 'n', 's', 'e', 'n']",6,1.0,"[1, 12, 7, 16, 21, 7, 16, 2, 0, 0, 0, 0, 0]"
1245,<SOS>mattie<EOS>     ,boy,"['m', 'a', 't', 't', 'i', 'e']",6,1.0,"[1, 15, 3, 22, 22, 11, 7, 2, 0, 0, 0, 0, 0]"
3369,<SOS>damari<EOS>     ,boy,"['d', 'a', 'm', 'a', 'r', 'i']",6,1.0,"[1, 6, 3, 15, 3, 20, 11, 2, 0, 0, 0, 0, 0]"
4713,<SOS>alleen<EOS>     ,girl,"['a', 'l', 'l', 'e', 'e', 'n']",6,0.0,"[1, 3, 14, 14, 7, 7, 16, 2, 0, 0, 0, 0, 0]"
3498,<SOS>dollie<EOS>     ,girl,"['d', 'o', 'l', 'l', 'i', 'e']",6,0.0,"[1, 6, 17, 14, 14, 11, 7, 2, 0, 0, 0, 0, 0]"
3667,<SOS>gracie<EOS>     ,girl,"['g', 'r', 'a', 'c', 'i', 'e']",6,0.0,"[1, 9, 20, 3, 5, 11, 7, 2, 0, 0, 0, 0, 0]"
3070,<SOS>jaylen<EOS>     ,boy,"['j', 'a', 'y', 'l', 'e', 'n']",6,1.0,"[1, 12, 3, 27, 14, 7, 16, 2, 0, 0, 0, 0, 0]"
5783,<SOS>treena<EOS>     ,girl,"['t', 'r', 'e', 'e', 'n', 'a']",6,0.0,"[1, 22, 20, 7, 7, 16, 3, 2, 0, 0, 0, 0, 0]"
2722,<SOS>jabbar<EOS>     ,boy,"['j', 'a', 'b', 'b', 'a', 'r']",6,1.0,"[1, 12, 3, 4, 4, 3, 20, 2, 0, 0, 0, 0, 0]"
3341,<SOS>landyn<EOS>     ,boy,"['l', 'a', 'n', 'd', 'y', 'n']",6,1.0,"[1, 14, 3, 16, 6, 27, 16, 2, 0, 0, 0, 0, 0]"
6308,<SOS>alexus<EOS>     ,girl,"['a', 'l', 'e', 'x', 'u', 's']",6,0.0,"[1, 3, 14, 7, 26, 23, 21, 2, 0, 0, 0, 0, 0]"
1255,<SOS>vester<EOS>     ,boy,"['v', 'e', 's', 't', 'e', 'r']",6,1.0,"[1, 24, 7, 21, 22, 7, 20, 2, 0, 0, 0, 0, 0]"
3738,<SOS>serena<EOS>     ,girl,"['s', 'e', 'r', 'e', 'n', 'a']",6,0.0,"[1, 21, 7, 20, 7, 16, 3, 2, 0, 0, 0, 0, 0]"
3850,<SOS>adline<EOS>     ,girl,"['a', 'd', 'l', 'i', 'n', 'e']",6,0.0,"[1, 3, 6, 14, 11, 16, 7, 2, 0, 0, 0, 0, 0]"
178,<SOS>wilson<EOS>     ,boy,"['w', 'i', 'l', 's', 'o', 'n']",6,1.0,"[1, 25, 11, 14, 21, 17, 16, 2, 0, 0, 0, 0, 0]"
3388,<SOS>jasiah<EOS>     ,boy,"['j', 'a', 's', 'i', 'a', 'h']",6,1.0,"[1, 12, 3, 21, 11, 3, 10, 2, 0, 0, 0, 0, 0]"
2234,<SOS>dickie<EOS>     ,boy,"['d', 'i', 'c', 'k', 'i', 'e']",6,1.0,"[1, 6, 11, 5, 13, 11, 7, 2, 0, 0, 0, 0, 0]"
2152,<SOS>laddie<EOS>     ,boy,"['l', 'a', 'd', 'd', 'i', 'e']",6,1.0,"[1, 14, 3, 6, 6, 11, 7, 2, 0, 0, 0, 0, 0]"
4971,<SOS>arlyne<EOS>     ,girl,"['a', 'r', 'l', 'y', 'n', 'e']",6,0.0,"[1, 3, 20, 14, 27, 16, 7, 2, 0, 0, 0, 0, 0]"
4230,<SOS>chloie<EOS>     ,girl,"['c', 'h', 'l', 'o', 'i', 'e']",6,0.0,"[1, 5, 10, 14, 17, 11, 7, 2, 0, 0, 0, 0, 0]"
2253,<SOS>darvin<EOS>     ,boy,"['d', 'a', 'r', 'v', 'i', 'n']",6,1.0,"[1, 6, 3, 20, 24, 11, 16, 2, 0, 0, 0, 0, 0]"
688,<SOS>butler<EOS>     ,boy,"['b', 'u', 't', 'l', 'e', 'r']",6,1.0,"[1, 4, 23, 22, 14, 7, 20, 2, 0, 0, 0, 0, 0]"
6467,<SOS>raegan<EOS>     ,girl,"['r', 'a', 'e', 'g', 'a', 'n']",6,0.0,"[1, 20, 3, 7, 9, 3, 16, 2, 0, 0, 0, 0, 0]"
4036,<SOS>caddie<EOS>     ,girl,"['c', 'a', 'd', 'd', 'i', 'e']",6,0.0,"[1, 5, 3, 6, 6, 11, 7, 2, 0, 0, 0, 0, 0]"
3964,<SOS>clemie<EOS>     ,girl,"['c', 'l', 'e', 'm', 'i', 'e']",6,0.0,"[1, 5, 14, 7, 15, 11, 7, 2, 0, 0, 0, 0, 0]"
1997,<SOS>welton<EOS>     ,boy,"['w', 'e', 'l', 't', 'o', 'n']",6,1.0,"[1, 25, 7, 14, 22, 17, 16, 2, 0, 0, 0, 0, 0]"
5950,<SOS>hayley<EOS>     ,girl,"['h', 'a', 'y', 'l', 'e', 'y']",6,0.0,"[1, 10, 3, 27, 14, 7, 27, 2, 0, 0, 0, 0, 0]"
4045,<SOS>elaine<EOS>     ,girl,"['e', 'l', 'a', 'i', 'n', 'e']",6,0.0,"[1, 7, 14, 3, 11, 16, 7, 2, 0, 0, 0, 0, 0]"
6330,<SOS>ivonne<EOS>     ,girl,"['i', 'v', 'o', 'n', 'n', 'e']",6,0.0,"[1, 11, 24, 17, 16, 16, 7, 2, 0, 0, 0, 0, 0]"
2336,<SOS>rickey<EOS>     ,boy,"['r', 'i', 'c', 'k', 'e', 'y']",6,1.0,"[1, 20, 11, 5, 13, 7, 27, 2, 0, 0, 0, 0, 0]"
6587,<SOS>meadow<EOS>     ,girl,"['m', 'e', 'a', 'd', 'o', 'w']",6,0.0,"[1, 15, 7, 3, 6, 17, 25, 2, 0, 0, 0, 0, 0]"
1275,<SOS>eldred<EOS>     ,boy,"['e', 'l', 'd', 'r', 'e', 'd']",6,1.0,"[1, 7, 14, 6, 20, 7, 6, 2, 0, 0, 0, 0, 0]"
1800,<SOS>hezzie<EOS>     ,boy,"['h', 'e', 'z', 'z', 'i', 'e']",6,1.0,"[1, 10, 7, 28, 28, 11, 7, 2, 0, 0, 0, 0, 0]"
2898,<SOS>jerrad<EOS>     ,boy,"['j', 'e', 'r', 'r', 'a', 'd']",6,1.0,"[1, 12, 7, 20, 20, 3, 6, 2, 0, 0, 0, 0, 0]"
3743,<SOS>celina<EOS>     ,girl,"['c', 'e', 'l', 'i', 'n', 'a']",6,0.0,"[1, 5, 7, 14, 11, 16, 3, 2, 0, 0, 0, 0, 0]"
3348,<SOS>deacon<EOS>     ,boy,"['d', 'e', 'a', 'c', 'o', 'n']",6,1.0,"[1, 6, 7, 3, 5, 17, 16, 2, 0, 0, 0, 0, 0]"
9,<SOS>robert<EOS>     ,boy,"['r', 'o', 'b', 'e', 'r', 't']",6,1.0,"[1, 20, 17, 4, 7, 20, 22, 2, 0, 0, 0, 0, 0]"
3927,<SOS>neppie<EOS>     ,girl,"['n', 'e', 'p', 'p', 'i', 'e']",6,0.0,"[1, 16, 7, 18, 18, 11, 7, 2, 0, 0, 0, 0, 0]"
3114,<SOS>bryton<EOS>     ,boy,"['b', 'r', 'y', 't', 'o', 'n']",6,1.0,"[1, 4, 20, 27, 22, 17, 16, 2, 0, 0, 0, 0, 0]"
3652,<SOS>edythe<EOS>     ,girl,"['e', 'd', 'y', 't', 'h', 'e']",6,0.0,"[1, 7, 6, 27, 22, 10, 7, 2, 0, 0, 0, 0, 0]"
4951,<SOS>marina<EOS>     ,girl,"['m', 'a', 'r', 'i', 'n', 'a']",6,0.0,"[1, 15, 3, 20, 11, 16, 3, 2, 0, 0, 0, 0, 0]"
2946,<SOS>conner<EOS>     ,boy,"['c', 'o', 'n', 'n', 'e', 'r']",6,1.0,"[1, 5, 17, 16, 16, 7, 20, 2, 0, 0, 0, 0, 0]"
2635,<SOS>trever<EOS>     ,boy,"['t', 'r', 'e', 'v', 'e', 'r']",6,1.0,"[1, 22, 20, 7, 24, 7, 20, 2, 0, 0, 0, 0, 0]"
52,<SOS>eugene<EOS>     ,boy,"['e', 'u', 'g', 'e', 'n', 'e']",6,1.0,"[1, 7, 23, 9, 7, 16, 7, 2, 0, 0, 0, 0, 0]"
5617,<SOS>renata<EOS>     ,girl,"['r', 'e', 'n', 'a', 't', 'a']",6,0.0,"[1, 20, 7, 16, 3, 22, 3, 2, 0, 0, 0, 0, 0]"
3275,<SOS>jakobe<EOS>     ,boy,"['j', 'a', 'k', 'o', 'b', 'e']",6,1.0,"[1, 12, 3, 13, 17, 4, 7, 2, 0, 0, 0, 0, 0]"
3865,<SOS>evalyn<EOS>     ,girl,"['e', 'v', 'a', 'l', 'y', 'n']",6,0.0,"[1, 7, 24, 3, 14, 27, 16, 2, 0, 0, 0, 0, 0]"
2752,<SOS>jabari<EOS>     ,boy,"['j', 'a', 'b', 'a', 'r', 'i']",6,1.0,"[1, 12, 3, 4, 3, 20, 11, 2, 0, 0, 0, 0, 0]"
3571,<SOS>margie<EOS>     ,girl,"['m', 'a', 'r', 'g', 'i', 'e']",6,0.0,"[1, 15, 3, 20, 9, 11, 7, 2, 0, 0, 0, 0, 0]"
5181,<SOS>janyce<EOS>     ,girl,"['j', 'a', 'n', 'y', 'c', 'e']",6,0.0,"[1, 12, 3, 16, 27, 5, 7, 2, 0, 0, 0, 0, 0]"
5185,<SOS>noreta<EOS>     ,girl,"['n', 'o', 'r', 'e', 't', 'a']",6,0.0,"[1, 16, 17, 20, 7, 22, 3, 2, 0, 0, 0, 0, 0]"
2868,<SOS>connor<EOS>     ,boy,"['c', 'o', 'n', 'n', 'o', 'r']",6,1.0,"[1, 5, 17, 16, 16, 17, 20, 2, 0, 0, 0, 0, 0]"
5532,<SOS>alyson<EOS>     ,girl,"['a', 'l', 'y', 's', 'o', 'n']",6,0.0,"[1, 3, 14, 27, 21, 17, 16, 2, 0, 0, 0, 0, 0]"
3433,<SOS>lennon<EOS>     ,boy,"['l', 'e', 'n', 'n', 'o', 'n']",6,1.0,"[1, 14, 7, 16, 16, 17, 16, 2, 0, 0, 0, 0, 0]"
6299,<SOS>kailee<EOS>     ,girl,"['k', 'a', 'i', 'l', 'e', 'e']",6,0.0,"[1, 13, 3, 11, 14, 7, 7, 2, 0, 0, 0, 0, 0]"
6296,<SOS>stormy<EOS>     ,girl,"['s', 't', 'o', 'r', 'm', 'y']",6,0.0,"[1, 21, 22, 17, 20, 15, 27, 2, 0, 0, 0, 0, 0]"
5798,<SOS>latoya<EOS>     ,girl,"['l', 'a', 't', 'o', 'y', 'a']",6,0.0,"[1, 14, 3, 22, 17, 27, 3, 2, 0, 0, 0, 0, 0]"
539,<SOS>duncan<EOS>     ,boy,"['d', 'u', 'n', 'c', 'a', 'n']",6,1.0,"[1, 6, 23, 16, 5, 3, 16, 2, 0, 0, 0, 0, 0]"
1402,<SOS>dozier<EOS>     ,boy,"['d', 'o', 'z', 'i', 'e', 'r']",6,1.0,"[1, 6, 17, 28, 11, 7, 20, 2, 0, 0, 0, 0, 0]"
5251,<SOS>melody<EOS>     ,girl,"['m', 'e', 'l', 'o', 'd', 'y']",6,0.0,"[1, 15, 7, 14, 17, 6, 27, 2, 0, 0, 0, 0, 0]"
4027,<SOS>adelle<EOS>     ,girl,"['a', 'd', 'e', 'l', 'l', 'e']",6,0.0,"[1, 3, 6, 7, 14, 14, 7, 2, 0, 0, 0, 0, 0]"
3420,<SOS>ishaan<EOS>     ,boy,"['i', 's', 'h', 'a', 'a', 'n']",6,1.0,"[1, 11, 21, 10, 3, 3, 16, 2, 0, 0, 0, 0, 0]"
1672,<SOS>bobbie<EOS>     ,boy,"['b', 'o', 'b', 'b', 'i', 'e']",6,1.0,"[1, 4, 17, 4, 4, 11, 7, 2, 0, 0, 0, 0, 0]"
4293,<SOS>dellia<EOS>     ,girl,"['d', 'e', 'l', 'l', 'i', 'a']",6,0.0,"[1, 6, 7, 14, 14, 11, 3, 2, 0, 0, 0, 0, 0]"
2324,<SOS>janice<EOS>     ,boy,"['j', 'a', 'n', 'i', 'c', 'e']",6,1.0,"[1, 12, 3, 16, 11, 5, 7, 2, 0, 0, 0, 0, 0]"
4921,<SOS>cleone<EOS>     ,girl,"['c', 'l', 'e', 'o', 'n', 'e']",6,0.0,"[1, 5, 14, 7, 17, 16, 7, 2, 0, 0, 0, 0, 0]"
5731,<SOS>chanda<EOS>     ,girl,"['c', 'h', 'a', 'n', 'd', 'a']",6,0.0,"[1, 5, 10, 3, 16, 6, 3, 2, 0, 0, 0, 0, 0]"
6779,<SOS>kenley<EOS>     ,girl,"['k', 'e', 'n', 'l', 'e', 'y']",6,0.0,"[1, 13, 7, 16, 14, 7, 27, 2, 0, 0, 0, 0, 0]"
6300,<SOS>alayna<EOS>     ,girl,"['a', 'l', 'a', 'y', 'n', 'a']",6,0.0,"[1, 3, 14, 3, 27, 16, 3, 2, 0, 0, 0, 0, 0]"
4624,<SOS>arlene<EOS>     ,girl,"['a', 'r', 'l', 'e', 'n', 'e']",6,0.0,"[1, 3, 20, 14, 7, 16, 7, 2, 0, 0, 0, 0, 0]"
2543,<SOS>markus<EOS>     ,boy,"['m', 'a', 'r', 'k', 'u', 's']",6,1.0,"[1, 15, 3, 20, 13, 23, 21, 2, 0, 0, 0, 0, 0]"
6298,<SOS>carlee<EOS>     ,girl,"['c', 'a', 'r', 'l', 'e', 'e']",6,0.0,"[1, 5, 3, 20, 14, 7, 7, 2, 0, 0, 0, 0, 0]"
79,<SOS>marion<EOS>     ,boy,"['m', 'a', 'r', 'i', 'o', 'n']",6,1.0,"[1, 15, 3, 20, 11, 17, 16, 2, 0, 0, 0, 0, 0]"
6130,<SOS>alysha<EOS>     ,girl,"['a', 'l', 'y', 's', 'h', 'a']",6,0.0,"[1, 3, 14, 27, 21, 10, 3, 2, 0, 0, 0, 0, 0]"
433,<SOS>israel<EOS>     ,boy,"['i', 's', 'r', 'a', 'e', 'l']",6,1.0,"[1, 11, 21, 20, 3, 7, 14, 2, 0, 0, 0, 0, 0]"
3259,<SOS>javion<EOS>     ,boy,"['j', 'a', 'v', 'i', 'o', 'n']",6,1.0,"[1, 12, 3, 24, 11, 17, 16, 2, 0, 0, 0, 0, 0]"
3235,<SOS>tavion<EOS>     ,boy,"['t', 'a', 'v', 'i', 'o', 'n']",6,1.0,"[1, 22, 3, 24, 11, 17, 16, 2, 0, 0, 0, 0, 0]"
5439,<SOS>starla<EOS>     ,girl,"['s', 't', 'a', 'r', 'l', 'a']",6,0.0,"[1, 21, 22, 3, 20, 14, 3, 2, 0, 0, 0, 0, 0]"
604,<SOS>benton<EOS>     ,boy,"['b', 'e', 'n', 't', 'o', 'n']",6,1.0,"[1, 4, 7, 16, 22, 17, 16, 2, 0, 0, 0, 0, 0]"
6745,<SOS>azaria<EOS>     ,girl,"['a', 'z', 'a', 'r', 'i', 'a']",6,0.0,"[1, 3, 28, 3, 20, 11, 3, 2, 0, 0, 0, 0, 0]"
4654,<SOS>vonnie<EOS>     ,girl,"['v', 'o', 'n', 'n', 'i', 'e']",6,0.0,"[1, 24, 17, 16, 16, 11, 7, 2, 0, 0, 0, 0, 0]"
2907,<SOS>rachel<EOS>     ,boy,"['r', 'a', 'c', 'h', 'e', 'l']",6,1.0,"[1, 20, 3, 5, 10, 7, 14, 2, 0, 0, 0, 0, 0]"
3067,<SOS>tyquan<EOS>     ,boy,"['t', 'y', 'q', 'u', 'a', 'n']",6,1.0,"[1, 22, 27, 19, 23, 3, 16, 2, 0, 0, 0, 0, 0]"
6614,<SOS>sheyla<EOS>     ,girl,"['s', 'h', 'e', 'y', 'l', 'a']",6,0.0,"[1, 21, 10, 7, 27, 14, 3, 2, 0, 0, 0, 0, 0]"
3175,<SOS>jamari<EOS>     ,boy,"['j', 'a', 'm', 'a', 'r', 'i']",6,1.0,"[1, 12, 3, 15, 3, 20, 11, 2, 0, 0, 0, 0, 0]"
5053,<SOS>jovita<EOS>     ,girl,"['j', 'o', 'v', 'i', 't', 'a']",6,0.0,"[1, 12, 17, 24, 11, 22, 3, 2, 0, 0, 0, 0, 0]"
3874,<SOS>lovina<EOS>     ,girl,"['l', 'o', 'v', 'i', 'n', 'a']",6,0.0,"[1, 14, 17, 24, 11, 16, 3, 2, 0, 0, 0, 0, 0]"
1277,<SOS>ellery<EOS>     ,boy,"['e', 'l', 'l', 'e', 'r', 'y']",6,1.0,"[1, 7, 14, 14, 7, 20, 27, 2, 0, 0, 0, 0, 0]"
6706,<SOS>cailyn<EOS>     ,girl,"['c', 'a', 'i', 'l', 'y', 'n']",6,0.0,"[1, 5, 3, 11, 14, 27, 16, 2, 0, 0, 0, 0, 0]"
3286,<SOS>jahiem<EOS>     ,boy,"['j', 'a', 'h', 'i', 'e', 'm']",6,1.0,"[1, 12, 3, 10, 11, 7, 15, 2, 0, 0, 0, 0, 0]"
3966,<SOS>creola<EOS>     ,girl,"['c', 'r', 'e', 'o', 'l', 'a']",6,0.0,"[1, 5, 20, 7, 17, 14, 3, 2, 0, 0, 0, 0, 0]"
6210,<SOS>chelsi<EOS>     ,girl,"['c', 'h', 'e', 'l', 's', 'i']",6,0.0,"[1, 5, 10, 7, 14, 21, 11, 2, 0, 0, 0, 0, 0]"
497,<SOS>parker<EOS>     ,boy,"['p', 'a', 'r', 'k', 'e', 'r']",6,1.0,"[1, 18, 3, 20, 13, 7, 20, 2, 0, 0, 0, 0, 0]"
3218,<SOS>cayden<EOS>     ,boy,"['c', 'a', 'y', 'd', 'e', 'n']",6,1.0,"[1, 5, 3, 27, 6, 7, 16, 2, 0, 0, 0, 0, 0]"
1368,<SOS>little<EOS>     ,boy,"['l', 'i', 't', 't', 'l', 'e']",6,1.0,"[1, 14, 11, 22, 22, 14, 7, 2, 0, 0, 0, 0, 0]"
1963,<SOS>garvin<EOS>     ,boy,"['g', 'a', 'r', 'v', 'i', 'n']",6,1.0,"[1, 9, 3, 20, 24, 11, 16, 2, 0, 0, 0, 0, 0]"
5258,<SOS>karren<EOS>     ,girl,"['k', 'a', 'r', 'r', 'e', 'n']",6,0.0,"[1, 13, 3, 20, 20, 7, 16, 2, 0, 0, 0, 0, 0]"
2777,<SOS>seneca<EOS>     ,boy,"['s', 'e', 'n', 'e', 'c', 'a']",6,1.0,"[1, 21, 7, 16, 7, 5, 3, 2, 0, 0, 0, 0, 0]"
295,<SOS>julian<EOS>     ,boy,"['j', 'u', 'l', 'i', 'a', 'n']",6,1.0,"[1, 12, 23, 14, 11, 3, 16, 2, 0, 0, 0, 0, 0]"
4701,<SOS>alline<EOS>     ,girl,"['a', 'l', 'l', 'i', 'n', 'e']",6,0.0,"[1, 3, 14, 14, 11, 16, 7, 2, 0, 0, 0, 0, 0]"
6447,<SOS>jazlyn<EOS>     ,girl,"['j', 'a', 'z', 'l', 'y', 'n']",6,0.0,"[1, 12, 3, 28, 14, 27, 16, 2, 0, 0, 0, 0, 0]"
3908,<SOS>fronie<EOS>     ,girl,"['f', 'r', 'o', 'n', 'i', 'e']",6,0.0,"[1, 8, 20, 17, 16, 11, 7, 2, 0, 0, 0, 0, 0]"
5260,<SOS>sheron<EOS>     ,girl,"['s', 'h', 'e', 'r', 'o', 'n']",6,0.0,"[1, 21, 10, 7, 20, 17, 16, 2, 0, 0, 0, 0, 0]"
4978,<SOS>peggie<EOS>     ,girl,"['p', 'e', 'g', 'g', 'i', 'e']",6,0.0,"[1, 18, 7, 9, 9, 11, 7, 2, 0, 0, 0, 0, 0]"
172,<SOS>manuel<EOS>     ,boy,"['m', 'a', 'n', 'u', 'e', 'l']",6,1.0,"[1, 15, 3, 16, 23, 7, 14, 2, 0, 0, 0, 0, 0]"
2226,<SOS>gerold<EOS>     ,boy,"['g', 'e', 'r', 'o', 'l', 'd']",6,1.0,"[1, 9, 7, 20, 17, 14, 6, 2, 0, 0, 0, 0, 0]"
334,<SOS>bennie<EOS>     ,boy,"['b', 'e', 'n', 'n', 'i', 'e']",6,1.0,"[1, 4, 7, 16, 16, 11, 7, 2, 0, 0, 0, 0, 0]"
1900,<SOS>mickey<EOS>     ,boy,"['m', 'i', 'c', 'k', 'e', 'y']",6,1.0,"[1, 15, 11, 5, 13, 7, 27, 2, 0, 0, 0, 0, 0]"
4121,<SOS>allene<EOS>     ,girl,"['a', 'l', 'l', 'e', 'n', 'e']",6,0.0,"[1, 3, 14, 14, 7, 16, 7, 2, 0, 0, 0, 0, 0]"
6093,<SOS>maegan<EOS>     ,girl,"['m', 'a', 'e', 'g', 'a', 'n']",6,0.0,"[1, 15, 3, 7, 9, 3, 16, 2, 0, 0, 0, 0, 0]"
4152,<SOS>edwina<EOS>     ,girl,"['e', 'd', 'w', 'i', 'n', 'a']",6,0.0,"[1, 7, 6, 25, 11, 16, 3, 2, 0, 0, 0, 0, 0]"
2941,<SOS>austen<EOS>     ,boy,"['a', 'u', 's', 't', 'e', 'n']",6,1.0,"[1, 3, 23, 21, 22, 7, 16, 2, 0, 0, 0, 0, 0]"
2247,<SOS>gloria<EOS>     ,boy,"['g', 'l', 'o', 'r', 'i', 'a']",6,1.0,"[1, 9, 14, 17, 20, 11, 3, 2, 0, 0, 0, 0, 0]"
663,<SOS>leland<EOS>     ,boy,"['l', 'e', 'l', 'a', 'n', 'd']",6,1.0,"[1, 14, 7, 14, 3, 16, 6, 2, 0, 0, 0, 0, 0]"
4020,<SOS>vallie<EOS>     ,girl,"['v', 'a', 'l', 'l', 'i', 'e']",6,0.0,"[1, 24, 3, 14, 14, 11, 7, 2, 0, 0, 0, 0, 0]"
1059,<SOS>ruffus<EOS>     ,boy,"['r', 'u', 'f', 'f', 'u', 's']",6,1.0,"[1, 20, 23, 8, 8, 23, 21, 2, 0, 0, 0, 0, 0]"
4896,<SOS>stacia<EOS>     ,girl,"['s', 't', 'a', 'c', 'i', 'a']",6,0.0,"[1, 21, 22, 3, 5, 11, 3, 2, 0, 0, 0, 0, 0]"
1516,<SOS>virgle<EOS>     ,boy,"['v', 'i', 'r', 'g', 'l', 'e']",6,1.0,"[1, 24, 11, 20, 9, 14, 7, 2, 0, 0, 0, 0, 0]"
2695,<SOS>hassan<EOS>     ,boy,"['h', 'a', 's', 's', 'a', 'n']",6,1.0,"[1, 10, 3, 21, 21, 3, 16, 2, 0, 0, 0, 0, 0]"
1595,<SOS>graves<EOS>     ,boy,"['g', 'r', 'a', 'v', 'e', 's']",6,1.0,"[1, 9, 20, 3, 24, 7, 21, 2, 0, 0, 0, 0, 0]"
2434,<SOS>damian<EOS>     ,boy,"['d', 'a', 'm', 'i', 'a', 'n']",6,1.0,"[1, 6, 3, 15, 11, 3, 16, 2, 0, 0, 0, 0, 0]"
6770,<SOS>paityn<EOS>     ,girl,"['p', 'a', 'i', 't', 'y', 'n']",6,0.0,"[1, 18, 3, 11, 22, 27, 16, 2, 0, 0, 0, 0, 0]"
3601,<SOS>tennie<EOS>     ,girl,"['t', 'e', 'n', 'n', 'i', 'e']",6,0.0,"[1, 22, 7, 16, 16, 11, 7, 2, 0, 0, 0, 0, 0]"
4368,<SOS>tinnie<EOS>     ,girl,"['t', 'i', 'n', 'n', 'i', 'e']",6,0.0,"[1, 22, 11, 16, 16, 11, 7, 2, 0, 0, 0, 0, 0]"
1719,<SOS>edison<EOS>     ,boy,"['e', 'd', 'i', 's', 'o', 'n']",6,1.0,"[1, 7, 6, 11, 21, 17, 16, 2, 0, 0, 0, 0, 0]"
3041,<SOS>justyn<EOS>     ,boy,"['j', 'u', 's', 't', 'y', 'n']",6,1.0,"[1, 12, 23, 21, 22, 27, 16, 2, 0, 0, 0, 0, 0]"
5255,<SOS>cathie<EOS>     ,girl,"['c', 'a', 't', 'h', 'i', 'e']",6,0.0,"[1, 5, 3, 22, 10, 11, 7, 2, 0, 0, 0, 0, 0]"
1535,<SOS>malvin<EOS>     ,boy,"['m', 'a', 'l', 'v', 'i', 'n']",6,1.0,"[1, 15, 3, 14, 24, 11, 16, 2, 0, 0, 0, 0, 0]"
63,<SOS>luther<EOS>     ,boy,"['l', 'u', 't', 'h', 'e', 'r']",6,1.0,"[1, 14, 23, 22, 10, 7, 20, 2, 0, 0, 0, 0, 0]"
4471,<SOS>lossie<EOS>     ,girl,"['l', 'o', 's', 's', 'i', 'e']",6,0.0,"[1, 14, 17, 21, 21, 11, 7, 2, 0, 0, 0, 0, 0]"
5835,<SOS>tomeka<EOS>     ,girl,"['t', 'o', 'm', 'e', 'k', 'a']",6,0.0,"[1, 22, 17, 15, 7, 13, 3, 2, 0, 0, 0, 0, 0]"
82,<SOS>archie<EOS>     ,boy,"['a', 'r', 'c', 'h', 'i', 'e']",6,1.0,"[1, 3, 20, 5, 10, 11, 7, 2, 0, 0, 0, 0, 0]"
2109,<SOS>donato<EOS>     ,boy,"['d', 'o', 'n', 'a', 't', 'o']",6,1.0,"[1, 6, 17, 16, 3, 22, 17, 2, 0, 0, 0, 0, 0]"
6646,<SOS>lainey<EOS>     ,girl,"['l', 'a', 'i', 'n', 'e', 'y']",6,0.0,"[1, 14, 3, 11, 16, 7, 27, 2, 0, 0, 0, 0, 0]"
3827,<SOS>emilia<EOS>     ,girl,"['e', 'm', 'i', 'l', 'i', 'a']",6,0.0,"[1, 7, 15, 11, 14, 11, 3, 2, 0, 0, 0, 0, 0]"
3267,<SOS>jaheim<EOS>     ,boy,"['j', 'a', 'h', 'e', 'i', 'm']",6,1.0,"[1, 12, 3, 10, 7, 11, 15, 2, 0, 0, 0, 0, 0]"
6425,<SOS>sienna<EOS>     ,girl,"['s', 'i', 'e', 'n', 'n', 'a']",6,0.0,"[1, 21, 11, 7, 16, 16, 3, 2, 0, 0, 0, 0, 0]"
1883,<SOS>everet<EOS>     ,boy,"['e', 'v', 'e', 'r', 'e', 't']",6,1.0,"[1, 7, 24, 7, 20, 7, 22, 2, 0, 0, 0, 0, 0]"
5064,<SOS>sydell<EOS>     ,girl,"['s', 'y', 'd', 'e', 'l', 'l']",6,0.0,"[1, 21, 27, 6, 7, 14, 14, 2, 0, 0, 0, 0, 0]"
4544,<SOS>pheobe<EOS>     ,girl,"['p', 'h', 'e', 'o', 'b', 'e']",6,0.0,"[1, 18, 10, 7, 17, 4, 7, 2, 0, 0, 0, 0, 0]"
1520,<SOS>ferman<EOS>     ,boy,"['f', 'e', 'r', 'm', 'a', 'n']",6,1.0,"[1, 8, 7, 20, 15, 3, 16, 2, 0, 0, 0, 0, 0]"
627,<SOS>palmer<EOS>     ,boy,"['p', 'a', 'l', 'm', 'e', 'r']",6,1.0,"[1, 18, 3, 14, 15, 7, 20, 2, 0, 0, 0, 0, 0]"
6270,<SOS>shelbi<EOS>     ,girl,"['s', 'h', 'e', 'l', 'b', 'i']",6,0.0,"[1, 21, 10, 7, 14, 4, 11, 2, 0, 0, 0, 0, 0]"
771,<SOS>golden<EOS>     ,boy,"['g', 'o', 'l', 'd', 'e', 'n']",6,1.0,"[1, 9, 17, 14, 6, 7, 16, 2, 0, 0, 0, 0, 0]"
2317,<SOS>barrie<EOS>     ,boy,"['b', 'a', 'r', 'r', 'i', 'e']",6,1.0,"[1, 4, 3, 20, 20, 11, 7, 2, 0, 0, 0, 0, 0]"
2365,<SOS>richie<EOS>     ,boy,"['r', 'i', 'c', 'h', 'i', 'e']",6,1.0,"[1, 20, 11, 5, 10, 11, 7, 2, 0, 0, 0, 0, 0]"
4378,<SOS>barbra<EOS>     ,girl,"['b', 'a', 'r', 'b', 'r', 'a']",6,0.0,"[1, 4, 3, 20, 4, 20, 3, 2, 0, 0, 0, 0, 0]"
6493,<SOS>reanna<EOS>     ,girl,"['r', 'e', 'a', 'n', 'n', 'a']",6,0.0,"[1, 20, 7, 3, 16, 16, 3, 2, 0, 0, 0, 0, 0]"
5200,<SOS>tamara<EOS>     ,girl,"['t', 'a', 'm', 'a', 'r', 'a']",6,0.0,"[1, 22, 3, 15, 3, 20, 3, 2, 0, 0, 0, 0, 0]"
5902,<SOS>spring<EOS>     ,girl,"['s', 'p', 'r', 'i', 'n', 'g']",6,0.0,"[1, 21, 18, 20, 11, 16, 9, 2, 0, 0, 0, 0, 0]"
2993,<SOS>khalil<EOS>     ,boy,"['k', 'h', 'a', 'l', 'i', 'l']",6,1.0,"[1, 13, 10, 3, 14, 11, 14, 2, 0, 0, 0, 0, 0]"
3892,<SOS>albina<EOS>     ,girl,"['a', 'l', 'b', 'i', 'n', 'a']",6,0.0,"[1, 3, 14, 4, 11, 16, 3, 2, 0, 0, 0, 0, 0]"
3562,<SOS>gertie<EOS>     ,girl,"['g', 'e', 'r', 't', 'i', 'e']",6,0.0,"[1, 9, 7, 20, 22, 11, 7, 2, 0, 0, 0, 0, 0]"
1070,<SOS>curley<EOS>     ,boy,"['c', 'u', 'r', 'l', 'e', 'y']",6,1.0,"[1, 5, 23, 20, 14, 7, 27, 2, 0, 0, 0, 0, 0]"
2839,<SOS>tucker<EOS>     ,boy,"['t', 'u', 'c', 'k', 'e', 'r']",6,1.0,"[1, 22, 23, 5, 13, 7, 20, 2, 0, 0, 0, 0, 0]"
5118,<SOS>luanne<EOS>     ,girl,"['l', 'u', 'a', 'n', 'n', 'e']",6,0.0,"[1, 14, 23, 3, 16, 16, 7, 2, 0, 0, 0, 0, 0]"
1250,<SOS>severt<EOS>     ,boy,"['s', 'e', 'v', 'e', 'r', 't']",6,1.0,"[1, 21, 7, 24, 7, 20, 22, 2, 0, 0, 0, 0, 0]"
998,<SOS>lawyer<EOS>     ,boy,"['l', 'a', 'w', 'y', 'e', 'r']",6,1.0,"[1, 14, 3, 25, 27, 7, 20, 2, 0, 0, 0, 0, 0]"
1365,<SOS>lillie<EOS>     ,boy,"['l', 'i', 'l', 'l', 'i', 'e']",6,1.0,"[1, 14, 11, 14, 14, 11, 7, 2, 0, 0, 0, 0, 0]"
1932,<SOS>hester<EOS>     ,boy,"['h', 'e', 's', 't', 'e', 'r']",6,1.0,"[1, 10, 7, 21, 22, 7, 20, 2, 0, 0, 0, 0, 0]"
1630,<SOS>jordon<EOS>     ,boy,"['j', 'o', 'r', 'd', 'o', 'n']",6,1.0,"[1, 12, 17, 20, 6, 17, 16, 2, 0, 0, 0, 0, 0]"
6303,<SOS>tiesha<EOS>     ,girl,"['t', 'i', 'e', 's', 'h', 'a']",6,0.0,"[1, 22, 11, 7, 21, 10, 3, 2, 0, 0, 0, 0, 0]"
1525,<SOS>gussie<EOS>     ,boy,"['g', 'u', 's', 's', 'i', 'e']",6,1.0,"[1, 9, 23, 21, 21, 11, 7, 2, 0, 0, 0, 0, 0]"
5677,<SOS>sunday<EOS>     ,girl,"['s', 'u', 'n', 'd', 'a', 'y']",6,0.0,"[1, 21, 23, 16, 6, 3, 27, 2, 0, 0, 0, 0, 0]"
5246,<SOS>rosann<EOS>     ,girl,"['r', 'o', 's', 'a', 'n', 'n']",6,0.0,"[1, 20, 17, 21, 3, 16, 16, 2, 0, 0, 0, 0, 0]"
2708,<SOS>jarred<EOS>     ,boy,"['j', 'a', 'r', 'r', 'e', 'd']",6,1.0,"[1, 12, 3, 20, 20, 7, 6, 2, 0, 0, 0, 0, 0]"
3836,<SOS>mahala<EOS>     ,girl,"['m', 'a', 'h', 'a', 'l', 'a']",6,0.0,"[1, 15, 3, 10, 3, 14, 3, 2, 0, 0, 0, 0, 0]"
2934,<SOS>yaakov<EOS>     ,boy,"['y', 'a', 'a', 'k', 'o', 'v']",6,1.0,"[1, 27, 3, 3, 13, 17, 24, 2, 0, 0, 0, 0, 0]"
734,<SOS>russel<EOS>     ,boy,"['r', 'u', 's', 's', 'e', 'l']",6,1.0,"[1, 20, 23, 21, 21, 7, 14, 2, 0, 0, 0, 0, 0]"
1472,<SOS>merlin<EOS>     ,boy,"['m', 'e', 'r', 'l', 'i', 'n']",6,1.0,"[1, 15, 7, 20, 14, 11, 16, 2, 0, 0, 0, 0, 0]"
1610,<SOS>felton<EOS>     ,boy,"['f', 'e', 'l', 't', 'o', 'n']",6,1.0,"[1, 8, 7, 14, 22, 17, 16, 2, 0, 0, 0, 0, 0]"
1069,<SOS>collie<EOS>     ,boy,"['c', 'o', 'l', 'l', 'i', 'e']",6,1.0,"[1, 5, 17, 14, 14, 11, 7, 2, 0, 0, 0, 0, 0]"
4801,<SOS>isobel<EOS>     ,girl,"['i', 's', 'o', 'b', 'e', 'l']",6,0.0,"[1, 11, 21, 17, 4, 7, 14, 2, 0, 0, 0, 0, 0]"
1061,<SOS>tilman<EOS>     ,boy,"['t', 'i', 'l', 'm', 'a', 'n']",6,1.0,"[1, 22, 11, 14, 15, 3, 16, 2, 0, 0, 0, 0, 0]"
6180,<SOS>jerica<EOS>     ,girl,"['j', 'e', 'r', 'i', 'c', 'a']",6,0.0,"[1, 12, 7, 20, 11, 5, 3, 2, 0, 0, 0, 0, 0]"
6220,<SOS>breana<EOS>     ,girl,"['b', 'r', 'e', 'a', 'n', 'a']",6,0.0,"[1, 4, 20, 7, 3, 16, 3, 2, 0, 0, 0, 0, 0]"
4764,<SOS>alvera<EOS>     ,girl,"['a', 'l', 'v', 'e', 'r', 'a']",6,0.0,"[1, 3, 14, 24, 7, 20, 3, 2, 0, 0, 0, 0, 0]"
4895,<SOS>masako<EOS>     ,girl,"['m', 'a', 's', 'a', 'k', 'o']",6,0.0,"[1, 15, 3, 21, 3, 13, 17, 2, 0, 0, 0, 0, 0]"
5444,<SOS>cherri<EOS>     ,girl,"['c', 'h', 'e', 'r', 'r', 'i']",6,0.0,"[1, 5, 10, 7, 20, 20, 11, 2, 0, 0, 0, 0, 0]"
6777,<SOS>laylah<EOS>     ,girl,"['l', 'a', 'y', 'l', 'a', 'h']",6,0.0,"[1, 14, 3, 27, 14, 3, 10, 2, 0, 0, 0, 0, 0]"
3973,<SOS>electa<EOS>     ,girl,"['e', 'l', 'e', 'c', 't', 'a']",6,0.0,"[1, 7, 14, 7, 5, 22, 3, 2, 0, 0, 0, 0, 0]"
6465,<SOS>erykah<EOS>     ,girl,"['e', 'r', 'y', 'k', 'a', 'h']",6,0.0,"[1, 7, 20, 27, 13, 3, 10, 2, 0, 0, 0, 0, 0]"
1495,<SOS>dawson<EOS>     ,boy,"['d', 'a', 'w', 's', 'o', 'n']",6,1.0,"[1, 6, 3, 25, 21, 17, 16, 2, 0, 0, 0, 0, 0]"
5899,<SOS>mandie<EOS>     ,girl,"['m', 'a', 'n', 'd', 'i', 'e']",6,0.0,"[1, 15, 3, 16, 6, 11, 7, 2, 0, 0, 0, 0, 0]"
5569,<SOS>velvet<EOS>     ,girl,"['v', 'e', 'l', 'v', 'e', 't']",6,0.0,"[1, 24, 7, 14, 24, 7, 22, 2, 0, 0, 0, 0, 0]"
1773,<SOS>arnett<EOS>     ,boy,"['a', 'r', 'n', 'e', 't', 't']",6,1.0,"[1, 3, 20, 16, 7, 22, 22, 2, 0, 0, 0, 0, 0]"
453,<SOS>larkin<EOS>     ,boy,"['l', 'a', 'r', 'k', 'i', 'n']",6,1.0,"[1, 14, 3, 20, 13, 11, 16, 2, 0, 0, 0, 0, 0]"
4994,<SOS>amparo<EOS>     ,girl,"['a', 'm', 'p', 'a', 'r', 'o']",6,0.0,"[1, 3, 15, 18, 3, 20, 17, 2, 0, 0, 0, 0, 0]"
3539,<SOS>violet<EOS>     ,girl,"['v', 'i', 'o', 'l', 'e', 't']",6,0.0,"[1, 24, 11, 17, 14, 7, 22, 2, 0, 0, 0, 0, 0]"
138,<SOS>jasper<EOS>     ,boy,"['j', 'a', 's', 'p', 'e', 'r']",6,1.0,"[1, 12, 3, 21, 18, 7, 20, 2, 0, 0, 0, 0, 0]"
6096,<SOS>britni<EOS>     ,girl,"['b', 'r', 'i', 't', 'n', 'i']",6,0.0,"[1, 4, 20, 11, 22, 16, 11, 2, 0, 0, 0, 0, 0]"
3225,<SOS>jaxson<EOS>     ,boy,"['j', 'a', 'x', 's', 'o', 'n']",6,1.0,"[1, 12, 3, 26, 21, 17, 16, 2, 0, 0, 0, 0, 0]"
2603,<SOS>angela<EOS>     ,boy,"['a', 'n', 'g', 'e', 'l', 'a']",6,1.0,"[1, 3, 16, 9, 7, 14, 3, 2, 0, 0, 0, 0, 0]"
2267,<SOS>jerrel<EOS>     ,boy,"['j', 'e', 'r', 'r', 'e', 'l']",6,1.0,"[1, 12, 7, 20, 20, 7, 14, 2, 0, 0, 0, 0, 0]"
5431,<SOS>sharla<EOS>     ,girl,"['s', 'h', 'a', 'r', 'l', 'a']",6,0.0,"[1, 21, 10, 3, 20, 14, 3, 2, 0, 0, 0, 0, 0]"
3333,<SOS>canyon<EOS>     ,boy,"['c', 'a', 'n', 'y', 'o', 'n']",6,1.0,"[1, 5, 3, 16, 27, 17, 16, 2, 0, 0, 0, 0, 0]"
1222,<SOS>bascom<EOS>     ,boy,"['b', 'a', 's', 'c', 'o', 'm']",6,1.0,"[1, 4, 3, 21, 5, 17, 15, 2, 0, 0, 0, 0, 0]"
5854,<SOS>anitra<EOS>     ,girl,"['a', 'n', 'i', 't', 'r', 'a']",6,0.0,"[1, 3, 16, 11, 22, 20, 3, 2, 0, 0, 0, 0, 0]"
5770,<SOS>crista<EOS>     ,girl,"['c', 'r', 'i', 's', 't', 'a']",6,0.0,"[1, 5, 20, 11, 21, 22, 3, 2, 0, 0, 0, 0, 0]"
5385,<SOS>merrie<EOS>     ,girl,"['m', 'e', 'r', 'r', 'i', 'e']",6,0.0,"[1, 15, 7, 20, 20, 11, 7, 2, 0, 0, 0, 0, 0]"
3153,<SOS>jaylan<EOS>     ,boy,"['j', 'a', 'y', 'l', 'a', 'n']",6,1.0,"[1, 12, 3, 27, 14, 3, 16, 2, 0, 0, 0, 0, 0]"
1812,<SOS>emmons<EOS>     ,boy,"['e', 'm', 'm', 'o', 'n', 's']",6,1.0,"[1, 7, 15, 15, 17, 16, 21, 2, 0, 0, 0, 0, 0]"
3618,<SOS>idella<EOS>     ,girl,"['i', 'd', 'e', 'l', 'l', 'a']",6,0.0,"[1, 11, 6, 7, 14, 14, 3, 2, 0, 0, 0, 0, 0]"
2837,<SOS>andrae<EOS>     ,boy,"['a', 'n', 'd', 'r', 'a', 'e']",6,1.0,"[1, 3, 16, 6, 20, 3, 7, 2, 0, 0, 0, 0, 0]"
2665,<SOS>antwan<EOS>     ,boy,"['a', 'n', 't', 'w', 'a', 'n']",6,1.0,"[1, 3, 16, 22, 25, 3, 16, 2, 0, 0, 0, 0, 0]"
1958,<SOS>arland<EOS>     ,boy,"['a', 'r', 'l', 'a', 'n', 'd']",6,1.0,"[1, 3, 20, 14, 3, 16, 6, 2, 0, 0, 0, 0, 0]"
4758,<SOS>reatha<EOS>     ,girl,"['r', 'e', 'a', 't', 'h', 'a']",6,0.0,"[1, 20, 7, 3, 22, 10, 3, 2, 0, 0, 0, 0, 0]"
6501,<SOS>jaelyn<EOS>     ,girl,"['j', 'a', 'e', 'l', 'y', 'n']",6,0.0,"[1, 12, 3, 7, 14, 27, 16, 2, 0, 0, 0, 0, 0]"
4455,<SOS>cappie<EOS>     ,girl,"['c', 'a', 'p', 'p', 'i', 'e']",6,0.0,"[1, 5, 3, 18, 18, 11, 7, 2, 0, 0, 0, 0, 0]"
2283,<SOS>sergio<EOS>     ,boy,"['s', 'e', 'r', 'g', 'i', 'o']",6,1.0,"[1, 21, 7, 20, 9, 11, 17, 2, 0, 0, 0, 0, 0]"
3263,<SOS>kamren<EOS>     ,boy,"['k', 'a', 'm', 'r', 'e', 'n']",6,1.0,"[1, 13, 3, 15, 20, 7, 16, 2, 0, 0, 0, 0, 0]"
1882,<SOS>dorris<EOS>     ,boy,"['d', 'o', 'r', 'r', 'i', 's']",6,1.0,"[1, 6, 17, 20, 20, 11, 21, 2, 0, 0, 0, 0, 0]"
1740,<SOS>bethel<EOS>     ,boy,"['b', 'e', 't', 'h', 'e', 'l']",6,1.0,"[1, 4, 7, 22, 10, 7, 14, 2, 0, 0, 0, 0, 0]"
5180,<SOS>shelia<EOS>     ,girl,"['s', 'h', 'e', 'l', 'i', 'a']",6,0.0,"[1, 21, 10, 7, 14, 11, 3, 2, 0, 0, 0, 0, 0]"
4606,<SOS>alwine<EOS>     ,girl,"['a', 'l', 'w', 'i', 'n', 'e']",6,0.0,"[1, 3, 14, 25, 11, 16, 7, 2, 0, 0, 0, 0, 0]"
4889,<SOS>stasia<EOS>     ,girl,"['s', 't', 'a', 's', 'i', 'a']",6,0.0,"[1, 21, 22, 3, 21, 11, 3, 2, 0, 0, 0, 0, 0]"
6142,<SOS>mariel<EOS>     ,girl,"['m', 'a', 'r', 'i', 'e', 'l']",6,0.0,"[1, 15, 3, 20, 11, 7, 14, 2, 0, 0, 0, 0, 0]"
5171,<SOS>simone<EOS>     ,girl,"['s', 'i', 'm', 'o', 'n', 'e']",6,0.0,"[1, 21, 11, 15, 17, 16, 7, 2, 0, 0, 0, 0, 0]"
5055,<SOS>dianne<EOS>     ,girl,"['d', 'i', 'a', 'n', 'n', 'e']",6,0.0,"[1, 6, 11, 3, 16, 16, 7, 2, 0, 0, 0, 0, 0]"
6386,<SOS>sydnee<EOS>     ,girl,"['s', 'y', 'd', 'n', 'e', 'e']",6,0.0,"[1, 21, 27, 6, 16, 7, 7, 2, 0, 0, 0, 0, 0]"
776,<SOS>hollis<EOS>     ,boy,"['h', 'o', 'l', 'l', 'i', 's']",6,1.0,"[1, 10, 17, 14, 14, 11, 21, 2, 0, 0, 0, 0, 0]"
2207,<SOS>ismael<EOS>     ,boy,"['i', 's', 'm', 'a', 'e', 'l']",6,1.0,"[1, 11, 21, 15, 3, 7, 14, 2, 0, 0, 0, 0, 0]"
5502,<SOS>tamera<EOS>     ,girl,"['t', 'a', 'm', 'e', 'r', 'a']",6,0.0,"[1, 22, 3, 15, 7, 20, 3, 2, 0, 0, 0, 0, 0]"
760,<SOS>clovis<EOS>     ,boy,"['c', 'l', 'o', 'v', 'i', 's']",6,1.0,"[1, 5, 14, 17, 24, 11, 21, 2, 0, 0, 0, 0, 0]"
44,<SOS>martin<EOS>     ,boy,"['m', 'a', 'r', 't', 'i', 'n']",6,1.0,"[1, 15, 3, 20, 22, 11, 16, 2, 0, 0, 0, 0, 0]"
1405,<SOS>helmer<EOS>     ,boy,"['h', 'e', 'l', 'm', 'e', 'r']",6,1.0,"[1, 10, 7, 14, 15, 7, 20, 2, 0, 0, 0, 0, 0]"
6198,<SOS>kaylin<EOS>     ,girl,"['k', 'a', 'y', 'l', 'i', 'n']",6,0.0,"[1, 13, 3, 27, 14, 11, 16, 2, 0, 0, 0, 0, 0]"
3579,<SOS>blanch<EOS>     ,girl,"['b', 'l', 'a', 'n', 'c', 'h']",6,0.0,"[1, 4, 14, 3, 16, 5, 10, 2, 0, 0, 0, 0, 0]"
6618,<SOS>evelin<EOS>     ,girl,"['e', 'v', 'e', 'l', 'i', 'n']",6,0.0,"[1, 7, 24, 7, 14, 11, 16, 2, 0, 0, 0, 0, 0]"
6381,<SOS>dayana<EOS>     ,girl,"['d', 'a', 'y', 'a', 'n', 'a']",6,0.0,"[1, 6, 3, 27, 3, 16, 3, 2, 0, 0, 0, 0, 0]"
1479,<SOS>reason<EOS>     ,boy,"['r', 'e', 'a', 's', 'o', 'n']",6,1.0,"[1, 20, 7, 3, 21, 17, 16, 2, 0, 0, 0, 0, 0]"
3435,<SOS>carsen<EOS>     ,boy,"['c', 'a', 'r', 's', 'e', 'n']",6,1.0,"[1, 5, 3, 20, 21, 7, 16, 2, 0, 0, 0, 0, 0]"
5869,<SOS>chanel<EOS>     ,girl,"['c', 'h', 'a', 'n', 'e', 'l']",6,0.0,"[1, 5, 10, 3, 16, 7, 14, 2, 0, 0, 0, 0, 0]"
1079,<SOS>hurley<EOS>     ,boy,"['h', 'u', 'r', 'l', 'e', 'y']",6,1.0,"[1, 10, 23, 20, 14, 7, 27, 2, 0, 0, 0, 0, 0]"
810,<SOS>albion<EOS>     ,boy,"['a', 'l', 'b', 'i', 'o', 'n']",6,1.0,"[1, 3, 14, 4, 11, 17, 16, 2, 0, 0, 0, 0, 0]"
5300,<SOS>mickie<EOS>     ,girl,"['m', 'i', 'c', 'k', 'i', 'e']",6,0.0,"[1, 15, 11, 5, 13, 11, 7, 2, 0, 0, 0, 0, 0]"
2962,<SOS>jaquan<EOS>     ,boy,"['j', 'a', 'q', 'u', 'a', 'n']",6,1.0,"[1, 12, 3, 19, 23, 3, 16, 2, 0, 0, 0, 0, 0]"
880,<SOS>nellie<EOS>     ,boy,"['n', 'e', 'l', 'l', 'i', 'e']",6,1.0,"[1, 16, 7, 14, 14, 11, 7, 2, 0, 0, 0, 0, 0]"
2616,<SOS>franco<EOS>     ,boy,"['f', 'r', 'a', 'n', 'c', 'o']",6,1.0,"[1, 8, 20, 3, 16, 5, 17, 2, 0, 0, 0, 0, 0]"
4094,<SOS>rennie<EOS>     ,girl,"['r', 'e', 'n', 'n', 'i', 'e']",6,0.0,"[1, 20, 7, 16, 16, 11, 7, 2, 0, 0, 0, 0, 0]"
1300,<SOS>delmer<EOS>     ,boy,"['d', 'e', 'l', 'm', 'e', 'r']",6,1.0,"[1, 6, 7, 14, 15, 7, 20, 2, 0, 0, 0, 0, 0]"
1565,<SOS>lorenz<EOS>     ,boy,"['l', 'o', 'r', 'e', 'n', 'z']",6,1.0,"[1, 14, 17, 20, 7, 16, 28, 2, 0, 0, 0, 0, 0]"
3837,<SOS>marcia<EOS>     ,girl,"['m', 'a', 'r', 'c', 'i', 'a']",6,0.0,"[1, 15, 3, 20, 5, 11, 3, 2, 0, 0, 0, 0, 0]"
3856,<SOS>cordia<EOS>     ,girl,"['c', 'o', 'r', 'd', 'i', 'a']",6,0.0,"[1, 5, 17, 20, 6, 11, 3, 2, 0, 0, 0, 0, 0]"
3217,<SOS>tyreke<EOS>     ,boy,"['t', 'y', 'r', 'e', 'k', 'e']",6,1.0,"[1, 22, 27, 20, 7, 13, 7, 2, 0, 0, 0, 0, 0]"
3686,<SOS>tessie<EOS>     ,girl,"['t', 'e', 's', 's', 'i', 'e']",6,0.0,"[1, 22, 7, 21, 21, 11, 7, 2, 0, 0, 0, 0, 0]"
163,<SOS>virgil<EOS>     ,boy,"['v', 'i', 'r', 'g', 'i', 'l']",6,1.0,"[1, 24, 11, 20, 9, 11, 14, 2, 0, 0, 0, 0, 0]"
2809,<SOS>lydell<EOS>     ,boy,"['l', 'y', 'd', 'e', 'l', 'l']",6,1.0,"[1, 14, 27, 6, 7, 14, 14, 2, 0, 0, 0, 0, 0]"
3734,<SOS>mettie<EOS>     ,girl,"['m', 'e', 't', 't', 'i', 'e']",6,0.0,"[1, 15, 7, 22, 22, 11, 7, 2, 0, 0, 0, 0, 0]"
5621,<SOS>daneen<EOS>     ,girl,"['d', 'a', 'n', 'e', 'e', 'n']",6,0.0,"[1, 6, 3, 16, 7, 7, 16, 2, 0, 0, 0, 0, 0]"
605,<SOS>billie<EOS>     ,boy,"['b', 'i', 'l', 'l', 'i', 'e']",6,1.0,"[1, 4, 11, 14, 14, 11, 7, 2, 0, 0, 0, 0, 0]"
5288,<SOS>pamala<EOS>     ,girl,"['p', 'a', 'm', 'a', 'l', 'a']",6,0.0,"[1, 18, 3, 15, 3, 14, 3, 2, 0, 0, 0, 0, 0]"
4217,<SOS>rettie<EOS>     ,girl,"['r', 'e', 't', 't', 'i', 'e']",6,0.0,"[1, 20, 7, 22, 22, 11, 7, 2, 0, 0, 0, 0, 0]"
3187,<SOS>savion<EOS>     ,boy,"['s', 'a', 'v', 'i', 'o', 'n']",6,1.0,"[1, 21, 3, 24, 11, 17, 16, 2, 0, 0, 0, 0, 0]"
5774,<SOS>serina<EOS>     ,girl,"['s', 'e', 'r', 'i', 'n', 'a']",6,0.0,"[1, 21, 7, 20, 11, 16, 3, 2, 0, 0, 0, 0, 0]"
4860,<SOS>alease<EOS>     ,girl,"['a', 'l', 'e', 'a', 's', 'e']",6,0.0,"[1, 3, 14, 7, 3, 21, 7, 2, 0, 0, 0, 0, 0]"
3752,<SOS>lenore<EOS>     ,girl,"['l', 'e', 'n', 'o', 'r', 'e']",6,0.0,"[1, 14, 7, 16, 17, 20, 7, 2, 0, 0, 0, 0, 0]"
1531,<SOS>laurie<EOS>     ,boy,"['l', 'a', 'u', 'r', 'i', 'e']",6,1.0,"[1, 14, 3, 23, 20, 11, 7, 2, 0, 0, 0, 0, 0]"
4577,<SOS>sigrid<EOS>     ,girl,"['s', 'i', 'g', 'r', 'i', 'd']",6,0.0,"[1, 21, 11, 9, 20, 11, 6, 2, 0, 0, 0, 0, 0]"
686,<SOS>berton<EOS>     ,boy,"['b', 'e', 'r', 't', 'o', 'n']",6,1.0,"[1, 4, 7, 20, 22, 17, 16, 2, 0, 0, 0, 0, 0]"
488,<SOS>dorsey<EOS>     ,boy,"['d', 'o', 'r', 's', 'e', 'y']",6,1.0,"[1, 6, 17, 20, 21, 7, 27, 2, 0, 0, 0, 0, 0]"
5346,<SOS>debora<EOS>     ,girl,"['d', 'e', 'b', 'o', 'r', 'a']",6,0.0,"[1, 6, 7, 4, 17, 20, 3, 2, 0, 0, 0, 0, 0]"
132,<SOS>norman<EOS>     ,boy,"['n', 'o', 'r', 'm', 'a', 'n']",6,1.0,"[1, 16, 17, 20, 15, 3, 16, 2, 0, 0, 0, 0, 0]"
3797,<SOS>juliet<EOS>     ,girl,"['j', 'u', 'l', 'i', 'e', 't']",6,0.0,"[1, 12, 23, 14, 11, 7, 22, 2, 0, 0, 0, 0, 0]"
3917,<SOS>leanna<EOS>     ,girl,"['l', 'e', 'a', 'n', 'n', 'a']",6,0.0,"[1, 14, 7, 3, 16, 16, 3, 2, 0, 0, 0, 0, 0]"
6258,<SOS>lizeth<EOS>     ,girl,"['l', 'i', 'z', 'e', 't', 'h']",6,0.0,"[1, 14, 11, 28, 7, 22, 10, 2, 0, 0, 0, 0, 0]"
858,<SOS>gustaf<EOS>     ,boy,"['g', 'u', 's', 't', 'a', 'f']",6,1.0,"[1, 9, 23, 21, 22, 3, 8, 2, 0, 0, 0, 0, 0]"
361,<SOS>wilber<EOS>     ,boy,"['w', 'i', 'l', 'b', 'e', 'r']",6,1.0,"[1, 25, 11, 14, 4, 7, 20, 2, 0, 0, 0, 0, 0]"
1961,<SOS>johney<EOS>     ,boy,"['j', 'o', 'h', 'n', 'e', 'y']",6,1.0,"[1, 12, 17, 10, 16, 7, 27, 2, 0, 0, 0, 0, 0]"
2906,<SOS>deonte<EOS>     ,boy,"['d', 'e', 'o', 'n', 't', 'e']",6,1.0,"[1, 6, 7, 17, 16, 22, 7, 2, 0, 0, 0, 0, 0]"
5690,<SOS>keisha<EOS>     ,girl,"['k', 'e', 'i', 's', 'h', 'a']",6,0.0,"[1, 13, 7, 11, 21, 10, 3, 2, 0, 0, 0, 0, 0]"
710,<SOS>huston<EOS>     ,boy,"['h', 'u', 's', 't', 'o', 'n']",6,1.0,"[1, 10, 23, 21, 22, 17, 16, 2, 0, 0, 0, 0, 0]"
2423,<SOS>erasmo<EOS>     ,boy,"['e', 'r', 'a', 's', 'm', 'o']",6,1.0,"[1, 7, 20, 3, 21, 15, 17, 2, 0, 0, 0, 0, 0]"
4596,<SOS>orelia<EOS>     ,girl,"['o', 'r', 'e', 'l', 'i', 'a']",6,0.0,"[1, 17, 20, 7, 14, 11, 3, 2, 0, 0, 0, 0, 0]"
3045,<SOS>deante<EOS>     ,boy,"['d', 'e', 'a', 'n', 't', 'e']",6,1.0,"[1, 6, 7, 3, 16, 22, 7, 2, 0, 0, 0, 0, 0]"
1256,<SOS>wenzel<EOS>     ,boy,"['w', 'e', 'n', 'z', 'e', 'l']",6,1.0,"[1, 25, 7, 16, 28, 7, 14, 2, 0, 0, 0, 0, 0]"
2012,<SOS>fredie<EOS>     ,boy,"['f', 'r', 'e', 'd', 'i', 'e']",6,1.0,"[1, 8, 20, 7, 6, 11, 7, 2, 0, 0, 0, 0, 0]"
6049,<SOS>alexia<EOS>     ,girl,"['a', 'l', 'e', 'x', 'i', 'a']",6,0.0,"[1, 3, 14, 7, 26, 11, 3, 2, 0, 0, 0, 0, 0]"
737,<SOS>shelby<EOS>     ,boy,"['s', 'h', 'e', 'l', 'b', 'y']",6,1.0,"[1, 21, 10, 7, 14, 4, 27, 2, 0, 0, 0, 0, 0]"
2709,<SOS>demond<EOS>     ,boy,"['d', 'e', 'm', 'o', 'n', 'd']",6,1.0,"[1, 6, 7, 15, 17, 16, 6, 2, 0, 0, 0, 0, 0]"
5663,<SOS>gidget<EOS>     ,girl,"['g', 'i', 'd', 'g', 'e', 't']",6,0.0,"[1, 9, 11, 6, 9, 7, 22, 2, 0, 0, 0, 0, 0]"
5640,<SOS>shanda<EOS>     ,girl,"['s', 'h', 'a', 'n', 'd', 'a']",6,0.0,"[1, 21, 10, 3, 16, 6, 3, 2, 0, 0, 0, 0, 0]"
4881,<SOS>felice<EOS>     ,girl,"['f', 'e', 'l', 'i', 'c', 'e']",6,0.0,"[1, 8, 7, 14, 11, 5, 7, 2, 0, 0, 0, 0, 0]"
4756,<SOS>delsie<EOS>     ,girl,"['d', 'e', 'l', 's', 'i', 'e']",6,0.0,"[1, 6, 7, 14, 21, 11, 7, 2, 0, 0, 0, 0, 0]"
3061,<SOS>montel<EOS>     ,boy,"['m', 'o', 'n', 't', 'e', 'l']",6,1.0,"[1, 15, 17, 16, 22, 7, 14, 2, 0, 0, 0, 0, 0]"
4034,<SOS>birtha<EOS>     ,girl,"['b', 'i', 'r', 't', 'h', 'a']",6,0.0,"[1, 4, 11, 20, 22, 10, 3, 2, 0, 0, 0, 0, 0]"
2036,<SOS>denzil<EOS>     ,boy,"['d', 'e', 'n', 'z', 'i', 'l']",6,1.0,"[1, 6, 7, 16, 28, 11, 14, 2, 0, 0, 0, 0, 0]"
1868,<SOS>gladys<EOS>     ,boy,"['g', 'l', 'a', 'd', 'y', 's']",6,1.0,"[1, 9, 14, 3, 6, 27, 21, 2, 0, 0, 0, 0, 0]"
683,<SOS>ashley<EOS>     ,boy,"['a', 's', 'h', 'l', 'e', 'y']",6,1.0,"[1, 3, 21, 10, 14, 7, 27, 2, 0, 0, 0, 0, 0]"
2302,<SOS>randal<EOS>     ,boy,"['r', 'a', 'n', 'd', 'a', 'l']",6,1.0,"[1, 20, 3, 16, 6, 3, 14, 2, 0, 0, 0, 0, 0]"
6283,<SOS>elyssa<EOS>     ,girl,"['e', 'l', 'y', 's', 's', 'a']",6,0.0,"[1, 7, 14, 27, 21, 21, 3, 2, 0, 0, 0, 0, 0]"
2620,<SOS>waylon<EOS>     ,boy,"['w', 'a', 'y', 'l', 'o', 'n']",6,1.0,"[1, 25, 3, 27, 14, 17, 16, 2, 0, 0, 0, 0, 0]"
4698,<SOS>versie<EOS>     ,girl,"['v', 'e', 'r', 's', 'i', 'e']",6,0.0,"[1, 24, 7, 20, 21, 11, 7, 2, 0, 0, 0, 0, 0]"
2446,<SOS>bradly<EOS>     ,boy,"['b', 'r', 'a', 'd', 'l', 'y']",6,1.0,"[1, 4, 20, 3, 6, 14, 27, 2, 0, 0, 0, 0, 0]"
2187,<SOS>marlyn<EOS>     ,boy,"['m', 'a', 'r', 'l', 'y', 'n']",6,1.0,"[1, 15, 3, 20, 14, 27, 16, 2, 0, 0, 0, 0, 0]"
3307,<SOS>maximo<EOS>     ,boy,"['m', 'a', 'x', 'i', 'm', 'o']",6,1.0,"[1, 15, 3, 26, 11, 15, 17, 2, 0, 0, 0, 0, 0]"
2170,<SOS>jackie<EOS>     ,boy,"['j', 'a', 'c', 'k', 'i', 'e']",6,1.0,"[1, 12, 3, 5, 13, 11, 7, 2, 0, 0, 0, 0, 0]"
553,<SOS>norris<EOS>     ,boy,"['n', 'o', 'r', 'r', 'i', 's']",6,1.0,"[1, 16, 17, 20, 20, 11, 21, 2, 0, 0, 0, 0, 0]"
1152,<SOS>marius<EOS>     ,boy,"['m', 'a', 'r', 'i', 'u', 's']",6,1.0,"[1, 15, 3, 20, 11, 23, 21, 2, 0, 0, 0, 0, 0]"
786,<SOS>miller<EOS>     ,boy,"['m', 'i', 'l', 'l', 'e', 'r']",6,1.0,"[1, 15, 11, 14, 14, 7, 20, 2, 0, 0, 0, 0, 0]"
6775,<SOS>karsyn<EOS>     ,girl,"['k', 'a', 'r', 's', 'y', 'n']",6,0.0,"[1, 13, 3, 20, 21, 27, 16, 2, 0, 0, 0, 0, 0]"
80,<SOS>philip<EOS>     ,boy,"['p', 'h', 'i', 'l', 'i', 'p']",6,1.0,"[1, 18, 10, 11, 14, 11, 18, 2, 0, 0, 0, 0, 0]"
3013,<SOS>hernan<EOS>     ,boy,"['h', 'e', 'r', 'n', 'a', 'n']",6,1.0,"[1, 10, 7, 20, 16, 3, 16, 2, 0, 0, 0, 0, 0]"
5878,<SOS>jasmin<EOS>     ,girl,"['j', 'a', 's', 'm', 'i', 'n']",6,0.0,"[1, 12, 3, 21, 15, 11, 16, 2, 0, 0, 0, 0, 0]"
3183,<SOS>tyrese<EOS>     ,boy,"['t', 'y', 'r', 'e', 's', 'e']",6,1.0,"[1, 22, 27, 20, 7, 21, 7, 2, 0, 0, 0, 0, 0]"
352,<SOS>jimmie<EOS>     ,boy,"['j', 'i', 'm', 'm', 'i', 'e']",6,1.0,"[1, 12, 11, 15, 15, 11, 7, 2, 0, 0, 0, 0, 0]"
1789,<SOS>hughey<EOS>     ,boy,"['h', 'u', 'g', 'h', 'e', 'y']",6,1.0,"[1, 10, 23, 9, 10, 7, 27, 2, 0, 0, 0, 0, 0]"
5729,<SOS>kellee<EOS>     ,girl,"['k', 'e', 'l', 'l', 'e', 'e']",6,0.0,"[1, 13, 7, 14, 14, 7, 7, 2, 0, 0, 0, 0, 0]"
4257,<SOS>ozella<EOS>     ,girl,"['o', 'z', 'e', 'l', 'l', 'a']",6,0.0,"[1, 17, 28, 7, 14, 14, 3, 2, 0, 0, 0, 0, 0]"
1121,<SOS>ephram<EOS>     ,boy,"['e', 'p', 'h', 'r', 'a', 'm']",6,1.0,"[1, 7, 18, 10, 20, 3, 15, 2, 0, 0, 0, 0, 0]"
5929,<SOS>sommer<EOS>     ,girl,"['s', 'o', 'm', 'm', 'e', 'r']",6,0.0,"[1, 21, 17, 15, 15, 7, 20, 2, 0, 0, 0, 0, 0]"
2448,<SOS>blaise<EOS>     ,boy,"['b', 'l', 'a', 'i', 's', 'e']",6,1.0,"[1, 4, 14, 3, 11, 21, 7, 2, 0, 0, 0, 0, 0]"
5887,<SOS>tamica<EOS>     ,girl,"['t', 'a', 'm', 'i', 'c', 'a']",6,0.0,"[1, 22, 3, 15, 11, 5, 3, 2, 0, 0, 0, 0, 0]"
3145,<SOS>shamar<EOS>     ,boy,"['s', 'h', 'a', 'm', 'a', 'r']",6,1.0,"[1, 21, 10, 3, 15, 3, 20, 2, 0, 0, 0, 0, 0]"
3188,<SOS>kamron<EOS>     ,boy,"['k', 'a', 'm', 'r', 'o', 'n']",6,1.0,"[1, 13, 3, 15, 20, 17, 16, 2, 0, 0, 0, 0, 0]"
3281,<SOS>pranav<EOS>     ,boy,"['p', 'r', 'a', 'n', 'a', 'v']",6,1.0,"[1, 18, 20, 3, 16, 3, 24, 2, 0, 0, 0, 0, 0]"
5127,<SOS>louann<EOS>     ,girl,"['l', 'o', 'u', 'a', 'n', 'n']",6,0.0,"[1, 14, 17, 23, 3, 16, 16, 2, 0, 0, 0, 0, 0]"
5442,<SOS>leeann<EOS>     ,girl,"['l', 'e', 'e', 'a', 'n', 'n']",6,0.0,"[1, 14, 7, 7, 3, 16, 16, 2, 0, 0, 0, 0, 0]"
6631,<SOS>iyanna<EOS>     ,girl,"['i', 'y', 'a', 'n', 'n', 'a']",6,0.0,"[1, 11, 27, 3, 16, 16, 3, 2, 0, 0, 0, 0, 0]"
6244,<SOS>kelsea<EOS>     ,girl,"['k', 'e', 'l', 's', 'e', 'a']",6,0.0,"[1, 13, 7, 14, 21, 7, 3, 2, 0, 0, 0, 0, 0]"
3747,<SOS>emelia<EOS>     ,girl,"['e', 'm', 'e', 'l', 'i', 'a']",6,0.0,"[1, 7, 15, 7, 14, 11, 3, 2, 0, 0, 0, 0, 0]"
6518,<SOS>noelia<EOS>     ,girl,"['n', 'o', 'e', 'l', 'i', 'a']",6,0.0,"[1, 16, 17, 7, 14, 11, 3, 2, 0, 0, 0, 0, 0]"
3176,<SOS>jovani<EOS>     ,boy,"['j', 'o', 'v', 'a', 'n', 'i']",6,1.0,"[1, 12, 17, 24, 3, 16, 11, 2, 0, 0, 0, 0, 0]"
6230,<SOS>grecia<EOS>     ,girl,"['g', 'r', 'e', 'c', 'i', 'a']",6,0.0,"[1, 9, 20, 7, 5, 11, 3, 2, 0, 0, 0, 0, 0]"
1294,<SOS>festus<EOS>     ,boy,"['f', 'e', 's', 't', 'u', 's']",6,1.0,"[1, 8, 7, 21, 22, 23, 21, 2, 0, 0, 0, 0, 0]"
43,<SOS>howard<EOS>     ,boy,"['h', 'o', 'w', 'a', 'r', 'd']",6,1.0,"[1, 10, 17, 25, 3, 20, 6, 2, 0, 0, 0, 0, 0]"
90,<SOS>milton<EOS>     ,boy,"['m', 'i', 'l', 't', 'o', 'n']",6,1.0,"[1, 15, 11, 14, 22, 17, 16, 2, 0, 0, 0, 0, 0]"
6511,<SOS>alexys<EOS>     ,girl,"['a', 'l', 'e', 'x', 'y', 's']",6,0.0,"[1, 3, 14, 7, 26, 27, 21, 2, 0, 0, 0, 0, 0]"
6199,<SOS>kaylyn<EOS>     ,girl,"['k', 'a', 'y', 'l', 'y', 'n']",6,0.0,"[1, 13, 3, 27, 14, 27, 16, 2, 0, 0, 0, 0, 0]"
1387,<SOS>bonnie<EOS>     ,boy,"['b', 'o', 'n', 'n', 'i', 'e']",6,1.0,"[1, 4, 17, 16, 16, 11, 7, 2, 0, 0, 0, 0, 0]"
16,<SOS>samuel<EOS>     ,boy,"['s', 'a', 'm', 'u', 'e', 'l']",6,1.0,"[1, 21, 3, 15, 23, 7, 14, 2, 0, 0, 0, 0, 0]"
740,<SOS>tilden<EOS>     ,boy,"['t', 'i', 'l', 'd', 'e', 'n']",6,1.0,"[1, 22, 11, 14, 6, 7, 16, 2, 0, 0, 0, 0, 0]"
2487,<SOS>kennth<EOS>     ,boy,"['k', 'e', 'n', 'n', 't', 'h']",6,1.0,"[1, 13, 7, 16, 16, 22, 10, 2, 0, 0, 0, 0, 0]"
4509,<SOS>sussie<EOS>     ,girl,"['s', 'u', 's', 's', 'i', 'e']",6,0.0,"[1, 21, 23, 21, 21, 11, 7, 2, 0, 0, 0, 0, 0]"
161,<SOS>wilbur<EOS>     ,boy,"['w', 'i', 'l', 'b', 'u', 'r']",6,1.0,"[1, 25, 11, 14, 4, 23, 20, 2, 0, 0, 0, 0, 0]"
4926,<SOS>dorine<EOS>     ,girl,"['d', 'o', 'r', 'i', 'n', 'e']",6,0.0,"[1, 6, 17, 20, 11, 16, 7, 2, 0, 0, 0, 0, 0]"
2449,<SOS>alvaro<EOS>     ,boy,"['a', 'l', 'v', 'a', 'r', 'o']",6,1.0,"[1, 3, 14, 24, 3, 20, 17, 2, 0, 0, 0, 0, 0]"
6290,<SOS>haylee<EOS>     ,girl,"['h', 'a', 'y', 'l', 'e', 'e']",6,0.0,"[1, 10, 3, 27, 14, 7, 7, 2, 0, 0, 0, 0, 0]"
4146,<SOS>deliah<EOS>     ,girl,"['d', 'e', 'l', 'i', 'a', 'h']",6,0.0,"[1, 6, 7, 14, 11, 3, 10, 2, 0, 0, 0, 0, 0]"
2369,<SOS>dorian<EOS>     ,boy,"['d', 'o', 'r', 'i', 'a', 'n']",6,1.0,"[1, 6, 17, 20, 11, 3, 16, 2, 0, 0, 0, 0, 0]"
1721,<SOS>goldie<EOS>     ,boy,"['g', 'o', 'l', 'd', 'i', 'e']",6,1.0,"[1, 9, 17, 14, 6, 11, 7, 2, 0, 0, 0, 0, 0]"
4353,<SOS>jeanie<EOS>     ,girl,"['j', 'e', 'a', 'n', 'i', 'e']",6,0.0,"[1, 12, 7, 3, 16, 11, 7, 2, 0, 0, 0, 0, 0]"
968,<SOS>halsey<EOS>     ,boy,"['h', 'a', 'l', 's', 'e', 'y']",6,1.0,"[1, 10, 3, 14, 21, 7, 27, 2, 0, 0, 0, 0, 0]"
5955,<SOS>quiana<EOS>     ,girl,"['q', 'u', 'i', 'a', 'n', 'a']",6,0.0,"[1, 19, 23, 11, 3, 16, 3, 2, 0, 0, 0, 0, 0]"
5876,<SOS>brande<EOS>     ,girl,"['b', 'r', 'a', 'n', 'd', 'e']",6,0.0,"[1, 4, 20, 3, 16, 6, 7, 2, 0, 0, 0, 0, 0]"
3772,<SOS>lissie<EOS>     ,girl,"['l', 'i', 's', 's', 'i', 'e']",6,0.0,"[1, 14, 11, 21, 21, 11, 7, 2, 0, 0, 0, 0, 0]"
5868,<SOS>briana<EOS>     ,girl,"['b', 'r', 'i', 'a', 'n', 'a']",6,0.0,"[1, 4, 20, 11, 3, 16, 3, 2, 0, 0, 0, 0, 0]"
4810,<SOS>vernia<EOS>     ,girl,"['v', 'e', 'r', 'n', 'i', 'a']",6,0.0,"[1, 24, 7, 20, 16, 11, 3, 2, 0, 0, 0, 0, 0]"
974,<SOS>hermon<EOS>     ,boy,"['h', 'e', 'r', 'm', 'o', 'n']",6,1.0,"[1, 10, 7, 20, 15, 17, 16, 2, 0, 0, 0, 0, 0]"
5381,<SOS>terese<EOS>     ,girl,"['t', 'e', 'r', 'e', 's', 'e']",6,0.0,"[1, 22, 7, 20, 7, 21, 7, 2, 0, 0, 0, 0, 0]"
4488,<SOS>maxine<EOS>     ,girl,"['m', 'a', 'x', 'i', 'n', 'e']",6,0.0,"[1, 15, 3, 26, 11, 16, 7, 2, 0, 0, 0, 0, 0]"
337,<SOS>josiah<EOS>     ,boy,"['j', 'o', 's', 'i', 'a', 'h']",6,1.0,"[1, 12, 17, 21, 11, 3, 10, 2, 0, 0, 0, 0, 0]"
4093,<SOS>pollie<EOS>     ,girl,"['p', 'o', 'l', 'l', 'i', 'e']",6,0.0,"[1, 18, 17, 14, 14, 11, 7, 2, 0, 0, 0, 0, 0]"
275,<SOS>arnold<EOS>     ,boy,"['a', 'r', 'n', 'o', 'l', 'd']",6,1.0,"[1, 3, 20, 16, 17, 14, 6, 2, 0, 0, 0, 0, 0]"
1289,<SOS>garnet<EOS>     ,boy,"['g', 'a', 'r', 'n', 'e', 't']",6,1.0,"[1, 9, 3, 20, 16, 7, 22, 2, 0, 0, 0, 0, 0]"
5003,<SOS>delois<EOS>     ,girl,"['d', 'e', 'l', 'o', 'i', 's']",6,0.0,"[1, 6, 7, 14, 17, 11, 21, 2, 0, 0, 0, 0, 0]"
950,<SOS>eliseo<EOS>     ,boy,"['e', 'l', 'i', 's', 'e', 'o']",6,1.0,"[1, 7, 14, 11, 21, 7, 17, 2, 0, 0, 0, 0, 0]"
4953,<SOS>haruko<EOS>     ,girl,"['h', 'a', 'r', 'u', 'k', 'o']",6,0.0,"[1, 10, 3, 20, 23, 13, 17, 2, 0, 0, 0, 0, 0]"
5885,<SOS>alanna<EOS>     ,girl,"['a', 'l', 'a', 'n', 'n', 'a']",6,0.0,"[1, 3, 14, 3, 16, 16, 3, 2, 0, 0, 0, 0, 0]"
4549,<SOS>dorthy<EOS>     ,girl,"['d', 'o', 'r', 't', 'h', 'y']",6,0.0,"[1, 6, 17, 20, 22, 10, 27, 2, 0, 0, 0, 0, 0]"
5604,<SOS>alyssa<EOS>     ,girl,"['a', 'l', 'y', 's', 's', 'a']",6,0.0,"[1, 3, 14, 27, 21, 21, 3, 2, 0, 0, 0, 0, 0]"
2579,<SOS>darien<EOS>     ,boy,"['d', 'a', 'r', 'i', 'e', 'n']",6,1.0,"[1, 6, 3, 20, 11, 7, 16, 2, 0, 0, 0, 0, 0]"
2090,<SOS>gasper<EOS>     ,boy,"['g', 'a', 's', 'p', 'e', 'r']",6,1.0,"[1, 9, 3, 21, 18, 7, 20, 2, 0, 0, 0, 0, 0]"
144,<SOS>adolph<EOS>     ,boy,"['a', 'd', 'o', 'l', 'p', 'h']",6,1.0,"[1, 3, 6, 17, 14, 18, 10, 2, 0, 0, 0, 0, 0]"
274,<SOS>porter<EOS>     ,boy,"['p', 'o', 'r', 't', 'e', 'r']",6,1.0,"[1, 18, 17, 20, 22, 7, 20, 2, 0, 0, 0, 0, 0]"
2505,<SOS>keenan<EOS>     ,boy,"['k', 'e', 'e', 'n', 'a', 'n']",6,1.0,"[1, 13, 7, 7, 16, 3, 16, 2, 0, 0, 0, 0, 0]"
2990,<SOS>kendal<EOS>     ,boy,"['k', 'e', 'n', 'd', 'a', 'l']",6,1.0,"[1, 13, 7, 16, 6, 3, 14, 2, 0, 0, 0, 0, 0]"
6498,<SOS>willow<EOS>     ,girl,"['w', 'i', 'l', 'l', 'o', 'w']",6,0.0,"[1, 25, 11, 14, 14, 17, 25, 2, 0, 0, 0, 0, 0]"
2305,<SOS>sandra<EOS>     ,boy,"['s', 'a', 'n', 'd', 'r', 'a']",6,1.0,"[1, 21, 3, 16, 6, 20, 3, 2, 0, 0, 0, 0, 0]"
3182,<SOS>nikhil<EOS>     ,boy,"['n', 'i', 'k', 'h', 'i', 'l']",6,1.0,"[1, 16, 11, 13, 10, 11, 14, 2, 0, 0, 0, 0, 0]"
6570,<SOS>ashtyn<EOS>     ,girl,"['a', 's', 'h', 't', 'y', 'n']",6,0.0,"[1, 3, 21, 10, 22, 27, 16, 2, 0, 0, 0, 0, 0]"
5421,<SOS>brooke<EOS>     ,girl,"['b', 'r', 'o', 'o', 'k', 'e']",6,0.0,"[1, 4, 20, 17, 17, 13, 7, 2, 0, 0, 0, 0, 0]"
6322,<SOS>hailee<EOS>     ,girl,"['h', 'a', 'i', 'l', 'e', 'e']",6,0.0,"[1, 10, 3, 11, 14, 7, 7, 2, 0, 0, 0, 0, 0]"
4647,<SOS>sibbie<EOS>     ,girl,"['s', 'i', 'b', 'b', 'i', 'e']",6,0.0,"[1, 21, 11, 4, 4, 11, 7, 2, 0, 0, 0, 0, 0]"
2339,<SOS>jeremy<EOS>     ,boy,"['j', 'e', 'r', 'e', 'm', 'y']",6,1.0,"[1, 12, 7, 20, 7, 15, 27, 2, 0, 0, 0, 0, 0]"
5377,<SOS>debrah<EOS>     ,girl,"['d', 'e', 'b', 'r', 'a', 'h']",6,0.0,"[1, 6, 7, 4, 20, 3, 10, 2, 0, 0, 0, 0, 0]"
3078,<SOS>adonis<EOS>     ,boy,"['a', 'd', 'o', 'n', 'i', 's']",6,1.0,"[1, 3, 6, 17, 16, 11, 21, 2, 0, 0, 0, 0, 0]"
3021,<SOS>gunnar<EOS>     ,boy,"['g', 'u', 'n', 'n', 'a', 'r']",6,1.0,"[1, 9, 23, 16, 16, 3, 20, 2, 0, 0, 0, 0, 0]"
2463,<SOS>levern<EOS>     ,boy,"['l', 'e', 'v', 'e', 'r', 'n']",6,1.0,"[1, 14, 7, 24, 7, 20, 16, 2, 0, 0, 0, 0, 0]"
4212,<SOS>jinnie<EOS>     ,girl,"['j', 'i', 'n', 'n', 'i', 'e']",6,0.0,"[1, 12, 11, 16, 16, 11, 7, 2, 0, 0, 0, 0, 0]"
4684,<SOS>cannie<EOS>     ,girl,"['c', 'a', 'n', 'n', 'i', 'e']",6,0.0,"[1, 5, 3, 16, 16, 11, 7, 2, 0, 0, 0, 0, 0]"
5008,<SOS>sherry<EOS>     ,girl,"['s', 'h', 'e', 'r', 'r', 'y']",6,0.0,"[1, 21, 10, 7, 20, 20, 27, 2, 0, 0, 0, 0, 0]"
183,<SOS>marvin<EOS>     ,boy,"['m', 'a', 'r', 'v', 'i', 'n']",6,1.0,"[1, 15, 3, 20, 24, 11, 16, 2, 0, 0, 0, 0, 0]"
1718,<SOS>dessie<EOS>     ,boy,"['d', 'e', 's', 's', 'i', 'e']",6,1.0,"[1, 6, 7, 21, 21, 11, 7, 2, 0, 0, 0, 0, 0]"
2134,<SOS>merlyn<EOS>     ,boy,"['m', 'e', 'r', 'l', 'y', 'n']",6,1.0,"[1, 15, 7, 20, 14, 27, 16, 2, 0, 0, 0, 0, 0]"
1440,<SOS>worley<EOS>     ,boy,"['w', 'o', 'r', 'l', 'e', 'y']",6,1.0,"[1, 25, 17, 20, 14, 7, 27, 2, 0, 0, 0, 0, 0]"
6574,<SOS>jailyn<EOS>     ,girl,"['j', 'a', 'i', 'l', 'y', 'n']",6,0.0,"[1, 12, 3, 11, 14, 27, 16, 2, 0, 0, 0, 0, 0]"
1798,<SOS>gurney<EOS>     ,boy,"['g', 'u', 'r', 'n', 'e', 'y']",6,1.0,"[1, 9, 23, 20, 16, 7, 27, 2, 0, 0, 0, 0, 0]"
3315,<SOS>maddox<EOS>     ,boy,"['m', 'a', 'd', 'd', 'o', 'x']",6,1.0,"[1, 15, 3, 6, 6, 17, 26, 2, 0, 0, 0, 0, 0]"
1183,<SOS>martha<EOS>     ,boy,"['m', 'a', 'r', 't', 'h', 'a']",6,1.0,"[1, 15, 3, 20, 22, 10, 3, 2, 0, 0, 0, 0, 0]"
4618,<SOS>nadine<EOS>     ,girl,"['n', 'a', 'd', 'i', 'n', 'e']",6,0.0,"[1, 16, 3, 6, 11, 16, 7, 2, 0, 0, 0, 0, 0]"
481,<SOS>alford<EOS>     ,boy,"['a', 'l', 'f', 'o', 'r', 'd']",6,1.0,"[1, 3, 14, 8, 17, 20, 6, 2, 0, 0, 0, 0, 0]"
6519,<SOS>kiarra<EOS>     ,girl,"['k', 'i', 'a', 'r', 'r', 'a']",6,0.0,"[1, 13, 11, 3, 20, 20, 3, 2, 0, 0, 0, 0, 0]"
3596,<SOS>adella<EOS>     ,girl,"['a', 'd', 'e', 'l', 'l', 'a']",6,0.0,"[1, 3, 6, 7, 14, 14, 3, 2, 0, 0, 0, 0, 0]"
426,<SOS>arther<EOS>     ,boy,"['a', 'r', 't', 'h', 'e', 'r']",6,1.0,"[1, 3, 20, 22, 10, 7, 20, 2, 0, 0, 0, 0, 0]"
830,<SOS>clarke<EOS>     ,boy,"['c', 'l', 'a', 'r', 'k', 'e']",6,1.0,"[1, 5, 14, 3, 20, 13, 7, 2, 0, 0, 0, 0, 0]"
1315,<SOS>isidor<EOS>     ,boy,"['i', 's', 'i', 'd', 'o', 'r']",6,1.0,"[1, 11, 21, 11, 6, 17, 20, 2, 0, 0, 0, 0, 0]"
636,<SOS>warner<EOS>     ,boy,"['w', 'a', 'r', 'n', 'e', 'r']",6,1.0,"[1, 25, 3, 20, 16, 7, 20, 2, 0, 0, 0, 0, 0]"
1558,<SOS>benson<EOS>     ,boy,"['b', 'e', 'n', 's', 'o', 'n']",6,1.0,"[1, 4, 7, 16, 21, 17, 16, 2, 0, 0, 0, 0, 0]"
6080,<SOS>tenika<EOS>     ,girl,"['t', 'e', 'n', 'i', 'k', 'a']",6,0.0,"[1, 22, 7, 16, 11, 13, 3, 2, 0, 0, 0, 0, 0]"
85,<SOS>willis<EOS>     ,boy,"['w', 'i', 'l', 'l', 'i', 's']",6,1.0,"[1, 25, 11, 14, 14, 11, 21, 2, 0, 0, 0, 0, 0]"
6317,<SOS>aubree<EOS>     ,girl,"['a', 'u', 'b', 'r', 'e', 'e']",6,0.0,"[1, 3, 23, 4, 20, 7, 7, 2, 0, 0, 0, 0, 0]"
5343,<SOS>candis<EOS>     ,girl,"['c', 'a', 'n', 'd', 'i', 's']",6,0.0,"[1, 5, 3, 16, 6, 11, 21, 2, 0, 0, 0, 0, 0]"
1226,<SOS>cooper<EOS>     ,boy,"['c', 'o', 'o', 'p', 'e', 'r']",6,1.0,"[1, 5, 17, 17, 18, 7, 20, 2, 0, 0, 0, 0, 0]"
3746,<SOS>easter<EOS>     ,girl,"['e', 'a', 's', 't', 'e', 'r']",6,0.0,"[1, 7, 3, 21, 22, 7, 20, 2, 0, 0, 0, 0, 0]"
6355,<SOS>kalene<EOS>     ,girl,"['k', 'a', 'l', 'e', 'n', 'e']",6,0.0,"[1, 13, 3, 14, 7, 16, 7, 2, 0, 0, 0, 0, 0]"
2160,<SOS>marcos<EOS>     ,boy,"['m', 'a', 'r', 'c', 'o', 's']",6,1.0,"[1, 15, 3, 20, 5, 17, 21, 2, 0, 0, 0, 0, 0]"
3311,<SOS>bradyn<EOS>     ,boy,"['b', 'r', 'a', 'd', 'y', 'n']",6,1.0,"[1, 4, 20, 3, 6, 27, 16, 2, 0, 0, 0, 0, 0]"
6009,<SOS>kylene<EOS>     ,girl,"['k', 'y', 'l', 'e', 'n', 'e']",6,0.0,"[1, 13, 27, 14, 7, 16, 7, 2, 0, 0, 0, 0, 0]"
4227,<SOS>aletha<EOS>     ,girl,"['a', 'l', 'e', 't', 'h', 'a']",6,0.0,"[1, 3, 14, 7, 22, 10, 3, 2, 0, 0, 0, 0, 0]"
4570,<SOS>clytie<EOS>     ,girl,"['c', 'l', 'y', 't', 'i', 'e']",6,0.0,"[1, 5, 14, 27, 22, 11, 7, 2, 0, 0, 0, 0, 0]"
6412,<SOS>unique<EOS>     ,girl,"['u', 'n', 'i', 'q', 'u', 'e']",6,0.0,"[1, 23, 16, 11, 19, 23, 7, 2, 0, 0, 0, 0, 0]"
4356,<SOS>leonia<EOS>     ,girl,"['l', 'e', 'o', 'n', 'i', 'a']",6,0.0,"[1, 14, 7, 17, 16, 11, 3, 2, 0, 0, 0, 0, 0]"
5834,<SOS>tomika<EOS>     ,girl,"['t', 'o', 'm', 'i', 'k', 'a']",6,0.0,"[1, 22, 17, 15, 11, 13, 3, 2, 0, 0, 0, 0, 0]"
3004,<SOS>kiefer<EOS>     ,boy,"['k', 'i', 'e', 'f', 'e', 'r']",6,1.0,"[1, 13, 11, 7, 8, 7, 20, 2, 0, 0, 0, 0, 0]"
95,<SOS>sidney<EOS>     ,boy,"['s', 'i', 'd', 'n', 'e', 'y']",6,1.0,"[1, 21, 11, 6, 16, 7, 27, 2, 0, 0, 0, 0, 0]"
1924,<SOS>lemmie<EOS>     ,boy,"['l', 'e', 'm', 'm', 'i', 'e']",6,1.0,"[1, 14, 7, 15, 15, 11, 7, 2, 0, 0, 0, 0, 0]"
4588,<SOS>silvia<EOS>     ,girl,"['s', 'i', 'l', 'v', 'i', 'a']",6,0.0,"[1, 21, 11, 14, 24, 11, 3, 2, 0, 0, 0, 0, 0]"
1118,<SOS>elonzo<EOS>     ,boy,"['e', 'l', 'o', 'n', 'z', 'o']",6,1.0,"[1, 7, 14, 17, 16, 28, 17, 2, 0, 0, 0, 0, 0]"
924,<SOS>barton<EOS>     ,boy,"['b', 'a', 'r', 't', 'o', 'n']",6,1.0,"[1, 4, 3, 20, 22, 17, 16, 2, 0, 0, 0, 0, 0]"
409,<SOS>grover<EOS>     ,boy,"['g', 'r', 'o', 'v', 'e', 'r']",6,1.0,"[1, 9, 20, 17, 24, 7, 20, 2, 0, 0, 0, 0, 0]"
4270,<SOS>agness<EOS>     ,girl,"['a', 'g', 'n', 'e', 's', 's']",6,0.0,"[1, 3, 9, 16, 7, 21, 21, 2, 0, 0, 0, 0, 0]"
934,<SOS>ceylon<EOS>     ,boy,"['c', 'e', 'y', 'l', 'o', 'n']",6,1.0,"[1, 5, 7, 27, 14, 17, 16, 2, 0, 0, 0, 0, 0]"
2201,<SOS>hoover<EOS>     ,boy,"['h', 'o', 'o', 'v', 'e', 'r']",6,1.0,"[1, 10, 17, 17, 24, 7, 20, 2, 0, 0, 0, 0, 0]"
5095,<SOS>rosita<EOS>     ,girl,"['r', 'o', 's', 'i', 't', 'a']",6,0.0,"[1, 20, 17, 21, 11, 22, 3, 2, 0, 0, 0, 0, 0]"
1926,<SOS>goebel<EOS>     ,boy,"['g', 'o', 'e', 'b', 'e', 'l']",6,1.0,"[1, 9, 17, 7, 4, 7, 14, 2, 0, 0, 0, 0, 0]"
4728,<SOS>manila<EOS>     ,girl,"['m', 'a', 'n', 'i', 'l', 'a']",6,0.0,"[1, 15, 3, 16, 11, 14, 3, 2, 0, 0, 0, 0, 0]"
3822,<SOS>dellar<EOS>     ,girl,"['d', 'e', 'l', 'l', 'a', 'r']",6,0.0,"[1, 6, 7, 14, 14, 3, 20, 2, 0, 0, 0, 0, 0]"
2172,<SOS>harlen<EOS>     ,boy,"['h', 'a', 'r', 'l', 'e', 'n']",6,1.0,"[1, 10, 3, 20, 14, 7, 16, 2, 0, 0, 0, 0, 0]"
6380,<SOS>mikala<EOS>     ,girl,"['m', 'i', 'k', 'a', 'l', 'a']",6,0.0,"[1, 15, 11, 13, 3, 14, 3, 2, 0, 0, 0, 0, 0]"
4470,<SOS>lockie<EOS>     ,girl,"['l', 'o', 'c', 'k', 'i', 'e']",6,0.0,"[1, 14, 17, 5, 13, 11, 7, 2, 0, 0, 0, 0, 0]"
468,<SOS>egbert<EOS>     ,boy,"['e', 'g', 'b', 'e', 'r', 't']",6,1.0,"[1, 7, 9, 4, 7, 20, 22, 2, 0, 0, 0, 0, 0]"
1292,<SOS>greene<EOS>     ,boy,"['g', 'r', 'e', 'e', 'n', 'e']",6,1.0,"[1, 9, 20, 7, 7, 16, 7, 2, 0, 0, 0, 0, 0]"
6106,<SOS>kaylee<EOS>     ,girl,"['k', 'a', 'y', 'l', 'e', 'e']",6,0.0,"[1, 13, 3, 27, 14, 7, 7, 2, 0, 0, 0, 0, 0]"
1175,<SOS>wiliam<EOS>     ,boy,"['w', 'i', 'l', 'i', 'a', 'm']",6,1.0,"[1, 25, 11, 14, 11, 3, 15, 2, 0, 0, 0, 0, 0]"
2248,<SOS>darryl<EOS>     ,boy,"['d', 'a', 'r', 'r', 'y', 'l']",6,1.0,"[1, 6, 3, 20, 20, 27, 14, 2, 0, 0, 0, 0, 0]"
5600,<SOS>tamala<EOS>     ,girl,"['t', 'a', 'm', 'a', 'l', 'a']",6,0.0,"[1, 22, 3, 15, 3, 14, 3, 2, 0, 0, 0, 0, 0]"
4862,<SOS>azalee<EOS>     ,girl,"['a', 'z', 'a', 'l', 'e', 'e']",6,0.0,"[1, 3, 28, 3, 14, 7, 7, 2, 0, 0, 0, 0, 0]"
2274,<SOS>verlon<EOS>     ,boy,"['v', 'e', 'r', 'l', 'o', 'n']",6,1.0,"[1, 24, 7, 20, 14, 17, 16, 2, 0, 0, 0, 0, 0]"
6348,<SOS>jazmyn<EOS>     ,girl,"['j', 'a', 'z', 'm', 'y', 'n']",6,0.0,"[1, 12, 3, 28, 15, 27, 16, 2, 0, 0, 0, 0, 0]"
5990,<SOS>ariane<EOS>     ,girl,"['a', 'r', 'i', 'a', 'n', 'e']",6,0.0,"[1, 3, 20, 11, 3, 16, 7, 2, 0, 0, 0, 0, 0]"
2600,<SOS>jerrod<EOS>     ,boy,"['j', 'e', 'r', 'r', 'o', 'd']",6,1.0,"[1, 12, 7, 20, 20, 17, 6, 2, 0, 0, 0, 0, 0]"
222,<SOS>lonnie<EOS>     ,boy,"['l', 'o', 'n', 'n', 'i', 'e']",6,1.0,"[1, 14, 17, 16, 16, 11, 7, 2, 0, 0, 0, 0, 0]"
3075,<SOS>dallin<EOS>     ,boy,"['d', 'a', 'l', 'l', 'i', 'n']",6,1.0,"[1, 6, 3, 14, 14, 11, 16, 2, 0, 0, 0, 0, 0]"
6222,<SOS>sarina<EOS>     ,girl,"['s', 'a', 'r', 'i', 'n', 'a']",6,0.0,"[1, 21, 3, 20, 11, 16, 3, 2, 0, 0, 0, 0, 0]"
5952,<SOS>shante<EOS>     ,girl,"['s', 'h', 'a', 'n', 't', 'e']",6,0.0,"[1, 21, 10, 3, 16, 22, 7, 2, 0, 0, 0, 0, 0]"
563,<SOS>travis<EOS>     ,boy,"['t', 'r', 'a', 'v', 'i', 's']",6,1.0,"[1, 22, 20, 3, 24, 11, 21, 2, 0, 0, 0, 0, 0]"
2541,<SOS>kalvin<EOS>     ,boy,"['k', 'a', 'l', 'v', 'i', 'n']",6,1.0,"[1, 13, 3, 14, 24, 11, 16, 2, 0, 0, 0, 0, 0]"
2167,<SOS>dwayne<EOS>     ,boy,"['d', 'w', 'a', 'y', 'n', 'e']",6,1.0,"[1, 6, 25, 3, 27, 16, 7, 2, 0, 0, 0, 0, 0]"
2272,<SOS>delwin<EOS>     ,boy,"['d', 'e', 'l', 'w', 'i', 'n']",6,1.0,"[1, 6, 7, 14, 25, 11, 16, 2, 0, 0, 0, 0, 0]"
4454,<SOS>bettye<EOS>     ,girl,"['b', 'e', 't', 't', 'y', 'e']",6,0.0,"[1, 4, 7, 22, 22, 27, 7, 2, 0, 0, 0, 0, 0]"
4754,<SOS>odette<EOS>     ,girl,"['o', 'd', 'e', 't', 't', 'e']",6,0.0,"[1, 17, 6, 7, 22, 22, 7, 2, 0, 0, 0, 0, 0]"
2788,<SOS>jameel<EOS>     ,boy,"['j', 'a', 'm', 'e', 'e', 'l']",6,1.0,"[1, 12, 3, 15, 7, 7, 14, 2, 0, 0, 0, 0, 0]"
4708,<SOS>lorine<EOS>     ,girl,"['l', 'o', 'r', 'i', 'n', 'e']",6,0.0,"[1, 14, 17, 20, 11, 16, 7, 2, 0, 0, 0, 0, 0]"
1128,<SOS>graham<EOS>     ,boy,"['g', 'r', 'a', 'h', 'a', 'm']",6,1.0,"[1, 9, 20, 3, 10, 3, 15, 2, 0, 0, 0, 0, 0]"
4073,<SOS>lovisa<EOS>     ,girl,"['l', 'o', 'v', 'i', 's', 'a']",6,0.0,"[1, 14, 17, 24, 11, 21, 3, 2, 0, 0, 0, 0, 0]"
798,<SOS>theron<EOS>     ,boy,"['t', 'h', 'e', 'r', 'o', 'n']",6,1.0,"[1, 22, 10, 7, 20, 17, 16, 2, 0, 0, 0, 0, 0]"
1539,<SOS>ruffin<EOS>     ,boy,"['r', 'u', 'f', 'f', 'i', 'n']",6,1.0,"[1, 20, 23, 8, 8, 11, 16, 2, 0, 0, 0, 0, 0]"
3632,<SOS>pattie<EOS>     ,girl,"['p', 'a', 't', 't', 'i', 'e']",6,0.0,"[1, 18, 3, 22, 22, 11, 7, 2, 0, 0, 0, 0, 0]"
25,<SOS>ernest<EOS>     ,boy,"['e', 'r', 'n', 'e', 's', 't']",6,1.0,"[1, 7, 20, 16, 7, 21, 22, 2, 0, 0, 0, 0, 0]"
2231,<SOS>mervyn<EOS>     ,boy,"['m', 'e', 'r', 'v', 'y', 'n']",6,1.0,"[1, 15, 7, 20, 24, 27, 16, 2, 0, 0, 0, 0, 0]"
2439,<SOS>robbin<EOS>     ,boy,"['r', 'o', 'b', 'b', 'i', 'n']",6,1.0,"[1, 20, 17, 4, 4, 11, 16, 2, 0, 0, 0, 0, 0]"
6268,<SOS>heaven<EOS>     ,girl,"['h', 'e', 'a', 'v', 'e', 'n']",6,0.0,"[1, 10, 7, 3, 24, 7, 16, 2, 0, 0, 0, 0, 0]"
3324,<SOS>kamari<EOS>     ,boy,"['k', 'a', 'm', 'a', 'r', 'i']",6,1.0,"[1, 13, 3, 15, 3, 20, 11, 2, 0, 0, 0, 0, 0]"
185,<SOS>curtis<EOS>     ,boy,"['c', 'u', 'r', 't', 'i', 's']",6,1.0,"[1, 5, 23, 20, 22, 11, 21, 2, 0, 0, 0, 0, 0]"
15,<SOS>albert<EOS>     ,boy,"['a', 'l', 'b', 'e', 'r', 't']",6,1.0,"[1, 3, 14, 4, 7, 20, 22, 2, 0, 0, 0, 0, 0]"
6190,<SOS>lauryn<EOS>     ,girl,"['l', 'a', 'u', 'r', 'y', 'n']",6,0.0,"[1, 14, 3, 23, 20, 27, 16, 2, 0, 0, 0, 0, 0]"
5855,<SOS>bianca<EOS>     ,girl,"['b', 'i', 'a', 'n', 'c', 'a']",6,0.0,"[1, 4, 11, 3, 16, 5, 3, 2, 0, 0, 0, 0, 0]"
4299,<SOS>eithel<EOS>     ,girl,"['e', 'i', 't', 'h', 'e', 'l']",6,0.0,"[1, 7, 11, 22, 10, 7, 14, 2, 0, 0, 0, 0, 0]"
5390,<SOS>jaclyn<EOS>     ,girl,"['j', 'a', 'c', 'l', 'y', 'n']",6,0.0,"[1, 12, 3, 5, 14, 27, 16, 2, 0, 0, 0, 0, 0]"
6509,<SOS>kaylen<EOS>     ,girl,"['k', 'a', 'y', 'l', 'e', 'n']",6,0.0,"[1, 13, 3, 27, 14, 7, 16, 2, 0, 0, 0, 0, 0]"
1215,<SOS>shelly<EOS>     ,boy,"['s', 'h', 'e', 'l', 'l', 'y']",6,1.0,"[1, 21, 10, 7, 14, 14, 27, 2, 0, 0, 0, 0, 0]"
1579,<SOS>selmer<EOS>     ,boy,"['s', 'e', 'l', 'm', 'e', 'r']",6,1.0,"[1, 21, 7, 14, 15, 7, 20, 2, 0, 0, 0, 0, 0]"
5318,<SOS>leslee<EOS>     ,girl,"['l', 'e', 's', 'l', 'e', 'e']",6,0.0,"[1, 14, 7, 21, 14, 7, 7, 2, 0, 0, 0, 0, 0]"
3938,<SOS>tressa<EOS>     ,girl,"['t', 'r', 'e', 's', 's', 'a']",6,0.0,"[1, 22, 20, 7, 21, 21, 3, 2, 0, 0, 0, 0, 0]"
5631,<SOS>tawana<EOS>     ,girl,"['t', 'a', 'w', 'a', 'n', 'a']",6,0.0,"[1, 22, 3, 25, 3, 16, 3, 2, 0, 0, 0, 0, 0]"
2959,<SOS>colten<EOS>     ,boy,"['c', 'o', 'l', 't', 'e', 'n']",6,1.0,"[1, 5, 17, 14, 22, 7, 16, 2, 0, 0, 0, 0, 0]"
3591,<SOS>miriam<EOS>     ,girl,"['m', 'i', 'r', 'i', 'a', 'm']",6,0.0,"[1, 15, 11, 20, 11, 3, 15, 2, 0, 0, 0, 0, 0]"
1865,<SOS>boysie<EOS>     ,boy,"['b', 'o', 'y', 's', 'i', 'e']",6,1.0,"[1, 4, 17, 27, 21, 11, 7, 2, 0, 0, 0, 0, 0]"
1930,<SOS>collin<EOS>     ,boy,"['c', 'o', 'l', 'l', 'i', 'n']",6,1.0,"[1, 5, 17, 14, 14, 11, 16, 2, 0, 0, 0, 0, 0]"
3151,<SOS>reilly<EOS>     ,boy,"['r', 'e', 'i', 'l', 'l', 'y']",6,1.0,"[1, 20, 7, 11, 14, 14, 27, 2, 0, 0, 0, 0, 0]"
3068,<SOS>kieran<EOS>     ,boy,"['k', 'i', 'e', 'r', 'a', 'n']",6,1.0,"[1, 13, 11, 7, 20, 3, 16, 2, 0, 0, 0, 0, 0]"
859,<SOS>hallie<EOS>     ,boy,"['h', 'a', 'l', 'l', 'i', 'e']",6,1.0,"[1, 10, 3, 14, 14, 11, 7, 2, 0, 0, 0, 0, 0]"
803,<SOS>vivian<EOS>     ,boy,"['v', 'i', 'v', 'i', 'a', 'n']",6,1.0,"[1, 24, 11, 24, 11, 3, 16, 2, 0, 0, 0, 0, 0]"
3339,<SOS>jaidyn<EOS>     ,boy,"['j', 'a', 'i', 'd', 'y', 'n']",6,1.0,"[1, 12, 3, 11, 6, 27, 16, 2, 0, 0, 0, 0, 0]"
865,<SOS>hollie<EOS>     ,boy,"['h', 'o', 'l', 'l', 'i', 'e']",6,1.0,"[1, 10, 17, 14, 14, 11, 7, 2, 0, 0, 0, 0, 0]"
6323,<SOS>karley<EOS>     ,girl,"['k', 'a', 'r', 'l', 'e', 'y']",6,0.0,"[1, 13, 3, 20, 14, 7, 27, 2, 0, 0, 0, 0, 0]"
4443,<SOS>parlee<EOS>     ,girl,"['p', 'a', 'r', 'l', 'e', 'e']",6,0.0,"[1, 18, 3, 20, 14, 7, 7, 2, 0, 0, 0, 0, 0]"
4765,<SOS>allean<EOS>     ,girl,"['a', 'l', 'l', 'e', 'a', 'n']",6,0.0,"[1, 3, 14, 14, 7, 3, 16, 2, 0, 0, 0, 0, 0]"
1167,<SOS>seward<EOS>     ,boy,"['s', 'e', 'w', 'a', 'r', 'd']",6,1.0,"[1, 21, 7, 25, 3, 20, 6, 2, 0, 0, 0, 0, 0]"
5213,<SOS>kathie<EOS>     ,girl,"['k', 'a', 't', 'h', 'i', 'e']",6,0.0,"[1, 13, 3, 22, 10, 11, 7, 2, 0, 0, 0, 0, 0]"
1626,<SOS>hilmer<EOS>     ,boy,"['h', 'i', 'l', 'm', 'e', 'r']",6,1.0,"[1, 10, 11, 14, 15, 7, 20, 2, 0, 0, 0, 0, 0]"
6451,<SOS>ansley<EOS>     ,girl,"['a', 'n', 's', 'l', 'e', 'y']",6,0.0,"[1, 3, 16, 21, 14, 7, 27, 2, 0, 0, 0, 0, 0]"
2672,<SOS>kenyon<EOS>     ,boy,"['k', 'e', 'n', 'y', 'o', 'n']",6,1.0,"[1, 13, 7, 16, 27, 17, 16, 2, 0, 0, 0, 0, 0]"
415,<SOS>lucian<EOS>     ,boy,"['l', 'u', 'c', 'i', 'a', 'n']",6,1.0,"[1, 14, 23, 5, 11, 3, 16, 2, 0, 0, 0, 0, 0]"
2401,<SOS>kelvin<EOS>     ,boy,"['k', 'e', 'l', 'v', 'i', 'n']",6,1.0,"[1, 13, 7, 14, 24, 11, 16, 2, 0, 0, 0, 0, 0]"
4355,<SOS>leaner<EOS>     ,girl,"['l', 'e', 'a', 'n', 'e', 'r']",6,0.0,"[1, 14, 7, 3, 16, 7, 20, 2, 0, 0, 0, 0, 0]"
1641,<SOS>carlie<EOS>     ,boy,"['c', 'a', 'r', 'l', 'i', 'e']",6,1.0,"[1, 5, 3, 20, 14, 11, 7, 2, 0, 0, 0, 0, 0]"
5371,<SOS>lorrie<EOS>     ,girl,"['l', 'o', 'r', 'r', 'i', 'e']",6,0.0,"[1, 14, 17, 20, 20, 11, 7, 2, 0, 0, 0, 0, 0]"
213,<SOS>vernon<EOS>     ,boy,"['v', 'e', 'r', 'n', 'o', 'n']",6,1.0,"[1, 24, 7, 20, 16, 17, 16, 2, 0, 0, 0, 0, 0]"
2140,<SOS>minoru<EOS>     ,boy,"['m', 'i', 'n', 'o', 'r', 'u']",6,1.0,"[1, 15, 11, 16, 17, 20, 23, 2, 0, 0, 0, 0, 0]"
1636,<SOS>liston<EOS>     ,boy,"['l', 'i', 's', 't', 'o', 'n']",6,1.0,"[1, 14, 11, 21, 22, 17, 16, 2, 0, 0, 0, 0, 0]"
1933,<SOS>lauren<EOS>     ,boy,"['l', 'a', 'u', 'r', 'e', 'n']",6,1.0,"[1, 14, 3, 23, 20, 7, 16, 2, 0, 0, 0, 0, 0]"
4469,<SOS>lassie<EOS>     ,girl,"['l', 'a', 's', 's', 'i', 'e']",6,0.0,"[1, 14, 3, 21, 21, 11, 7, 2, 0, 0, 0, 0, 0]"
109,<SOS>alonzo<EOS>     ,boy,"['a', 'l', 'o', 'n', 'z', 'o']",6,1.0,"[1, 3, 14, 17, 16, 28, 17, 2, 0, 0, 0, 0, 0]"
3532,<SOS>emilie<EOS>     ,girl,"['e', 'm', 'i', 'l', 'i', 'e']",6,0.0,"[1, 7, 15, 11, 14, 11, 7, 2, 0, 0, 0, 0, 0]"
3319,<SOS>konner<EOS>     ,boy,"['k', 'o', 'n', 'n', 'e', 'r']",6,1.0,"[1, 13, 17, 16, 16, 7, 20, 2, 0, 0, 0, 0, 0]"
6526,<SOS>nyasia<EOS>     ,girl,"['n', 'y', 'a', 's', 'i', 'a']",6,0.0,"[1, 16, 27, 3, 21, 11, 3, 2, 0, 0, 0, 0, 0]"
2902,<SOS>alonso<EOS>     ,boy,"['a', 'l', 'o', 'n', 's', 'o']",6,1.0,"[1, 3, 14, 17, 16, 21, 17, 2, 0, 0, 0, 0, 0]"
1104,<SOS>callie<EOS>     ,boy,"['c', 'a', 'l', 'l', 'i', 'e']",6,1.0,"[1, 5, 3, 14, 14, 11, 7, 2, 0, 0, 0, 0, 0]"
3554,<SOS>regina<EOS>     ,girl,"['r', 'e', 'g', 'i', 'n', 'a']",6,0.0,"[1, 20, 7, 9, 11, 16, 3, 2, 0, 0, 0, 0, 0]"
6192,<SOS>kailey<EOS>     ,girl,"['k', 'a', 'i', 'l', 'e', 'y']",6,0.0,"[1, 13, 3, 11, 14, 7, 27, 2, 0, 0, 0, 0, 0]"
2931,<SOS>derrek<EOS>     ,boy,"['d', 'e', 'r', 'r', 'e', 'k']",6,1.0,"[1, 6, 7, 20, 20, 7, 13, 2, 0, 0, 0, 0, 0]"
2485,<SOS>andrea<EOS>     ,boy,"['a', 'n', 'd', 'r', 'e', 'a']",6,1.0,"[1, 3, 16, 6, 20, 7, 3, 2, 0, 0, 0, 0, 0]"
4976,<SOS>venice<EOS>     ,girl,"['v', 'e', 'n', 'i', 'c', 'e']",6,0.0,"[1, 24, 7, 16, 11, 5, 7, 2, 0, 0, 0, 0, 0]"
2445,<SOS>antony<EOS>     ,boy,"['a', 'n', 't', 'o', 'n', 'y']",6,1.0,"[1, 3, 16, 22, 17, 16, 27, 2, 0, 0, 0, 0, 0]"
4640,<SOS>monnie<EOS>     ,girl,"['m', 'o', 'n', 'n', 'i', 'e']",6,0.0,"[1, 15, 17, 16, 16, 11, 7, 2, 0, 0, 0, 0, 0]"
675,<SOS>parley<EOS>     ,boy,"['p', 'a', 'r', 'l', 'e', 'y']",6,1.0,"[1, 18, 3, 20, 14, 7, 27, 2, 0, 0, 0, 0, 0]"
5170,<SOS>dianna<EOS>     ,girl,"['d', 'i', 'a', 'n', 'n', 'a']",6,0.0,"[1, 6, 11, 3, 16, 16, 3, 2, 0, 0, 0, 0, 0]"
135,<SOS>victor<EOS>     ,boy,"['v', 'i', 'c', 't', 'o', 'r']",6,1.0,"[1, 24, 11, 5, 22, 17, 20, 2, 0, 0, 0, 0, 0]"
4322,<SOS>trudie<EOS>     ,girl,"['t', 'r', 'u', 'd', 'i', 'e']",6,0.0,"[1, 22, 20, 23, 6, 11, 7, 2, 0, 0, 0, 0, 0]"
1574,<SOS>leonce<EOS>     ,boy,"['l', 'e', 'o', 'n', 'c', 'e']",6,1.0,"[1, 14, 7, 17, 16, 5, 7, 2, 0, 0, 0, 0, 0]"
1351,<SOS>estill<EOS>     ,boy,"['e', 's', 't', 'i', 'l', 'l']",6,1.0,"[1, 7, 21, 22, 11, 14, 14, 2, 0, 0, 0, 0, 0]"
2976,<SOS>infant<EOS>     ,boy,"['i', 'n', 'f', 'a', 'n', 't']",6,1.0,"[1, 11, 16, 8, 3, 16, 22, 2, 0, 0, 0, 0, 0]"
6707,<SOS>bethzy<EOS>     ,girl,"['b', 'e', 't', 'h', 'z', 'y']",6,0.0,"[1, 4, 7, 22, 10, 28, 27, 2, 0, 0, 0, 0, 0]"
2333,<SOS>darell<EOS>     ,boy,"['d', 'a', 'r', 'e', 'l', 'l']",6,1.0,"[1, 6, 3, 20, 7, 14, 14, 2, 0, 0, 0, 0, 0]"
3204,<SOS>matteo<EOS>     ,boy,"['m', 'a', 't', 't', 'e', 'o']",6,1.0,"[1, 15, 3, 22, 22, 7, 17, 2, 0, 0, 0, 0, 0]"
6202,<SOS>kaylie<EOS>     ,girl,"['k', 'a', 'y', 'l', 'i', 'e']",6,0.0,"[1, 13, 3, 27, 14, 11, 7, 2, 0, 0, 0, 0, 0]"
876,<SOS>mervin<EOS>     ,boy,"['m', 'e', 'r', 'v', 'i', 'n']",6,1.0,"[1, 15, 7, 20, 24, 11, 16, 2, 0, 0, 0, 0, 0]"
1622,<SOS>cephus<EOS>     ,boy,"['c', 'e', 'p', 'h', 'u', 's']",6,1.0,"[1, 5, 7, 18, 10, 23, 21, 2, 0, 0, 0, 0, 0]"
1386,<SOS>vollie<EOS>     ,boy,"['v', 'o', 'l', 'l', 'i', 'e']",6,1.0,"[1, 24, 17, 14, 14, 11, 7, 2, 0, 0, 0, 0, 0]"
6027,<SOS>renada<EOS>     ,girl,"['r', 'e', 'n', 'a', 'd', 'a']",6,0.0,"[1, 20, 7, 16, 3, 6, 3, 2, 0, 0, 0, 0, 0]"
6141,<SOS>kelsie<EOS>     ,girl,"['k', 'e', 'l', 's', 'i', 'e']",6,0.0,"[1, 13, 7, 14, 21, 11, 7, 2, 0, 0, 0, 0, 0]"
658,<SOS>isreal<EOS>     ,boy,"['i', 's', 'r', 'e', 'a', 'l']",6,1.0,"[1, 11, 21, 20, 7, 3, 14, 2, 0, 0, 0, 0, 0]"
6715,<SOS>malaya<EOS>     ,girl,"['m', 'a', 'l', 'a', 'y', 'a']",6,0.0,"[1, 15, 3, 14, 3, 27, 3, 2, 0, 0, 0, 0, 0]"
3194,<SOS>izaiah<EOS>     ,boy,"['i', 'z', 'a', 'i', 'a', 'h']",6,1.0,"[1, 11, 28, 3, 11, 3, 10, 2, 0, 0, 0, 0, 0]"
4426,<SOS>elenor<EOS>     ,girl,"['e', 'l', 'e', 'n', 'o', 'r']",6,0.0,"[1, 7, 14, 7, 16, 17, 20, 2, 0, 0, 0, 0, 0]"
3993,<SOS>leatha<EOS>     ,girl,"['l', 'e', 'a', 't', 'h', 'a']",6,0.0,"[1, 14, 7, 3, 22, 10, 3, 2, 0, 0, 0, 0, 0]"
1426,<SOS>zollie<EOS>     ,boy,"['z', 'o', 'l', 'l', 'i', 'e']",6,1.0,"[1, 28, 17, 14, 14, 11, 7, 2, 0, 0, 0, 0, 0]"
1085,<SOS>murphy<EOS>     ,boy,"['m', 'u', 'r', 'p', 'h', 'y']",6,1.0,"[1, 15, 23, 20, 18, 10, 27, 2, 0, 0, 0, 0, 0]"
5229,<SOS>sharyn<EOS>     ,girl,"['s', 'h', 'a', 'r', 'y', 'n']",6,0.0,"[1, 21, 10, 3, 20, 27, 16, 2, 0, 0, 0, 0, 0]"
2010,<SOS>darrel<EOS>     ,boy,"['d', 'a', 'r', 'r', 'e', 'l']",6,1.0,"[1, 6, 3, 20, 20, 7, 14, 2, 0, 0, 0, 0, 0]"
6728,<SOS>jordin<EOS>     ,girl,"['j', 'o', 'r', 'd', 'i', 'n']",6,0.0,"[1, 12, 17, 20, 6, 11, 16, 2, 0, 0, 0, 0, 0]"
1702,<SOS>robbie<EOS>     ,boy,"['r', 'o', 'b', 'b', 'i', 'e']",6,1.0,"[1, 20, 17, 4, 4, 11, 7, 2, 0, 0, 0, 0, 0]"
4909,<SOS>venita<EOS>     ,girl,"['v', 'e', 'n', 'i', 't', 'a']",6,0.0,"[1, 24, 7, 16, 11, 22, 3, 2, 0, 0, 0, 0, 0]"
413,<SOS>johnie<EOS>     ,boy,"['j', 'o', 'h', 'n', 'i', 'e']",6,1.0,"[1, 12, 17, 10, 16, 11, 7, 2, 0, 0, 0, 0, 0]"
5803,<SOS>brenna<EOS>     ,girl,"['b', 'r', 'e', 'n', 'n', 'a']",6,0.0,"[1, 4, 20, 7, 16, 16, 3, 2, 0, 0, 0, 0, 0]"
2928,<SOS>martez<EOS>     ,boy,"['m', 'a', 'r', 't', 'e', 'z']",6,1.0,"[1, 15, 3, 20, 22, 7, 28, 2, 0, 0, 0, 0, 0]"
3446,<SOS>mollie<EOS>     ,girl,"['m', 'o', 'l', 'l', 'i', 'e']",6,0.0,"[1, 15, 17, 14, 14, 11, 7, 2, 0, 0, 0, 0, 0]"
6,<SOS>joseph<EOS>     ,boy,"['j', 'o', 's', 'e', 'p', 'h']",6,1.0,"[1, 12, 17, 21, 7, 18, 10, 2, 0, 0, 0, 0, 0]"
4120,<SOS>alicia<EOS>     ,girl,"['a', 'l', 'i', 'c', 'i', 'a']",6,0.0,"[1, 3, 14, 11, 5, 11, 3, 2, 0, 0, 0, 0, 0]"
4672,<SOS>yvonne<EOS>     ,girl,"['y', 'v', 'o', 'n', 'n', 'e']",6,0.0,"[1, 27, 24, 17, 16, 16, 7, 2, 0, 0, 0, 0, 0]"
3676,<SOS>cecile<EOS>     ,girl,"['c', 'e', 'c', 'i', 'l', 'e']",6,0.0,"[1, 5, 7, 5, 11, 14, 7, 2, 0, 0, 0, 0, 0]"
5218,<SOS>sharen<EOS>     ,girl,"['s', 'h', 'a', 'r', 'e', 'n']",6,0.0,"[1, 21, 10, 3, 20, 7, 16, 2, 0, 0, 0, 0, 0]"
1432,<SOS>bowman<EOS>     ,boy,"['b', 'o', 'w', 'm', 'a', 'n']",6,1.0,"[1, 4, 17, 25, 15, 3, 16, 2, 0, 0, 0, 0, 0]"
1263,<SOS>bayard<EOS>     ,boy,"['b', 'a', 'y', 'a', 'r', 'd']",6,1.0,"[1, 4, 3, 27, 3, 20, 6, 2, 0, 0, 0, 0, 0]"
1941,<SOS>kermit<EOS>     ,boy,"['k', 'e', 'r', 'm', 'i', 't']",6,1.0,"[1, 13, 7, 20, 15, 11, 22, 2, 0, 0, 0, 0, 0]"
2407,<SOS>efrain<EOS>     ,boy,"['e', 'f', 'r', 'a', 'i', 'n']",6,1.0,"[1, 7, 8, 20, 3, 11, 16, 2, 0, 0, 0, 0, 0]"
228,<SOS>jerome<EOS>     ,boy,"['j', 'e', 'r', 'o', 'm', 'e']",6,1.0,"[1, 12, 7, 20, 17, 15, 7, 2, 0, 0, 0, 0, 0]"
6213,<SOS>kimber<EOS>     ,girl,"['k', 'i', 'm', 'b', 'e', 'r']",6,0.0,"[1, 13, 11, 15, 4, 7, 20, 2, 0, 0, 0, 0, 0]"
3588,<SOS>geneva<EOS>     ,girl,"['g', 'e', 'n', 'e', 'v', 'a']",6,0.0,"[1, 9, 7, 16, 7, 24, 3, 2, 0, 0, 0, 0, 0]"
585,<SOS>gerald<EOS>     ,boy,"['g', 'e', 'r', 'a', 'l', 'd']",6,1.0,"[1, 9, 7, 20, 3, 14, 6, 2, 0, 0, 0, 0, 0]"
4147,<SOS>delina<EOS>     ,girl,"['d', 'e', 'l', 'i', 'n', 'a']",6,0.0,"[1, 6, 7, 14, 11, 16, 3, 2, 0, 0, 0, 0, 0]"
2301,<SOS>rondal<EOS>     ,boy,"['r', 'o', 'n', 'd', 'a', 'l']",6,1.0,"[1, 20, 17, 16, 6, 3, 14, 2, 0, 0, 0, 0, 0]"
2918,<SOS>ulises<EOS>     ,boy,"['u', 'l', 'i', 's', 'e', 's']",6,1.0,"[1, 23, 14, 11, 21, 7, 21, 2, 0, 0, 0, 0, 0]"
893,<SOS>sammie<EOS>     ,boy,"['s', 'a', 'm', 'm', 'i', 'e']",6,1.0,"[1, 21, 3, 15, 15, 11, 7, 2, 0, 0, 0, 0, 0]"
5914,<SOS>pepper<EOS>     ,girl,"['p', 'e', 'p', 'p', 'e', 'r']",6,0.0,"[1, 18, 7, 18, 18, 7, 20, 2, 0, 0, 0, 0, 0]"
3310,<SOS>jaquez<EOS>     ,boy,"['j', 'a', 'q', 'u', 'e', 'z']",6,1.0,"[1, 12, 3, 19, 23, 7, 28, 2, 0, 0, 0, 0, 0]"
6105,<SOS>grisel<EOS>     ,girl,"['g', 'r', 'i', 's', 'e', 'l']",6,0.0,"[1, 9, 20, 11, 21, 7, 14, 2, 0, 0, 0, 0, 0]"
5538,<SOS>alesia<EOS>     ,girl,"['a', 'l', 'e', 's', 'i', 'a']",6,0.0,"[1, 3, 14, 7, 21, 11, 3, 2, 0, 0, 0, 0, 0]"
2292,<SOS>delvin<EOS>     ,boy,"['d', 'e', 'l', 'v', 'i', 'n']",6,1.0,"[1, 6, 7, 14, 24, 11, 16, 2, 0, 0, 0, 0, 0]"
3654,<SOS>libbie<EOS>     ,girl,"['l', 'i', 'b', 'b', 'i', 'e']",6,0.0,"[1, 14, 11, 4, 4, 11, 7, 2, 0, 0, 0, 0, 0]"
3852,<SOS>alvena<EOS>     ,girl,"['a', 'l', 'v', 'e', 'n', 'a']",6,0.0,"[1, 3, 14, 24, 7, 16, 3, 2, 0, 0, 0, 0, 0]"
1065,<SOS>ashton<EOS>     ,boy,"['a', 's', 'h', 't', 'o', 'n']",6,1.0,"[1, 3, 21, 10, 22, 17, 16, 2, 0, 0, 0, 0, 0]"
3227,<SOS>camren<EOS>     ,boy,"['c', 'a', 'm', 'r', 'e', 'n']",6,1.0,"[1, 5, 3, 15, 20, 7, 16, 2, 0, 0, 0, 0, 0]"
1725,<SOS>leamon<EOS>     ,boy,"['l', 'e', 'a', 'm', 'o', 'n']",6,1.0,"[1, 14, 7, 3, 15, 17, 16, 2, 0, 0, 0, 0, 0]"
285,<SOS>gustav<EOS>     ,boy,"['g', 'u', 's', 't', 'a', 'v']",6,1.0,"[1, 9, 23, 21, 22, 3, 24, 2, 0, 0, 0, 0, 0]"
3437,<SOS>stella<EOS>     ,girl,"['s', 't', 'e', 'l', 'l', 'a']",6,0.0,"[1, 21, 22, 7, 14, 14, 3, 2, 0, 0, 0, 0, 0]"
6165,<SOS>ashlyn<EOS>     ,girl,"['a', 's', 'h', 'l', 'y', 'n']",6,0.0,"[1, 3, 21, 10, 14, 27, 16, 2, 0, 0, 0, 0, 0]"
4258,<SOS>ressie<EOS>     ,girl,"['r', 'e', 's', 's', 'i', 'e']",6,0.0,"[1, 20, 7, 21, 21, 11, 7, 2, 0, 0, 0, 0, 0]"
6590,<SOS>ximena<EOS>     ,girl,"['x', 'i', 'm', 'e', 'n', 'a']",6,0.0,"[1, 26, 11, 15, 7, 16, 3, 2, 0, 0, 0, 0, 0]"
4430,<SOS>almina<EOS>     ,girl,"['a', 'l', 'm', 'i', 'n', 'a']",6,0.0,"[1, 3, 14, 15, 11, 16, 3, 2, 0, 0, 0, 0, 0]"
4459,<SOS>deetta<EOS>     ,girl,"['d', 'e', 'e', 't', 't', 'a']",6,0.0,"[1, 6, 7, 7, 22, 22, 3, 2, 0, 0, 0, 0, 0]"
5485,<SOS>kellie<EOS>     ,girl,"['k', 'e', 'l', 'l', 'i', 'e']",6,0.0,"[1, 13, 7, 14, 14, 11, 7, 2, 0, 0, 0, 0, 0]"
3274,<SOS>alijah<EOS>     ,boy,"['a', 'l', 'i', 'j', 'a', 'h']",6,1.0,"[1, 3, 14, 11, 12, 3, 10, 2, 0, 0, 0, 0, 0]"
5433,<SOS>zandra<EOS>     ,girl,"['z', 'a', 'n', 'd', 'r', 'a']",6,0.0,"[1, 28, 3, 16, 6, 20, 3, 2, 0, 0, 0, 0, 0]"
2561,<SOS>vinson<EOS>     ,boy,"['v', 'i', 'n', 's', 'o', 'n']",6,1.0,"[1, 24, 11, 16, 21, 17, 16, 2, 0, 0, 0, 0, 0]"
5728,<SOS>nicola<EOS>     ,girl,"['n', 'i', 'c', 'o', 'l', 'a']",6,0.0,"[1, 16, 11, 5, 17, 14, 3, 2, 0, 0, 0, 0, 0]"
78,<SOS>horace<EOS>     ,boy,"['h', 'o', 'r', 'a', 'c', 'e']",6,1.0,"[1, 10, 17, 20, 3, 5, 7, 2, 0, 0, 0, 0, 0]"
519,<SOS>rodney<EOS>     ,boy,"['r', 'o', 'd', 'n', 'e', 'y']",6,1.0,"[1, 20, 17, 6, 16, 7, 27, 2, 0, 0, 0, 0, 0]"
5957,<SOS>shalon<EOS>     ,girl,"['s', 'h', 'a', 'l', 'o', 'n']",6,0.0,"[1, 21, 10, 3, 14, 17, 16, 2, 0, 0, 0, 0, 0]"
1266,<SOS>booker<EOS>     ,boy,"['b', 'o', 'o', 'k', 'e', 'r']",6,1.0,"[1, 4, 17, 17, 13, 7, 20, 2, 0, 0, 0, 0, 0]"
5328,<SOS>kendra<EOS>     ,girl,"['k', 'e', 'n', 'd', 'r', 'a']",6,0.0,"[1, 13, 7, 16, 6, 20, 3, 2, 0, 0, 0, 0, 0]"
6349,<SOS>yazmin<EOS>     ,girl,"['y', 'a', 'z', 'm', 'i', 'n']",6,0.0,"[1, 27, 3, 28, 15, 11, 16, 2, 0, 0, 0, 0, 0]"
2774,<SOS>raheem<EOS>     ,boy,"['r', 'a', 'h', 'e', 'e', 'm']",6,1.0,"[1, 20, 3, 10, 7, 7, 15, 2, 0, 0, 0, 0, 0]"
3394,<SOS>izayah<EOS>     ,boy,"['i', 'z', 'a', 'y', 'a', 'h']",6,1.0,"[1, 11, 28, 3, 27, 3, 10, 2, 0, 0, 0, 0, 0]"
3432,<SOS>deegan<EOS>     ,boy,"['d', 'e', 'e', 'g', 'a', 'n']",6,1.0,"[1, 6, 7, 7, 9, 3, 16, 2, 0, 0, 0, 0, 0]"
4770,<SOS>ethyle<EOS>     ,girl,"['e', 't', 'h', 'y', 'l', 'e']",6,0.0,"[1, 7, 22, 10, 27, 14, 7, 2, 0, 0, 0, 0, 0]"
4757,<SOS>portia<EOS>     ,girl,"['p', 'o', 'r', 't', 'i', 'a']",6,0.0,"[1, 18, 17, 20, 22, 11, 3, 2, 0, 0, 0, 0, 0]"
4825,<SOS>beadie<EOS>     ,girl,"['b', 'e', 'a', 'd', 'i', 'e']",6,0.0,"[1, 4, 7, 3, 6, 11, 7, 2, 0, 0, 0, 0, 0]"
5615,<SOS>djuana<EOS>     ,girl,"['d', 'j', 'u', 'a', 'n', 'a']",6,0.0,"[1, 6, 12, 23, 3, 16, 3, 2, 0, 0, 0, 0, 0]"
3382,<SOS>zayden<EOS>     ,boy,"['z', 'a', 'y', 'd', 'e', 'n']",6,1.0,"[1, 28, 3, 27, 6, 7, 16, 2, 0, 0, 0, 0, 0]"
5025,<SOS>ailene<EOS>     ,girl,"['a', 'i', 'l', 'e', 'n', 'e']",6,0.0,"[1, 3, 11, 14, 7, 16, 7, 2, 0, 0, 0, 0, 0]"
2429,<SOS>darren<EOS>     ,boy,"['d', 'a', 'r', 'r', 'e', 'n']",6,1.0,"[1, 6, 3, 20, 20, 7, 16, 2, 0, 0, 0, 0, 0]"
3872,<SOS>kattie<EOS>     ,girl,"['k', 'a', 't', 't', 'i', 'e']",6,0.0,"[1, 13, 3, 22, 22, 11, 7, 2, 0, 0, 0, 0, 0]"
3480,<SOS>birdie<EOS>     ,girl,"['b', 'i', 'r', 'd', 'i', 'e']",6,0.0,"[1, 4, 11, 20, 6, 11, 7, 2, 0, 0, 0, 0, 0]"
1131,<SOS>harvie<EOS>     ,boy,"['h', 'a', 'r', 'v', 'i', 'e']",6,1.0,"[1, 10, 3, 20, 24, 11, 7, 2, 0, 0, 0, 0, 0]"
6712,<SOS>jaylah<EOS>     ,girl,"['j', 'a', 'y', 'l', 'a', 'h']",6,0.0,"[1, 12, 3, 27, 14, 3, 10, 2, 0, 0, 0, 0, 0]"
6307,<SOS>miriah<EOS>     ,girl,"['m', 'i', 'r', 'i', 'a', 'h']",6,0.0,"[1, 15, 11, 20, 11, 3, 10, 2, 0, 0, 0, 0, 0]"
4298,<SOS>dollye<EOS>     ,girl,"['d', 'o', 'l', 'l', 'y', 'e']",6,0.0,"[1, 6, 17, 14, 14, 27, 7, 2, 0, 0, 0, 0, 0]"
3438,<SOS>sallie<EOS>     ,girl,"['s', 'a', 'l', 'l', 'i', 'e']",6,0.0,"[1, 21, 3, 14, 14, 11, 7, 2, 0, 0, 0, 0, 0]"
5489,<SOS>jeanna<EOS>     ,girl,"['j', 'e', 'a', 'n', 'n', 'a']",6,0.0,"[1, 12, 7, 3, 16, 16, 3, 2, 0, 0, 0, 0, 0]"
2734,<SOS>taurus<EOS>     ,boy,"['t', 'a', 'u', 'r', 'u', 's']",6,1.0,"[1, 22, 3, 23, 20, 23, 21, 2, 0, 0, 0, 0, 0]"
5700,<SOS>ericka<EOS>     ,girl,"['e', 'r', 'i', 'c', 'k', 'a']",6,0.0,"[1, 7, 20, 11, 5, 13, 3, 2, 0, 0, 0, 0, 0]"
5583,<SOS>alecia<EOS>     ,girl,"['a', 'l', 'e', 'c', 'i', 'a']",6,0.0,"[1, 3, 14, 7, 5, 11, 3, 2, 0, 0, 0, 0, 0]"
4011,<SOS>odelia<EOS>     ,girl,"['o', 'd', 'e', 'l', 'i', 'a']",6,0.0,"[1, 17, 6, 7, 14, 11, 3, 2, 0, 0, 0, 0, 0]"
2720,<SOS>brandy<EOS>     ,boy,"['b', 'r', 'a', 'n', 'd', 'y']",6,1.0,"[1, 4, 20, 3, 16, 6, 27, 2, 0, 0, 0, 0, 0]"
766,<SOS>eligah<EOS>     ,boy,"['e', 'l', 'i', 'g', 'a', 'h']",6,1.0,"[1, 7, 14, 11, 9, 3, 10, 2, 0, 0, 0, 0, 0]"
1695,<SOS>esther<EOS>     ,boy,"['e', 's', 't', 'h', 'e', 'r']",6,1.0,"[1, 7, 21, 22, 10, 7, 20, 2, 0, 0, 0, 0, 0]"
181,<SOS>newton<EOS>     ,boy,"['n', 'e', 'w', 't', 'o', 'n']",6,1.0,"[1, 16, 7, 25, 22, 17, 16, 2, 0, 0, 0, 0, 0]"
2410,<SOS>marlon<EOS>     ,boy,"['m', 'a', 'r', 'l', 'o', 'n']",6,1.0,"[1, 15, 3, 20, 14, 17, 16, 2, 0, 0, 0, 0, 0]"
6763,<SOS>lailah<EOS>     ,girl,"['l', 'a', 'i', 'l', 'a', 'h']",6,0.0,"[1, 14, 3, 11, 14, 3, 10, 2, 0, 0, 0, 0, 0]"
206,<SOS>hubert<EOS>     ,boy,"['h', 'u', 'b', 'e', 'r', 't']",6,1.0,"[1, 10, 23, 4, 7, 20, 22, 2, 0, 0, 0, 0, 0]"
5263,<SOS>terrie<EOS>     ,girl,"['t', 'e', 'r', 'r', 'i', 'e']",6,0.0,"[1, 22, 7, 20, 20, 11, 7, 2, 0, 0, 0, 0, 0]"
1352,<SOS>fenton<EOS>     ,boy,"['f', 'e', 'n', 't', 'o', 'n']",6,1.0,"[1, 8, 7, 16, 22, 17, 16, 2, 0, 0, 0, 0, 0]"
1455,<SOS>glover<EOS>     ,boy,"['g', 'l', 'o', 'v', 'e', 'r']",6,1.0,"[1, 9, 14, 17, 24, 7, 20, 2, 0, 0, 0, 0, 0]"
3525,<SOS>teresa<EOS>     ,girl,"['t', 'e', 'r', 'e', 's', 'a']",6,0.0,"[1, 22, 7, 20, 7, 21, 3, 2, 0, 0, 0, 0, 0]"
6197,<SOS>tianna<EOS>     ,girl,"['t', 'i', 'a', 'n', 'n', 'a']",6,0.0,"[1, 22, 11, 3, 16, 16, 3, 2, 0, 0, 0, 0, 0]"
4049,<SOS>elvina<EOS>     ,girl,"['e', 'l', 'v', 'i', 'n', 'a']",6,0.0,"[1, 7, 14, 24, 11, 16, 3, 2, 0, 0, 0, 0, 0]"
6017,<SOS>ayesha<EOS>     ,girl,"['a', 'y', 'e', 's', 'h', 'a']",6,0.0,"[1, 3, 27, 7, 21, 10, 3, 2, 0, 0, 0, 0, 0]"
5498,<SOS>glynis<EOS>     ,girl,"['g', 'l', 'y', 'n', 'i', 's']",6,0.0,"[1, 9, 14, 27, 16, 11, 21, 2, 0, 0, 0, 0, 0]"
2095,<SOS>erling<EOS>     ,boy,"['e', 'r', 'l', 'i', 'n', 'g']",6,1.0,"[1, 7, 20, 14, 11, 16, 9, 2, 0, 0, 0, 0, 0]"
1274,<SOS>donnie<EOS>     ,boy,"['d', 'o', 'n', 'n', 'i', 'e']",6,1.0,"[1, 6, 17, 16, 16, 11, 7, 2, 0, 0, 0, 0, 0]"
3813,<SOS>amalia<EOS>     ,girl,"['a', 'm', 'a', 'l', 'i', 'a']",6,0.0,"[1, 3, 15, 3, 14, 11, 3, 2, 0, 0, 0, 0, 0]"
6384,<SOS>kenzie<EOS>     ,girl,"['k', 'e', 'n', 'z', 'i', 'e']",6,0.0,"[1, 13, 7, 16, 28, 11, 7, 2, 0, 0, 0, 0, 0]"
5926,<SOS>jaimee<EOS>     ,girl,"['j', 'a', 'i', 'm', 'e', 'e']",6,0.0,"[1, 12, 3, 11, 15, 7, 7, 2, 0, 0, 0, 0, 0]"
5182,<SOS>jonell<EOS>     ,girl,"['j', 'o', 'n', 'e', 'l', 'l']",6,0.0,"[1, 12, 17, 16, 7, 14, 14, 2, 0, 0, 0, 0, 0]"
6309,<SOS>kelcie<EOS>     ,girl,"['k', 'e', 'l', 'c', 'i', 'e']",6,0.0,"[1, 13, 7, 14, 5, 11, 7, 2, 0, 0, 0, 0, 0]"
73,<SOS>august<EOS>     ,boy,"['a', 'u', 'g', 'u', 's', 't']",6,1.0,"[1, 3, 23, 9, 23, 21, 22, 2, 0, 0, 0, 0, 0]"
6206,<SOS>jalisa<EOS>     ,girl,"['j', 'a', 'l', 'i', 's', 'a']",6,0.0,"[1, 12, 3, 14, 11, 21, 3, 2, 0, 0, 0, 0, 0]"
4386,<SOS>denise<EOS>     ,girl,"['d', 'e', 'n', 'i', 's', 'e']",6,0.0,"[1, 6, 7, 16, 11, 21, 7, 2, 0, 0, 0, 0, 0]"
3756,<SOS>nevada<EOS>     ,girl,"['n', 'e', 'v', 'a', 'd', 'a']",6,0.0,"[1, 16, 7, 24, 3, 6, 3, 2, 0, 0, 0, 0, 0]"
4592,<SOS>verlie<EOS>     ,girl,"['v', 'e', 'r', 'l', 'i', 'e']",6,0.0,"[1, 24, 7, 20, 14, 11, 7, 2, 0, 0, 0, 0, 0]"
2863,<SOS>skyler<EOS>     ,boy,"['s', 'k', 'y', 'l', 'e', 'r']",6,1.0,"[1, 21, 13, 27, 14, 7, 20, 2, 0, 0, 0, 0, 0]"
4444,<SOS>pearla<EOS>     ,girl,"['p', 'e', 'a', 'r', 'l', 'a']",6,0.0,"[1, 18, 7, 3, 20, 14, 3, 2, 0, 0, 0, 0, 0]"
6157,<SOS>sharde<EOS>     ,girl,"['s', 'h', 'a', 'r', 'd', 'e']",6,0.0,"[1, 21, 10, 3, 20, 6, 7, 2, 0, 0, 0, 0, 0]"
1925,<SOS>estell<EOS>     ,boy,"['e', 's', 't', 'e', 'l', 'l']",6,1.0,"[1, 7, 21, 22, 7, 14, 14, 2, 0, 0, 0, 0, 0]"
3325,<SOS>kaeden<EOS>     ,boy,"['k', 'a', 'e', 'd', 'e', 'n']",6,1.0,"[1, 13, 3, 7, 6, 7, 16, 2, 0, 0, 0, 0, 0]"
3207,<SOS>brycen<EOS>     ,boy,"['b', 'r', 'y', 'c', 'e', 'n']",6,1.0,"[1, 4, 20, 27, 5, 7, 16, 2, 0, 0, 0, 0, 0]"
1631,<SOS>julien<EOS>     ,boy,"['j', 'u', 'l', 'i', 'e', 'n']",6,1.0,"[1, 12, 23, 14, 11, 7, 16, 2, 0, 0, 0, 0, 0]"
6085,<SOS>carley<EOS>     ,girl,"['c', 'a', 'r', 'l', 'e', 'y']",6,0.0,"[1, 5, 3, 20, 14, 7, 27, 2, 0, 0, 0, 0, 0]"
5319,<SOS>deidre<EOS>     ,girl,"['d', 'e', 'i', 'd', 'r', 'e']",6,0.0,"[1, 6, 7, 11, 6, 20, 7, 2, 0, 0, 0, 0, 0]"
2861,<SOS>isaias<EOS>     ,boy,"['i', 's', 'a', 'i', 'a', 's']",6,1.0,"[1, 11, 21, 3, 11, 3, 21, 2, 0, 0, 0, 0, 0]"
1190,<SOS>gibson<EOS>     ,boy,"['g', 'i', 'b', 's', 'o', 'n']",6,1.0,"[1, 9, 11, 4, 21, 17, 16, 2, 0, 0, 0, 0, 0]"
3833,<SOS>lavina<EOS>     ,girl,"['l', 'a', 'v', 'i', 'n', 'a']",6,0.0,"[1, 14, 3, 24, 11, 16, 3, 2, 0, 0, 0, 0, 0]"
6591,<SOS>jimena<EOS>     ,girl,"['j', 'i', 'm', 'e', 'n', 'a']",6,0.0,"[1, 12, 11, 15, 7, 16, 3, 2, 0, 0, 0, 0, 0]"
1151,<SOS>marcel<EOS>     ,boy,"['m', 'a', 'r', 'c', 'e', 'l']",6,1.0,"[1, 15, 3, 20, 5, 7, 14, 2, 0, 0, 0, 0, 0]"
1514,<SOS>rueben<EOS>     ,boy,"['r', 'u', 'e', 'b', 'e', 'n']",6,1.0,"[1, 20, 23, 7, 4, 7, 16, 2, 0, 0, 0, 0, 0]"
3347,<SOS>jaydin<EOS>     ,boy,"['j', 'a', 'y', 'd', 'i', 'n']",6,1.0,"[1, 12, 3, 27, 6, 11, 16, 2, 0, 0, 0, 0, 0]"
1138,<SOS>juluis<EOS>     ,boy,"['j', 'u', 'l', 'u', 'i', 's']",6,1.0,"[1, 12, 23, 14, 23, 11, 21, 2, 0, 0, 0, 0, 0]"
2430,<SOS>mikeal<EOS>     ,boy,"['m', 'i', 'k', 'e', 'a', 'l']",6,1.0,"[1, 15, 11, 13, 7, 3, 14, 2, 0, 0, 0, 0, 0]"
1342,<SOS>ceasar<EOS>     ,boy,"['c', 'e', 'a', 's', 'a', 'r']",6,1.0,"[1, 5, 7, 3, 21, 3, 20, 2, 0, 0, 0, 0, 0]"
4323,<SOS>agusta<EOS>     ,girl,"['a', 'g', 'u', 's', 't', 'a']",6,0.0,"[1, 3, 9, 23, 21, 22, 3, 2, 0, 0, 0, 0, 0]"
818,<SOS>armand<EOS>     ,boy,"['a', 'r', 'm', 'a', 'n', 'd']",6,1.0,"[1, 3, 20, 15, 3, 16, 6, 2, 0, 0, 0, 0, 0]"
4114,<SOS>vertie<EOS>     ,girl,"['v', 'e', 'r', 't', 'i', 'e']",6,0.0,"[1, 24, 7, 20, 22, 11, 7, 2, 0, 0, 0, 0, 0]"
1011,<SOS>harper<EOS>     ,boy,"['h', 'a', 'r', 'p', 'e', 'r']",6,1.0,"[1, 10, 3, 20, 18, 7, 20, 2, 0, 0, 0, 0, 0]"
4982,<SOS>billye<EOS>     ,girl,"['b', 'i', 'l', 'l', 'y', 'e']",6,0.0,"[1, 4, 11, 14, 14, 27, 7, 2, 0, 0, 0, 0, 0]"
4099,<SOS>ruthie<EOS>     ,girl,"['r', 'u', 't', 'h', 'i', 'e']",6,0.0,"[1, 20, 23, 22, 10, 11, 7, 2, 0, 0, 0, 0, 0]"
5216,<SOS>susann<EOS>     ,girl,"['s', 'u', 's', 'a', 'n', 'n']",6,0.0,"[1, 21, 23, 21, 3, 16, 16, 2, 0, 0, 0, 0, 0]"
6147,<SOS>eliana<EOS>     ,girl,"['e', 'l', 'i', 'a', 'n', 'a']",6,0.0,"[1, 7, 14, 11, 3, 16, 3, 2, 0, 0, 0, 0, 0]"
3258,<SOS>jaeden<EOS>     ,boy,"['j', 'a', 'e', 'd', 'e', 'n']",6,1.0,"[1, 12, 3, 7, 6, 7, 16, 2, 0, 0, 0, 0, 0]"
2031,<SOS>benard<EOS>     ,boy,"['b', 'e', 'n', 'a', 'r', 'd']",6,1.0,"[1, 4, 7, 16, 3, 20, 6, 2, 0, 0, 0, 0, 0]"
1939,<SOS>arturo<EOS>     ,boy,"['a', 'r', 't', 'u', 'r', 'o']",6,1.0,"[1, 3, 20, 22, 23, 20, 17, 2, 0, 0, 0, 0, 0]"
2460,<SOS>barron<EOS>     ,boy,"['b', 'a', 'r', 'r', 'o', 'n']",6,1.0,"[1, 4, 3, 20, 20, 17, 16, 2, 0, 0, 0, 0, 0]"
1318,<SOS>malcom<EOS>     ,boy,"['m', 'a', 'l', 'c', 'o', 'm']",6,1.0,"[1, 15, 3, 14, 5, 17, 15, 2, 0, 0, 0, 0, 0]"
3029,<SOS>davion<EOS>     ,boy,"['d', 'a', 'v', 'i', 'o', 'n']",6,1.0,"[1, 6, 3, 24, 11, 17, 16, 2, 0, 0, 0, 0, 0]"
3028,<SOS>jaleel<EOS>     ,boy,"['j', 'a', 'l', 'e', 'e', 'l']",6,1.0,"[1, 12, 3, 14, 7, 7, 14, 2, 0, 0, 0, 0, 0]"
2307,<SOS>scotty<EOS>     ,boy,"['s', 'c', 'o', 't', 't', 'y']",6,1.0,"[1, 21, 5, 17, 22, 22, 27, 2, 0, 0, 0, 0, 0]"
4641,<SOS>noemie<EOS>     ,girl,"['n', 'o', 'e', 'm', 'i', 'e']",6,0.0,"[1, 16, 17, 7, 15, 11, 7, 2, 0, 0, 0, 0, 0]"
4689,<SOS>olinda<EOS>     ,girl,"['o', 'l', 'i', 'n', 'd', 'a']",6,0.0,"[1, 17, 14, 11, 16, 6, 3, 2, 0, 0, 0, 0, 0]"
3173,<SOS>landen<EOS>     ,boy,"['l', 'a', 'n', 'd', 'e', 'n']",6,1.0,"[1, 14, 3, 16, 6, 7, 16, 2, 0, 0, 0, 0, 0]"
462,<SOS>stuart<EOS>     ,boy,"['s', 't', 'u', 'a', 'r', 't']",6,1.0,"[1, 21, 22, 23, 3, 20, 22, 2, 0, 0, 0, 0, 0]"
358,<SOS>jordan<EOS>     ,boy,"['j', 'o', 'r', 'd', 'a', 'n']",6,1.0,"[1, 12, 17, 20, 6, 3, 16, 2, 0, 0, 0, 0, 0]"
3671,<SOS>mertie<EOS>     ,girl,"['m', 'e', 'r', 't', 'i', 'e']",6,0.0,"[1, 15, 7, 20, 22, 11, 7, 2, 0, 0, 0, 0, 0]"
1050,<SOS>erving<EOS>     ,boy,"['e', 'r', 'v', 'i', 'n', 'g']",6,1.0,"[1, 7, 20, 24, 11, 16, 9, 2, 0, 0, 0, 0, 0]"
5507,<SOS>tamela<EOS>     ,girl,"['t', 'a', 'm', 'e', 'l', 'a']",6,0.0,"[1, 22, 3, 15, 7, 14, 3, 2, 0, 0, 0, 0, 0]"
3538,<SOS>elnora<EOS>     ,girl,"['e', 'l', 'n', 'o', 'r', 'a']",6,0.0,"[1, 7, 14, 16, 17, 20, 3, 2, 0, 0, 0, 0, 0]"
5355,<SOS>cathey<EOS>     ,girl,"['c', 'a', 't', 'h', 'e', 'y']",6,0.0,"[1, 5, 3, 22, 10, 7, 27, 2, 0, 0, 0, 0, 0]"
2558,<SOS>jaimie<EOS>     ,boy,"['j', 'a', 'i', 'm', 'i', 'e']",6,1.0,"[1, 12, 3, 11, 15, 11, 7, 2, 0, 0, 0, 0, 0]"
2949,<SOS>holden<EOS>     ,boy,"['h', 'o', 'l', 'd', 'e', 'n']",6,1.0,"[1, 10, 17, 14, 6, 7, 16, 2, 0, 0, 0, 0, 0]"
4083,<SOS>mignon<EOS>     ,girl,"['m', 'i', 'g', 'n', 'o', 'n']",6,0.0,"[1, 15, 11, 9, 16, 17, 16, 2, 0, 0, 0, 0, 0]"
5556,<SOS>leisha<EOS>     ,girl,"['l', 'e', 'i', 's', 'h', 'a']",6,0.0,"[1, 14, 7, 11, 21, 10, 3, 2, 0, 0, 0, 0, 0]"
524,<SOS>willam<EOS>     ,boy,"['w', 'i', 'l', 'l', 'a', 'm']",6,1.0,"[1, 25, 11, 14, 14, 3, 15, 2, 0, 0, 0, 0, 0]"
2206,<SOS>verlyn<EOS>     ,boy,"['v', 'e', 'r', 'l', 'y', 'n']",6,1.0,"[1, 24, 7, 20, 14, 27, 16, 2, 0, 0, 0, 0, 0]"
6072,<SOS>hailey<EOS>     ,girl,"['h', 'a', 'i', 'l', 'e', 'y']",6,0.0,"[1, 10, 3, 11, 14, 7, 27, 2, 0, 0, 0, 0, 0]"
630,<SOS>sumner<EOS>     ,boy,"['s', 'u', 'm', 'n', 'e', 'r']",6,1.0,"[1, 21, 23, 15, 16, 7, 20, 2, 0, 0, 0, 0, 0]"
4564,<SOS>mossie<EOS>     ,girl,"['m', 'o', 's', 's', 'i', 'e']",6,0.0,"[1, 15, 17, 21, 21, 11, 7, 2, 0, 0, 0, 0, 0]"
1849,<SOS>carmen<EOS>     ,boy,"['c', 'a', 'r', 'm', 'e', 'n']",6,1.0,"[1, 5, 3, 20, 15, 7, 16, 2, 0, 0, 0, 0, 0]"
2112,<SOS>winton<EOS>     ,boy,"['w', 'i', 'n', 't', 'o', 'n']",6,1.0,"[1, 25, 11, 16, 22, 17, 16, 2, 0, 0, 0, 0, 0]"
3647,<SOS>pearle<EOS>     ,girl,"['p', 'e', 'a', 'r', 'l', 'e']",6,0.0,"[1, 18, 7, 3, 20, 14, 7, 2, 0, 0, 0, 0, 0]"
3419,<SOS>kymani<EOS>     ,boy,"['k', 'y', 'm', 'a', 'n', 'i']",6,1.0,"[1, 13, 27, 15, 3, 16, 11, 2, 0, 0, 0, 0, 0]"
2419,<SOS>kurtis<EOS>     ,boy,"['k', 'u', 'r', 't', 'i', 's']",6,1.0,"[1, 13, 23, 20, 22, 11, 21, 2, 0, 0, 0, 0, 0]"
5917,<SOS>meggan<EOS>     ,girl,"['m', 'e', 'g', 'g', 'a', 'n']",6,0.0,"[1, 15, 7, 9, 9, 3, 16, 2, 0, 0, 0, 0, 0]"
5562,<SOS>evette<EOS>     ,girl,"['e', 'v', 'e', 't', 't', 'e']",6,0.0,"[1, 7, 24, 7, 22, 22, 7, 2, 0, 0, 0, 0, 0]"
5146,<SOS>deanna<EOS>     ,girl,"['d', 'e', 'a', 'n', 'n', 'a']",6,0.0,"[1, 6, 7, 3, 16, 16, 3, 2, 0, 0, 0, 0, 0]"
2778,<SOS>jermey<EOS>     ,boy,"['j', 'e', 'r', 'm', 'e', 'y']",6,1.0,"[1, 12, 7, 20, 15, 7, 27, 2, 0, 0, 0, 0, 0]"
3079,<SOS>kelton<EOS>     ,boy,"['k', 'e', 'l', 't', 'o', 'n']",6,1.0,"[1, 13, 7, 14, 22, 17, 16, 2, 0, 0, 0, 0, 0]"
729,<SOS>quincy<EOS>     ,boy,"['q', 'u', 'i', 'n', 'c', 'y']",6,1.0,"[1, 19, 23, 11, 16, 5, 27, 2, 0, 0, 0, 0, 0]"
701,<SOS>felipe<EOS>     ,boy,"['f', 'e', 'l', 'i', 'p', 'e']",6,1.0,"[1, 8, 7, 14, 11, 18, 7, 2, 0, 0, 0, 0, 0]"
6688,<SOS>brylee<EOS>     ,girl,"['b', 'r', 'y', 'l', 'e', 'e']",6,0.0,"[1, 4, 20, 27, 14, 7, 7, 2, 0, 0, 0, 0, 0]"
5122,<SOS>nancie<EOS>     ,girl,"['n', 'a', 'n', 'c', 'i', 'e']",6,0.0,"[1, 16, 3, 16, 5, 11, 7, 2, 0, 0, 0, 0, 0]"
2905,<SOS>travon<EOS>     ,boy,"['t', 'r', 'a', 'v', 'o', 'n']",6,1.0,"[1, 22, 20, 3, 24, 17, 16, 2, 0, 0, 0, 0, 0]"
3424,<SOS>zaiden<EOS>     ,boy,"['z', 'a', 'i', 'd', 'e', 'n']",6,1.0,"[1, 28, 3, 11, 6, 7, 16, 2, 0, 0, 0, 0, 0]"
1907,<SOS>collis<EOS>     ,boy,"['c', 'o', 'l', 'l', 'i', 's']",6,1.0,"[1, 5, 17, 14, 14, 11, 21, 2, 0, 0, 0, 0, 0]"
6319,<SOS>miesha<EOS>     ,girl,"['m', 'i', 'e', 's', 'h', 'a']",6,0.0,"[1, 15, 11, 7, 21, 10, 3, 2, 0, 0, 0, 0, 0]"
565,<SOS>watson<EOS>     ,boy,"['w', 'a', 't', 's', 'o', 'n']",6,1.0,"[1, 25, 3, 22, 21, 17, 16, 2, 0, 0, 0, 0, 0]"
6624,<SOS>shreya<EOS>     ,girl,"['s', 'h', 'r', 'e', 'y', 'a']",6,0.0,"[1, 21, 10, 20, 7, 27, 3, 2, 0, 0, 0, 0, 0]"
769,<SOS>emmitt<EOS>     ,boy,"['e', 'm', 'm', 'i', 't', 't']",6,1.0,"[1, 7, 15, 15, 11, 22, 22, 2, 0, 0, 0, 0, 0]"
2642,<SOS>torrey<EOS>     ,boy,"['t', 'o', 'r', 'r', 'e', 'y']",6,1.0,"[1, 22, 17, 20, 20, 7, 27, 2, 0, 0, 0, 0, 0]"
2770,<SOS>sharif<EOS>     ,boy,"['s', 'h', 'a', 'r', 'i', 'f']",6,1.0,"[1, 21, 10, 3, 20, 11, 8, 2, 0, 0, 0, 0, 0]"
400,<SOS>wilmer<EOS>     ,boy,"['w', 'i', 'l', 'm', 'e', 'r']",6,1.0,"[1, 25, 11, 14, 15, 7, 20, 2, 0, 0, 0, 0, 0]"
3356,<SOS>jayvon<EOS>     ,boy,"['j', 'a', 'y', 'v', 'o', 'n']",6,1.0,"[1, 12, 3, 27, 24, 17, 16, 2, 0, 0, 0, 0, 0]"
6754,<SOS>caylee<EOS>     ,girl,"['c', 'a', 'y', 'l', 'e', 'e']",6,0.0,"[1, 5, 3, 27, 14, 7, 7, 2, 0, 0, 0, 0, 0]"
2644,<SOS>shanon<EOS>     ,boy,"['s', 'h', 'a', 'n', 'o', 'n']",6,1.0,"[1, 21, 10, 3, 16, 17, 16, 2, 0, 0, 0, 0, 0]"
472,<SOS>hector<EOS>     ,boy,"['h', 'e', 'c', 't', 'o', 'r']",6,1.0,"[1, 10, 7, 5, 22, 17, 20, 2, 0, 0, 0, 0, 0]"
4245,<SOS>lavada<EOS>     ,girl,"['l', 'a', 'v', 'a', 'd', 'a']",6,0.0,"[1, 14, 3, 24, 3, 6, 3, 2, 0, 0, 0, 0, 0]"
3349,<SOS>teagan<EOS>     ,boy,"['t', 'e', 'a', 'g', 'a', 'n']",6,1.0,"[1, 22, 7, 3, 9, 3, 16, 2, 0, 0, 0, 0, 0]"
4071,<SOS>lollie<EOS>     ,girl,"['l', 'o', 'l', 'l', 'i', 'e']",6,0.0,"[1, 14, 17, 14, 14, 11, 7, 2, 0, 0, 0, 0, 0]"
5252,<SOS>kaaren<EOS>     ,girl,"['k', 'a', 'a', 'r', 'e', 'n']",6,0.0,"[1, 13, 3, 3, 20, 7, 16, 2, 0, 0, 0, 0, 0]"
4930,<SOS>erlene<EOS>     ,girl,"['e', 'r', 'l', 'e', 'n', 'e']",6,0.0,"[1, 7, 20, 14, 7, 16, 7, 2, 0, 0, 0, 0, 0]"
1651,<SOS>werner<EOS>     ,boy,"['w', 'e', 'r', 'n', 'e', 'r']",6,1.0,"[1, 25, 7, 20, 16, 7, 20, 2, 0, 0, 0, 0, 0]"
2384,<SOS>cornel<EOS>     ,boy,"['c', 'o', 'r', 'n', 'e', 'l']",6,1.0,"[1, 5, 17, 20, 16, 7, 14, 2, 0, 0, 0, 0, 0]"
2242,<SOS>delano<EOS>     ,boy,"['d', 'e', 'l', 'a', 'n', 'o']",6,1.0,"[1, 6, 7, 14, 3, 16, 17, 2, 0, 0, 0, 0, 0]"
1830,<SOS>lannie<EOS>     ,boy,"['l', 'a', 'n', 'n', 'i', 'e']",6,1.0,"[1, 14, 3, 16, 16, 11, 7, 2, 0, 0, 0, 0, 0]"
5410,<SOS>joette<EOS>     ,girl,"['j', 'o', 'e', 't', 't', 'e']",6,0.0,"[1, 12, 17, 7, 22, 22, 7, 2, 0, 0, 0, 0, 0]"
931,<SOS>brooks<EOS>     ,boy,"['b', 'r', 'o', 'o', 'k', 's']",6,1.0,"[1, 4, 20, 17, 17, 13, 21, 2, 0, 0, 0, 0, 0]"
2314,<SOS>harlon<EOS>     ,boy,"['h', 'a', 'r', 'l', 'o', 'n']",6,1.0,"[1, 10, 3, 20, 14, 17, 16, 2, 0, 0, 0, 0, 0]"
4546,<SOS>clella<EOS>     ,girl,"['c', 'l', 'e', 'l', 'l', 'a']",6,0.0,"[1, 5, 14, 7, 14, 14, 3, 2, 0, 0, 0, 0, 0]"
6419,<SOS>sydnie<EOS>     ,girl,"['s', 'y', 'd', 'n', 'i', 'e']",6,0.0,"[1, 21, 27, 6, 16, 11, 7, 2, 0, 0, 0, 0, 0]"
2710,<SOS>kareem<EOS>     ,boy,"['k', 'a', 'r', 'e', 'e', 'm']",6,1.0,"[1, 13, 3, 20, 7, 7, 15, 2, 0, 0, 0, 0, 0]"
1248,<SOS>randle<EOS>     ,boy,"['r', 'a', 'n', 'd', 'l', 'e']",6,1.0,"[1, 20, 3, 16, 6, 14, 7, 2, 0, 0, 0, 0, 0]"
5194,<SOS>leanne<EOS>     ,girl,"['l', 'e', 'a', 'n', 'n', 'e']",6,0.0,"[1, 14, 7, 3, 16, 16, 7, 2, 0, 0, 0, 0, 0]"
3434,<SOS>abdiel<EOS>     ,boy,"['a', 'b', 'd', 'i', 'e', 'l']",6,1.0,"[1, 3, 4, 6, 11, 7, 14, 2, 0, 0, 0, 0, 0]"
3914,<SOS>jossie<EOS>     ,girl,"['j', 'o', 's', 's', 'i', 'e']",6,0.0,"[1, 12, 17, 21, 21, 11, 7, 2, 0, 0, 0, 0, 0]"
1987,<SOS>lenord<EOS>     ,boy,"['l', 'e', 'n', 'o', 'r', 'd']",6,1.0,"[1, 14, 7, 16, 17, 20, 6, 2, 0, 0, 0, 0, 0]"
4341,<SOS>alwina<EOS>     ,girl,"['a', 'l', 'w', 'i', 'n', 'a']",6,0.0,"[1, 3, 14, 25, 11, 16, 3, 2, 0, 0, 0, 0, 0]"
5199,<SOS>glynda<EOS>     ,girl,"['g', 'l', 'y', 'n', 'd', 'a']",6,0.0,"[1, 9, 14, 27, 16, 6, 3, 2, 0, 0, 0, 0, 0]"
601,<SOS>alonza<EOS>     ,boy,"['a', 'l', 'o', 'n', 'z', 'a']",6,1.0,"[1, 3, 14, 17, 16, 28, 3, 2, 0, 0, 0, 0, 0]"
2280,<SOS>reggie<EOS>     ,boy,"['r', 'e', 'g', 'g', 'i', 'e']",6,1.0,"[1, 20, 7, 9, 9, 11, 7, 2, 0, 0, 0, 0, 0]"
2492,<SOS>kenney<EOS>     ,boy,"['k', 'e', 'n', 'n', 'e', 'y']",6,1.0,"[1, 13, 7, 16, 16, 7, 27, 2, 0, 0, 0, 0, 0]"
6475,<SOS>camila<EOS>     ,girl,"['c', 'a', 'm', 'i', 'l', 'a']",6,0.0,"[1, 5, 3, 15, 11, 14, 3, 2, 0, 0, 0, 0, 0]"
607,<SOS>darius<EOS>     ,boy,"['d', 'a', 'r', 'i', 'u', 's']",6,1.0,"[1, 6, 3, 20, 11, 23, 21, 2, 0, 0, 0, 0, 0]"
2826,<SOS>jarret<EOS>     ,boy,"['j', 'a', 'r', 'r', 'e', 't']",6,1.0,"[1, 12, 3, 20, 20, 7, 22, 2, 0, 0, 0, 0, 0]"
2176,<SOS>dorman<EOS>     ,boy,"['d', 'o', 'r', 'm', 'a', 'n']",6,1.0,"[1, 6, 17, 20, 15, 3, 16, 2, 0, 0, 0, 0, 0]"
1810,<SOS>barnie<EOS>     ,boy,"['b', 'a', 'r', 'n', 'i', 'e']",6,1.0,"[1, 4, 3, 20, 16, 11, 7, 2, 0, 0, 0, 0, 0]"
582,<SOS>finley<EOS>     ,boy,"['f', 'i', 'n', 'l', 'e', 'y']",6,1.0,"[1, 8, 11, 16, 14, 7, 27, 2, 0, 0, 0, 0, 0]"
93,<SOS>julius<EOS>     ,boy,"['j', 'u', 'l', 'i', 'u', 's']",6,1.0,"[1, 12, 23, 14, 11, 23, 21, 2, 0, 0, 0, 0, 0]"
1200,<SOS>fisher<EOS>     ,boy,"['f', 'i', 's', 'h', 'e', 'r']",6,1.0,"[1, 8, 11, 21, 10, 7, 20, 2, 0, 0, 0, 0, 0]"
4682,<SOS>elmyra<EOS>     ,girl,"['e', 'l', 'm', 'y', 'r', 'a']",6,0.0,"[1, 7, 14, 15, 27, 20, 3, 2, 0, 0, 0, 0, 0]"
47,<SOS>herman<EOS>     ,boy,"['h', 'e', 'r', 'm', 'a', 'n']",6,1.0,"[1, 10, 7, 20, 15, 3, 16, 2, 0, 0, 0, 0, 0]"
2190,<SOS>gearld<EOS>     ,boy,"['g', 'e', 'a', 'r', 'l', 'd']",6,1.0,"[1, 9, 7, 3, 20, 14, 6, 2, 0, 0, 0, 0, 0]"
1233,<SOS>jarvis<EOS>     ,boy,"['j', 'a', 'r', 'v', 'i', 's']",6,1.0,"[1, 12, 3, 20, 24, 11, 21, 2, 0, 0, 0, 0, 0]"
3020,<SOS>dillan<EOS>     ,boy,"['d', 'i', 'l', 'l', 'a', 'n']",6,1.0,"[1, 6, 11, 14, 14, 3, 16, 2, 0, 0, 0, 0, 0]"
5067,<SOS>armida<EOS>     ,girl,"['a', 'r', 'm', 'i', 'd', 'a']",6,0.0,"[1, 3, 20, 15, 11, 6, 3, 2, 0, 0, 0, 0, 0]"
3465,<SOS>louisa<EOS>     ,girl,"['l', 'o', 'u', 'i', 's', 'a']",6,0.0,"[1, 14, 17, 23, 11, 21, 3, 2, 0, 0, 0, 0, 0]"
5627,<SOS>elaina<EOS>     ,girl,"['e', 'l', 'a', 'i', 'n', 'a']",6,0.0,"[1, 7, 14, 3, 11, 16, 3, 2, 0, 0, 0, 0, 0]"
2526,<SOS>darron<EOS>     ,boy,"['d', 'a', 'r', 'r', 'o', 'n']",6,1.0,"[1, 6, 3, 20, 20, 17, 16, 2, 0, 0, 0, 0, 0]"
1829,<SOS>jettie<EOS>     ,boy,"['j', 'e', 't', 't', 'i', 'e']",6,1.0,"[1, 12, 7, 22, 22, 11, 7, 2, 0, 0, 0, 0, 0]"
3631,<SOS>mariah<EOS>     ,girl,"['m', 'a', 'r', 'i', 'a', 'h']",6,0.0,"[1, 15, 3, 20, 11, 3, 10, 2, 0, 0, 0, 0, 0]"
4530,<SOS>medora<EOS>     ,girl,"['m', 'e', 'd', 'o', 'r', 'a']",6,0.0,"[1, 15, 7, 6, 17, 20, 3, 2, 0, 0, 0, 0, 0]"
2238,<SOS>kenton<EOS>     ,boy,"['k', 'e', 'n', 't', 'o', 'n']",6,1.0,"[1, 13, 7, 16, 22, 17, 16, 2, 0, 0, 0, 0, 0]"
5342,<SOS>marcie<EOS>     ,girl,"['m', 'a', 'r', 'c', 'i', 'e']",6,0.0,"[1, 15, 3, 20, 5, 11, 7, 2, 0, 0, 0, 0, 0]"
1002,<SOS>carter<EOS>     ,boy,"['c', 'a', 'r', 't', 'e', 'r']",6,1.0,"[1, 5, 3, 20, 22, 7, 20, 2, 0, 0, 0, 0, 0]"
2296,<SOS>gaylen<EOS>     ,boy,"['g', 'a', 'y', 'l', 'e', 'n']",6,1.0,"[1, 9, 3, 27, 14, 7, 16, 2, 0, 0, 0, 0, 0]"
6431,<SOS>odalys<EOS>     ,girl,"['o', 'd', 'a', 'l', 'y', 's']",6,0.0,"[1, 17, 6, 3, 14, 27, 21, 2, 0, 0, 0, 0, 0]"
5961,<SOS>danica<EOS>     ,girl,"['d', 'a', 'n', 'i', 'c', 'a']",6,0.0,"[1, 6, 3, 16, 11, 5, 3, 2, 0, 0, 0, 0, 0]"
6635,<SOS>yareli<EOS>     ,girl,"['y', 'a', 'r', 'e', 'l', 'i']",6,0.0,"[1, 27, 3, 20, 7, 14, 11, 2, 0, 0, 0, 0, 0]"
3575,<SOS>elvira<EOS>     ,girl,"['e', 'l', 'v', 'i', 'r', 'a']",6,0.0,"[1, 7, 14, 24, 11, 20, 3, 2, 0, 0, 0, 0, 0]"
2619,<SOS>damien<EOS>     ,boy,"['d', 'a', 'm', 'i', 'e', 'n']",6,1.0,"[1, 6, 3, 15, 11, 7, 16, 2, 0, 0, 0, 0, 0]"
5697,<SOS>darcie<EOS>     ,girl,"['d', 'a', 'r', 'c', 'i', 'e']",6,0.0,"[1, 6, 3, 20, 5, 11, 7, 2, 0, 0, 0, 0, 0]"
4048,<SOS>elmire<EOS>     ,girl,"['e', 'l', 'm', 'i', 'r', 'e']",6,0.0,"[1, 7, 14, 15, 11, 20, 7, 2, 0, 0, 0, 0, 0]"
999,<SOS>layton<EOS>     ,boy,"['l', 'a', 'y', 't', 'o', 'n']",6,1.0,"[1, 14, 3, 27, 22, 17, 16, 2, 0, 0, 0, 0, 0]"
1412,<SOS>myrtle<EOS>     ,boy,"['m', 'y', 'r', 't', 'l', 'e']",6,1.0,"[1, 15, 27, 20, 22, 14, 7, 2, 0, 0, 0, 0, 0]"
1425,<SOS>vander<EOS>     ,boy,"['v', 'a', 'n', 'd', 'e', 'r']",6,1.0,"[1, 24, 3, 16, 6, 7, 20, 2, 0, 0, 0, 0, 0]"
1659,<SOS>lawton<EOS>     ,boy,"['l', 'a', 'w', 't', 'o', 'n']",6,1.0,"[1, 14, 3, 25, 22, 17, 16, 2, 0, 0, 0, 0, 0]"
3017,<SOS>misael<EOS>     ,boy,"['m', 'i', 's', 'a', 'e', 'l']",6,1.0,"[1, 15, 11, 21, 3, 7, 14, 2, 0, 0, 0, 0, 0]"
3655,<SOS>lilian<EOS>     ,girl,"['l', 'i', 'l', 'i', 'a', 'n']",6,0.0,"[1, 14, 11, 14, 11, 3, 16, 2, 0, 0, 0, 0, 0]"
714,<SOS>justin<EOS>     ,boy,"['j', 'u', 's', 't', 'i', 'n']",6,1.0,"[1, 12, 23, 21, 22, 11, 16, 2, 0, 0, 0, 0, 0]"
3338,<SOS>davian<EOS>     ,boy,"['d', 'a', 'v', 'i', 'a', 'n']",6,1.0,"[1, 6, 3, 24, 11, 3, 16, 2, 0, 0, 0, 0, 0]"
6698,<SOS>adison<EOS>     ,girl,"['a', 'd', 'i', 's', 'o', 'n']",6,0.0,"[1, 3, 6, 11, 21, 17, 16, 2, 0, 0, 0, 0, 0]"
4202,<SOS>biddie<EOS>     ,girl,"['b', 'i', 'd', 'd', 'i', 'e']",6,0.0,"[1, 4, 11, 6, 6, 11, 7, 2, 0, 0, 0, 0, 0]"
6692,<SOS>valery<EOS>     ,girl,"['v', 'a', 'l', 'e', 'r', 'y']",6,0.0,"[1, 24, 3, 14, 7, 20, 27, 2, 0, 0, 0, 0, 0]"
4074,<SOS>lucina<EOS>     ,girl,"['l', 'u', 'c', 'i', 'n', 'a']",6,0.0,"[1, 14, 23, 5, 11, 16, 3, 2, 0, 0, 0, 0, 0]"
6705,<SOS>kamila<EOS>     ,girl,"['k', 'a', 'm', 'i', 'l', 'a']",6,0.0,"[1, 13, 3, 15, 11, 14, 3, 2, 0, 0, 0, 0, 0]"
1322,<SOS>ronald<EOS>     ,boy,"['r', 'o', 'n', 'a', 'l', 'd']",6,1.0,"[1, 20, 17, 16, 3, 14, 6, 2, 0, 0, 0, 0, 0]"
4216,<SOS>ninnie<EOS>     ,girl,"['n', 'i', 'n', 'n', 'i', 'e']",6,0.0,"[1, 16, 11, 16, 16, 11, 7, 2, 0, 0, 0, 0, 0]"
1607,<SOS>burnie<EOS>     ,boy,"['b', 'u', 'r', 'n', 'i', 'e']",6,1.0,"[1, 4, 23, 20, 16, 11, 7, 2, 0, 0, 0, 0, 0]"
6426,<SOS>ciarra<EOS>     ,girl,"['c', 'i', 'a', 'r', 'r', 'a']",6,0.0,"[1, 5, 11, 3, 20, 20, 3, 2, 0, 0, 0, 0, 0]"
114,<SOS>nathan<EOS>     ,boy,"['n', 'a', 't', 'h', 'a', 'n']",6,1.0,"[1, 16, 3, 22, 10, 3, 16, 2, 0, 0, 0, 0, 0]"
5590,<SOS>aretha<EOS>     ,girl,"['a', 'r', 'e', 't', 'h', 'a']",6,0.0,"[1, 3, 20, 7, 22, 10, 3, 2, 0, 0, 0, 0, 0]"
6650,<SOS>saniya<EOS>     ,girl,"['s', 'a', 'n', 'i', 'y', 'a']",6,0.0,"[1, 21, 3, 16, 11, 27, 3, 2, 0, 0, 0, 0, 0]"
5584,<SOS>janene<EOS>     ,girl,"['j', 'a', 'n', 'e', 'n', 'e']",6,0.0,"[1, 12, 3, 16, 7, 16, 7, 2, 0, 0, 0, 0, 0]"
137,<SOS>nelson<EOS>     ,boy,"['n', 'e', 'l', 's', 'o', 'n']",6,1.0,"[1, 16, 7, 14, 21, 17, 16, 2, 0, 0, 0, 0, 0]"
1074,<SOS>garret<EOS>     ,boy,"['g', 'a', 'r', 'r', 'e', 't']",6,1.0,"[1, 9, 3, 20, 20, 7, 22, 2, 0, 0, 0, 0, 0]"
5173,<SOS>vickie<EOS>     ,girl,"['v', 'i', 'c', 'k', 'i', 'e']",6,0.0,"[1, 24, 11, 5, 13, 11, 7, 2, 0, 0, 0, 0, 0]"
799,<SOS>tobias<EOS>     ,boy,"['t', 'o', 'b', 'i', 'a', 's']",6,1.0,"[1, 22, 17, 4, 11, 3, 21, 2, 0, 0, 0, 0, 0]"
4363,<SOS>olevia<EOS>     ,girl,"['o', 'l', 'e', 'v', 'i', 'a']",6,0.0,"[1, 17, 14, 7, 24, 11, 3, 2, 0, 0, 0, 0, 0]"
3239,<SOS>aditya<EOS>     ,boy,"['a', 'd', 'i', 't', 'y', 'a']",6,1.0,"[1, 3, 6, 11, 22, 27, 3, 2, 0, 0, 0, 0, 0]"
823,<SOS>auther<EOS>     ,boy,"['a', 'u', 't', 'h', 'e', 'r']",6,1.0,"[1, 3, 23, 22, 10, 7, 20, 2, 0, 0, 0, 0, 0]"
6708,<SOS>adyson<EOS>     ,girl,"['a', 'd', 'y', 's', 'o', 'n']",6,0.0,"[1, 3, 6, 27, 21, 17, 16, 2, 0, 0, 0, 0, 0]"
2204,<SOS>ronnie<EOS>     ,boy,"['r', 'o', 'n', 'n', 'i', 'e']",6,1.0,"[1, 20, 17, 16, 16, 11, 7, 2, 0, 0, 0, 0, 0]"
1291,<SOS>german<EOS>     ,boy,"['g', 'e', 'r', 'm', 'a', 'n']",6,1.0,"[1, 9, 7, 20, 15, 3, 16, 2, 0, 0, 0, 0, 0]"
4793,<SOS>lavera<EOS>     ,girl,"['l', 'a', 'v', 'e', 'r', 'a']",6,0.0,"[1, 14, 3, 24, 7, 20, 3, 2, 0, 0, 0, 0, 0]"
4326,<SOS>delpha<EOS>     ,girl,"['d', 'e', 'l', 'p', 'h', 'a']",6,0.0,"[1, 6, 7, 14, 18, 10, 3, 2, 0, 0, 0, 0, 0]"
108,<SOS>wesley<EOS>     ,boy,"['w', 'e', 's', 'l', 'e', 'y']",6,1.0,"[1, 25, 7, 21, 14, 7, 27, 2, 0, 0, 0, 0, 0]"
2726,<SOS>damond<EOS>     ,boy,"['d', 'a', 'm', 'o', 'n', 'd']",6,1.0,"[1, 6, 3, 15, 17, 16, 6, 2, 0, 0, 0, 0, 0]"
3798,<SOS>leonie<EOS>     ,girl,"['l', 'e', 'o', 'n', 'i', 'e']",6,0.0,"[1, 14, 7, 17, 16, 11, 7, 2, 0, 0, 0, 0, 0]"
4347,<SOS>eileen<EOS>     ,girl,"['e', 'i', 'l', 'e', 'e', 'n']",6,0.0,"[1, 7, 11, 14, 7, 7, 16, 2, 0, 0, 0, 0, 0]"
5477,<SOS>tracie<EOS>     ,girl,"['t', 'r', 'a', 'c', 'i', 'e']",6,0.0,"[1, 22, 20, 3, 5, 11, 7, 2, 0, 0, 0, 0, 0]"
5374,<SOS>kristy<EOS>     ,girl,"['k', 'r', 'i', 's', 't', 'y']",6,0.0,"[1, 13, 20, 11, 21, 22, 27, 2, 0, 0, 0, 0, 0]"
6099,<SOS>ashlea<EOS>     ,girl,"['a', 's', 'h', 'l', 'e', 'a']",6,0.0,"[1, 3, 21, 10, 14, 7, 3, 2, 0, 0, 0, 0, 0]"
3597,<SOS>frieda<EOS>     ,girl,"['f', 'r', 'i', 'e', 'd', 'a']",6,0.0,"[1, 8, 20, 11, 7, 6, 3, 2, 0, 0, 0, 0, 0]"
3761,<SOS>daisey<EOS>     ,girl,"['d', 'a', 'i', 's', 'e', 'y']",6,0.0,"[1, 6, 3, 11, 21, 7, 27, 2, 0, 0, 0, 0, 0]"
437,<SOS>murray<EOS>     ,boy,"['m', 'u', 'r', 'r', 'a', 'y']",6,1.0,"[1, 15, 23, 20, 20, 3, 27, 2, 0, 0, 0, 0, 0]"
1399,<SOS>winnie<EOS>     ,boy,"['w', 'i', 'n', 'n', 'i', 'e']",6,1.0,"[1, 25, 11, 16, 16, 11, 7, 2, 0, 0, 0, 0, 0]"
24,<SOS>daniel<EOS>     ,boy,"['d', 'a', 'n', 'i', 'e', 'l']",6,1.0,"[1, 6, 3, 16, 11, 7, 14, 2, 0, 0, 0, 0, 0]"
4208,<SOS>flavia<EOS>     ,girl,"['f', 'l', 'a', 'v', 'i', 'a']",6,0.0,"[1, 8, 14, 3, 24, 11, 3, 2, 0, 0, 0, 0, 0]"
5890,<SOS>cecily<EOS>     ,girl,"['c', 'e', 'c', 'i', 'l', 'y']",6,0.0,"[1, 5, 7, 5, 11, 14, 27, 2, 0, 0, 0, 0, 0]"
5529,<SOS>lanita<EOS>     ,girl,"['l', 'a', 'n', 'i', 't', 'a']",6,0.0,"[1, 14, 3, 16, 11, 22, 3, 2, 0, 0, 0, 0, 0]"
4977,<SOS>ofelia<EOS>     ,girl,"['o', 'f', 'e', 'l', 'i', 'a']",6,0.0,"[1, 17, 8, 7, 14, 11, 3, 2, 0, 0, 0, 0, 0]"
2128,<SOS>tatsuo<EOS>     ,boy,"['t', 'a', 't', 's', 'u', 'o']",6,1.0,"[1, 22, 3, 22, 21, 23, 17, 2, 0, 0, 0, 0, 0]"
3521,<SOS>mittie<EOS>     ,girl,"['m', 'i', 't', 't', 'i', 'e']",6,0.0,"[1, 15, 11, 22, 22, 11, 7, 2, 0, 0, 0, 0, 0]"
3765,<SOS>eldora<EOS>     ,girl,"['e', 'l', 'd', 'o', 'r', 'a']",6,0.0,"[1, 7, 14, 6, 17, 20, 3, 2, 0, 0, 0, 0, 0]"
5719,<SOS>cristi<EOS>     ,girl,"['c', 'r', 'i', 's', 't', 'i']",6,0.0,"[1, 5, 20, 11, 21, 22, 11, 2, 0, 0, 0, 0, 0]"
4427,<SOS>gertha<EOS>     ,girl,"['g', 'e', 'r', 't', 'h', 'a']",6,0.0,"[1, 9, 7, 20, 22, 10, 3, 2, 0, 0, 0, 0, 0]"
5838,<SOS>keesha<EOS>     ,girl,"['k', 'e', 'e', 's', 'h', 'a']",6,0.0,"[1, 13, 7, 7, 21, 10, 3, 2, 0, 0, 0, 0, 0]"
6248,<SOS>gianna<EOS>     ,girl,"['g', 'i', 'a', 'n', 'n', 'a']",6,0.0,"[1, 9, 11, 3, 16, 16, 3, 2, 0, 0, 0, 0, 0]"
3484,<SOS>sophie<EOS>     ,girl,"['s', 'o', 'p', 'h', 'i', 'e']",6,0.0,"[1, 21, 17, 18, 10, 11, 7, 2, 0, 0, 0, 0, 0]"
804,<SOS>walton<EOS>     ,boy,"['w', 'a', 'l', 't', 'o', 'n']",6,1.0,"[1, 25, 3, 14, 22, 17, 16, 2, 0, 0, 0, 0, 0]"
2925,<SOS>dandre<EOS>     ,boy,"['d', 'a', 'n', 'd', 'r', 'e']",6,1.0,"[1, 6, 3, 16, 6, 20, 7, 2, 0, 0, 0, 0, 0]"
6231,<SOS>moriah<EOS>     ,girl,"['m', 'o', 'r', 'i', 'a', 'h']",6,0.0,"[1, 15, 17, 20, 11, 3, 10, 2, 0, 0, 0, 0, 0]"
2849,<SOS>jarrad<EOS>     ,boy,"['j', 'a', 'r', 'r', 'a', 'd']",6,1.0,"[1, 12, 3, 20, 20, 3, 6, 2, 0, 0, 0, 0, 0]"
3417,<SOS>marley<EOS>     ,boy,"['m', 'a', 'r', 'l', 'e', 'y']",6,1.0,"[1, 15, 3, 20, 14, 7, 27, 2, 0, 0, 0, 0, 0]"
2306,<SOS>judith<EOS>     ,boy,"['j', 'u', 'd', 'i', 't', 'h']",6,1.0,"[1, 12, 23, 6, 11, 22, 10, 2, 0, 0, 0, 0, 0]"
6212,<SOS>katlin<EOS>     ,girl,"['k', 'a', 't', 'l', 'i', 'n']",6,0.0,"[1, 13, 3, 22, 14, 11, 16, 2, 0, 0, 0, 0, 0]"
4531,<SOS>hildur<EOS>     ,girl,"['h', 'i', 'l', 'd', 'u', 'r']",6,0.0,"[1, 10, 11, 14, 6, 23, 20, 2, 0, 0, 0, 0, 0]"
4880,<SOS>erline<EOS>     ,girl,"['e', 'r', 'l', 'i', 'n', 'e']",6,0.0,"[1, 7, 20, 14, 11, 16, 7, 2, 0, 0, 0, 0, 0]"
6456,<SOS>daijah<EOS>     ,girl,"['d', 'a', 'i', 'j', 'a', 'h']",6,0.0,"[1, 6, 3, 11, 12, 3, 10, 2, 0, 0, 0, 0, 0]"
4214,<SOS>mirtie<EOS>     ,girl,"['m', 'i', 'r', 't', 'i', 'e']",6,0.0,"[1, 15, 11, 20, 22, 11, 7, 2, 0, 0, 0, 0, 0]"
2923,<SOS>terell<EOS>     ,boy,"['t', 'e', 'r', 'e', 'l', 'l']",6,1.0,"[1, 22, 7, 20, 7, 14, 14, 2, 0, 0, 0, 0, 0]"
3099,<SOS>markel<EOS>     ,boy,"['m', 'a', 'r', 'k', 'e', 'l']",6,1.0,"[1, 15, 3, 20, 13, 7, 14, 2, 0, 0, 0, 0, 0]"
2793,<SOS>tanner<EOS>     ,boy,"['t', 'a', 'n', 'n', 'e', 'r']",6,1.0,"[1, 22, 3, 16, 16, 7, 20, 2, 0, 0, 0, 0, 0]"
4136,<SOS>chanie<EOS>     ,girl,"['c', 'h', 'a', 'n', 'i', 'e']",6,0.0,"[1, 5, 10, 3, 16, 11, 7, 2, 0, 0, 0, 0, 0]"
4070,<SOS>littie<EOS>     ,girl,"['l', 'i', 't', 't', 'i', 'e']",6,0.0,"[1, 14, 11, 22, 22, 11, 7, 2, 0, 0, 0, 0, 0]"
3403,<SOS>dereon<EOS>     ,boy,"['d', 'e', 'r', 'e', 'o', 'n']",6,1.0,"[1, 6, 7, 20, 7, 17, 16, 2, 0, 0, 0, 0, 0]"
2829,<SOS>dequan<EOS>     ,boy,"['d', 'e', 'q', 'u', 'a', 'n']",6,1.0,"[1, 6, 7, 19, 23, 3, 16, 2, 0, 0, 0, 0, 0]"
5539,<SOS>ivette<EOS>     ,girl,"['i', 'v', 'e', 't', 't', 'e']",6,0.0,"[1, 11, 24, 7, 22, 22, 7, 2, 0, 0, 0, 0, 0]"
4234,<SOS>elodie<EOS>     ,girl,"['e', 'l', 'o', 'd', 'i', 'e']",6,0.0,"[1, 7, 14, 17, 6, 11, 7, 2, 0, 0, 0, 0, 0]"
3779,<SOS>salome<EOS>     ,girl,"['s', 'a', 'l', 'o', 'm', 'e']",6,0.0,"[1, 21, 3, 14, 17, 15, 7, 2, 0, 0, 0, 0, 0]"
3431,<SOS>callum<EOS>     ,boy,"['c', 'a', 'l', 'l', 'u', 'm']",6,1.0,"[1, 5, 3, 14, 14, 23, 15, 2, 0, 0, 0, 0, 0]"
6613,<SOS>rianna<EOS>     ,girl,"['r', 'i', 'a', 'n', 'n', 'a']",6,0.0,"[1, 20, 11, 3, 16, 16, 3, 2, 0, 0, 0, 0, 0]"
5874,<SOS>jamila<EOS>     ,girl,"['j', 'a', 'm', 'i', 'l', 'a']",6,0.0,"[1, 12, 3, 15, 11, 14, 3, 2, 0, 0, 0, 0, 0]"
2202,<SOS>jerold<EOS>     ,boy,"['j', 'e', 'r', 'o', 'l', 'd']",6,1.0,"[1, 12, 7, 20, 17, 14, 6, 2, 0, 0, 0, 0, 0]"
4156,<SOS>elzada<EOS>     ,girl,"['e', 'l', 'z', 'a', 'd', 'a']",6,0.0,"[1, 7, 14, 28, 3, 6, 3, 2, 0, 0, 0, 0, 0]"
6354,<SOS>kailyn<EOS>     ,girl,"['k', 'a', 'i', 'l', 'y', 'n']",6,0.0,"[1, 13, 3, 11, 14, 27, 16, 2, 0, 0, 0, 0, 0]"
5886,<SOS>mistie<EOS>     ,girl,"['m', 'i', 's', 't', 'i', 'e']",6,0.0,"[1, 15, 11, 21, 22, 11, 7, 2, 0, 0, 0, 0, 0]"
5678,<SOS>meghan<EOS>     ,girl,"['m', 'e', 'g', 'h', 'a', 'n']",6,0.0,"[1, 15, 7, 9, 10, 3, 16, 2, 0, 0, 0, 0, 0]"
2006,<SOS>severo<EOS>     ,boy,"['s', 'e', 'v', 'e', 'r', 'o']",6,1.0,"[1, 21, 7, 24, 7, 20, 17, 2, 0, 0, 0, 0, 0]"
4903,<SOS>waneta<EOS>     ,girl,"['w', 'a', 'n', 'e', 't', 'a']",6,0.0,"[1, 25, 3, 16, 7, 22, 3, 2, 0, 0, 0, 0, 0]"
2129,<SOS>jerald<EOS>     ,boy,"['j', 'e', 'r', 'a', 'l', 'd']",6,1.0,"[1, 12, 7, 20, 3, 14, 6, 2, 0, 0, 0, 0, 0]"
1937,<SOS>santos<EOS>     ,boy,"['s', 'a', 'n', 't', 'o', 's']",6,1.0,"[1, 21, 3, 16, 22, 17, 21, 2, 0, 0, 0, 0, 0]"
1889,<SOS>schley<EOS>     ,boy,"['s', 'c', 'h', 'l', 'e', 'y']",6,1.0,"[1, 21, 5, 10, 14, 7, 27, 2, 0, 0, 0, 0, 0]"
610,<SOS>doctor<EOS>     ,boy,"['d', 'o', 'c', 't', 'o', 'r']",6,1.0,"[1, 6, 17, 5, 22, 17, 20, 2, 0, 0, 0, 0, 0]"
1020,<SOS>bessie<EOS>     ,boy,"['b', 'e', 's', 's', 'i', 'e']",6,1.0,"[1, 4, 7, 21, 21, 11, 7, 2, 0, 0, 0, 0, 0]"
305,<SOS>dewitt<EOS>     ,boy,"['d', 'e', 'w', 'i', 't', 't']",6,1.0,"[1, 6, 7, 25, 11, 22, 22, 2, 0, 0, 0, 0, 0]"
165,<SOS>elbert<EOS>     ,boy,"['e', 'l', 'b', 'e', 'r', 't']",6,1.0,"[1, 7, 14, 4, 7, 20, 22, 2, 0, 0, 0, 0, 0]"
6107,<SOS>shenna<EOS>     ,girl,"['s', 'h', 'e', 'n', 'n', 'a']",6,0.0,"[1, 21, 10, 7, 16, 16, 3, 2, 0, 0, 0, 0, 0]"
4831,<SOS>dimple<EOS>     ,girl,"['d', 'i', 'm', 'p', 'l', 'e']",6,0.0,"[1, 6, 11, 15, 18, 14, 7, 2, 0, 0, 0, 0, 0]"
1727,<SOS>powell<EOS>     ,boy,"['p', 'o', 'w', 'e', 'l', 'l']",6,1.0,"[1, 18, 17, 25, 7, 14, 14, 2, 0, 0, 0, 0, 0]"
3157,<SOS>keagan<EOS>     ,boy,"['k', 'e', 'a', 'g', 'a', 'n']",6,1.0,"[1, 13, 7, 3, 9, 3, 16, 2, 0, 0, 0, 0, 0]"
1567,<SOS>seldon<EOS>     ,boy,"['s', 'e', 'l', 'd', 'o', 'n']",6,1.0,"[1, 21, 7, 14, 6, 17, 16, 2, 0, 0, 0, 0, 0]"
5400,<SOS>gwenda<EOS>     ,girl,"['g', 'w', 'e', 'n', 'd', 'a']",6,0.0,"[1, 9, 25, 7, 16, 6, 3, 2, 0, 0, 0, 0, 0]"
4674,<SOS>willia<EOS>     ,girl,"['w', 'i', 'l', 'l', 'i', 'a']",6,0.0,"[1, 25, 11, 14, 14, 11, 3, 2, 0, 0, 0, 0, 0]"
2189,<SOS>dwaine<EOS>     ,boy,"['d', 'w', 'a', 'i', 'n', 'e']",6,1.0,"[1, 6, 25, 3, 11, 16, 7, 2, 0, 0, 0, 0, 0]"
6430,<SOS>moesha<EOS>     ,girl,"['m', 'o', 'e', 's', 'h', 'a']",6,0.0,"[1, 15, 17, 7, 21, 10, 3, 2, 0, 0, 0, 0, 0]"
6578,<SOS>marlen<EOS>     ,girl,"['m', 'a', 'r', 'l', 'e', 'n']",6,0.0,"[1, 15, 3, 20, 14, 7, 16, 2, 0, 0, 0, 0, 0]"
4481,<SOS>gennie<EOS>     ,girl,"['g', 'e', 'n', 'n', 'i', 'e']",6,0.0,"[1, 9, 7, 16, 16, 11, 7, 2, 0, 0, 0, 0, 0]"
2355,<SOS>rickie<EOS>     ,boy,"['r', 'i', 'c', 'k', 'i', 'e']",6,1.0,"[1, 20, 11, 5, 13, 11, 7, 2, 0, 0, 0, 0, 0]"
4277,<SOS>amelie<EOS>     ,girl,"['a', 'm', 'e', 'l', 'i', 'e']",6,0.0,"[1, 3, 15, 7, 14, 11, 7, 2, 0, 0, 0, 0, 0]"
4495,<SOS>alzina<EOS>     ,girl,"['a', 'l', 'z', 'i', 'n', 'a']",6,0.0,"[1, 3, 14, 28, 11, 16, 3, 2, 0, 0, 0, 0, 0]"
1965,<SOS>nathen<EOS>     ,boy,"['n', 'a', 't', 'h', 'e', 'n']",6,1.0,"[1, 16, 3, 22, 10, 7, 16, 2, 0, 0, 0, 0, 0]"
466,<SOS>christ<EOS>     ,boy,"['c', 'h', 'r', 'i', 's', 't']",6,1.0,"[1, 5, 10, 20, 11, 21, 22, 2, 0, 0, 0, 0, 0]"
926,<SOS>blaine<EOS>     ,boy,"['b', 'l', 'a', 'i', 'n', 'e']",6,1.0,"[1, 4, 14, 3, 11, 16, 7, 2, 0, 0, 0, 0, 0]"
3246,<SOS>kaiden<EOS>     ,boy,"['k', 'a', 'i', 'd', 'e', 'n']",6,1.0,"[1, 13, 3, 11, 6, 7, 16, 2, 0, 0, 0, 0, 0]"
3147,<SOS>raquan<EOS>     ,boy,"['r', 'a', 'q', 'u', 'a', 'n']",6,1.0,"[1, 20, 3, 19, 23, 3, 16, 2, 0, 0, 0, 0, 0]"
5497,<SOS>stacie<EOS>     ,girl,"['s', 't', 'a', 'c', 'i', 'e']",6,0.0,"[1, 21, 22, 3, 5, 11, 7, 2, 0, 0, 0, 0, 0]"
4523,<SOS>lurana<EOS>     ,girl,"['l', 'u', 'r', 'a', 'n', 'a']",6,0.0,"[1, 14, 23, 20, 3, 16, 3, 2, 0, 0, 0, 0, 0]"
4967,<SOS>kiyoko<EOS>     ,girl,"['k', 'i', 'y', 'o', 'k', 'o']",6,0.0,"[1, 13, 11, 27, 17, 13, 17, 2, 0, 0, 0, 0, 0]"
2020,<SOS>hansel<EOS>     ,boy,"['h', 'a', 'n', 's', 'e', 'l']",6,1.0,"[1, 10, 3, 16, 21, 7, 14, 2, 0, 0, 0, 0, 0]"
5875,<SOS>tanika<EOS>     ,girl,"['t', 'a', 'n', 'i', 'k', 'a']",6,0.0,"[1, 22, 3, 16, 11, 13, 3, 2, 0, 0, 0, 0, 0]"
250,<SOS>edmond<EOS>     ,boy,"['e', 'd', 'm', 'o', 'n', 'd']",6,1.0,"[1, 7, 6, 15, 17, 16, 6, 2, 0, 0, 0, 0, 0]"
3953,<SOS>aurora<EOS>     ,girl,"['a', 'u', 'r', 'o', 'r', 'a']",6,0.0,"[1, 3, 23, 20, 17, 20, 3, 2, 0, 0, 0, 0, 0]"
6672,<SOS>zariah<EOS>     ,girl,"['z', 'a', 'r', 'i', 'a', 'h']",6,0.0,"[1, 28, 3, 20, 11, 3, 10, 2, 0, 0, 0, 0, 0]"
5311,<SOS>janeen<EOS>     ,girl,"['j', 'a', 'n', 'e', 'e', 'n']",6,0.0,"[1, 12, 3, 16, 7, 7, 16, 2, 0, 0, 0, 0, 0]"
2661,<SOS>brandt<EOS>     ,boy,"['b', 'r', 'a', 'n', 'd', 't']",6,1.0,"[1, 4, 20, 3, 16, 6, 22, 2, 0, 0, 0, 0, 0]"
3969,<SOS>doshia<EOS>     ,girl,"['d', 'o', 's', 'h', 'i', 'a']",6,0.0,"[1, 6, 17, 21, 10, 11, 3, 2, 0, 0, 0, 0, 0]"
6261,<SOS>isamar<EOS>     ,girl,"['i', 's', 'a', 'm', 'a', 'r']",6,0.0,"[1, 11, 21, 3, 15, 3, 20, 2, 0, 0, 0, 0, 0]"
4141,<SOS>cleora<EOS>     ,girl,"['c', 'l', 'e', 'o', 'r', 'a']",6,0.0,"[1, 5, 14, 7, 17, 20, 3, 2, 0, 0, 0, 0, 0]"
5847,<SOS>rebeca<EOS>     ,girl,"['r', 'e', 'b', 'e', 'c', 'a']",6,0.0,"[1, 20, 7, 4, 7, 5, 3, 2, 0, 0, 0, 0, 0]"
4998,<SOS>wanita<EOS>     ,girl,"['w', 'a', 'n', 'i', 't', 'a']",6,0.0,"[1, 25, 3, 16, 11, 22, 3, 2, 0, 0, 0, 0, 0]"
460,<SOS>rollin<EOS>     ,boy,"['r', 'o', 'l', 'l', 'i', 'n']",6,1.0,"[1, 20, 17, 14, 14, 11, 16, 2, 0, 0, 0, 0, 0]"
3792,<SOS>emelie<EOS>     ,girl,"['e', 'm', 'e', 'l', 'i', 'e']",6,0.0,"[1, 7, 15, 7, 14, 11, 7, 2, 0, 0, 0, 0, 0]"
245,<SOS>donald<EOS>     ,boy,"['d', 'o', 'n', 'a', 'l', 'd']",6,1.0,"[1, 6, 17, 16, 3, 14, 6, 2, 0, 0, 0, 0, 0]"
3549,<SOS>kittie<EOS>     ,girl,"['k', 'i', 't', 't', 'i', 'e']",6,0.0,"[1, 13, 11, 22, 22, 11, 7, 2, 0, 0, 0, 0, 0]"
6101,<SOS>tyesha<EOS>     ,girl,"['t', 'y', 'e', 's', 'h', 'a']",6,0.0,"[1, 22, 27, 7, 21, 10, 3, 2, 0, 0, 0, 0, 0]"
5279,<SOS>carlyn<EOS>     ,girl,"['c', 'a', 'r', 'l', 'y', 'n']",6,0.0,"[1, 5, 3, 20, 14, 27, 16, 2, 0, 0, 0, 0, 0]"
1345,<SOS>charle<EOS>     ,boy,"['c', 'h', 'a', 'r', 'l', 'e']",6,1.0,"[1, 5, 10, 3, 20, 14, 7, 2, 0, 0, 0, 0, 0]"
459,<SOS>rollie<EOS>     ,boy,"['r', 'o', 'l', 'l', 'i', 'e']",6,1.0,"[1, 20, 17, 14, 14, 11, 7, 2, 0, 0, 0, 0, 0]"
767,<SOS>elliot<EOS>     ,boy,"['e', 'l', 'l', 'i', 'o', 't']",6,1.0,"[1, 7, 14, 14, 11, 17, 22, 2, 0, 0, 0, 0, 0]"
2853,<SOS>keegan<EOS>     ,boy,"['k', 'e', 'e', 'g', 'a', 'n']",6,1.0,"[1, 13, 7, 7, 9, 3, 16, 2, 0, 0, 0, 0, 0]"
615,<SOS>gideon<EOS>     ,boy,"['g', 'i', 'd', 'e', 'o', 'n']",6,1.0,"[1, 9, 11, 6, 7, 17, 16, 2, 0, 0, 0, 0, 0]"
1295,<SOS>jewell<EOS>     ,boy,"['j', 'e', 'w', 'e', 'l', 'l']",6,1.0,"[1, 12, 7, 25, 7, 14, 14, 2, 0, 0, 0, 0, 0]"
6110,<SOS>breann<EOS>     ,girl,"['b', 'r', 'e', 'a', 'n', 'n']",6,0.0,"[1, 4, 20, 7, 3, 16, 16, 2, 0, 0, 0, 0, 0]"
5610,<SOS>melony<EOS>     ,girl,"['m', 'e', 'l', 'o', 'n', 'y']",6,0.0,"[1, 15, 7, 14, 17, 16, 27, 2, 0, 0, 0, 0, 0]"
6229,<SOS>tiarra<EOS>     ,girl,"['t', 'i', 'a', 'r', 'r', 'a']",6,0.0,"[1, 22, 11, 3, 20, 20, 3, 2, 0, 0, 0, 0, 0]"
3485,<SOS>tillie<EOS>     ,girl,"['t', 'i', 'l', 'l', 'i', 'e']",6,0.0,"[1, 22, 11, 14, 14, 11, 7, 2, 0, 0, 0, 0, 0]"
5710,<SOS>tamiko<EOS>     ,girl,"['t', 'a', 'm', 'i', 'k', 'o']",6,0.0,"[1, 22, 3, 15, 11, 13, 17, 2, 0, 0, 0, 0, 0]"
3001,<SOS>denzel<EOS>     ,boy,"['d', 'e', 'n', 'z', 'e', 'l']",6,1.0,"[1, 6, 7, 16, 28, 7, 14, 2, 0, 0, 0, 0, 0]"
6654,<SOS>amaris<EOS>     ,girl,"['a', 'm', 'a', 'r', 'i', 's']",6,0.0,"[1, 3, 15, 3, 20, 11, 21, 2, 0, 0, 0, 0, 0]"
2727,<SOS>nicole<EOS>     ,boy,"['n', 'i', 'c', 'o', 'l', 'e']",6,1.0,"[1, 16, 11, 5, 17, 14, 7, 2, 0, 0, 0, 0, 0]"
1397,<SOS>wayman<EOS>     ,boy,"['w', 'a', 'y', 'm', 'a', 'n']",6,1.0,"[1, 25, 3, 27, 15, 3, 16, 2, 0, 0, 0, 0, 0]"
3937,<SOS>tishie<EOS>     ,girl,"['t', 'i', 's', 'h', 'i', 'e']",6,0.0,"[1, 22, 11, 21, 10, 11, 7, 2, 0, 0, 0, 0, 0]"
2179,<SOS>darold<EOS>     ,boy,"['d', 'a', 'r', 'o', 'l', 'd']",6,1.0,"[1, 6, 3, 20, 17, 14, 6, 2, 0, 0, 0, 0, 0]"
4422,<SOS>missie<EOS>     ,girl,"['m', 'i', 's', 's', 'i', 'e']",6,0.0,"[1, 15, 11, 21, 21, 11, 7, 2, 0, 0, 0, 0, 0]"
1737,<SOS>audley<EOS>     ,boy,"['a', 'u', 'd', 'l', 'e', 'y']",6,1.0,"[1, 3, 23, 6, 14, 7, 27, 2, 0, 0, 0, 0, 0]"
2387,<SOS>randel<EOS>     ,boy,"['r', 'a', 'n', 'd', 'e', 'l']",6,1.0,"[1, 20, 3, 16, 6, 7, 14, 2, 0, 0, 0, 0, 0]"
5633,<SOS>dionne<EOS>     ,girl,"['d', 'i', 'o', 'n', 'n', 'e']",6,0.0,"[1, 6, 11, 17, 16, 16, 7, 2, 0, 0, 0, 0, 0]"
6656,<SOS>kimora<EOS>     ,girl,"['k', 'i', 'm', 'o', 'r', 'a']",6,0.0,"[1, 13, 11, 15, 17, 20, 3, 2, 0, 0, 0, 0, 0]"
1288,<SOS>gaines<EOS>     ,boy,"['g', 'a', 'i', 'n', 'e', 's']",6,1.0,"[1, 9, 3, 11, 16, 7, 21, 2, 0, 0, 0, 0, 0]"
4959,<SOS>fumiko<EOS>     ,girl,"['f', 'u', 'm', 'i', 'k', 'o']",6,0.0,"[1, 8, 23, 15, 11, 13, 17, 2, 0, 0, 0, 0, 0]"
6732,<SOS>marely<EOS>     ,girl,"['m', 'a', 'r', 'e', 'l', 'y']",6,0.0,"[1, 15, 3, 20, 7, 14, 27, 2, 0, 0, 0, 0, 0]"
5740,<SOS>shonna<EOS>     ,girl,"['s', 'h', 'o', 'n', 'n', 'a']",6,0.0,"[1, 21, 10, 17, 16, 16, 3, 2, 0, 0, 0, 0, 0]"
3449,<SOS>lottie<EOS>     ,girl,"['l', 'o', 't', 't', 'i', 'e']",6,0.0,"[1, 14, 17, 22, 22, 11, 7, 2, 0, 0, 0, 0, 0]"
3918,<SOS>leitha<EOS>     ,girl,"['l', 'e', 'i', 't', 'h', 'a']",6,0.0,"[1, 14, 7, 11, 22, 10, 3, 2, 0, 0, 0, 0, 0]"
4263,<SOS>susana<EOS>     ,girl,"['s', 'u', 's', 'a', 'n', 'a']",6,0.0,"[1, 21, 23, 21, 3, 16, 3, 2, 0, 0, 0, 0, 0]"
1880,<SOS>dabney<EOS>     ,boy,"['d', 'a', 'b', 'n', 'e', 'y']",6,1.0,"[1, 6, 3, 4, 16, 7, 27, 2, 0, 0, 0, 0, 0]"
3499,<SOS>hettie<EOS>     ,girl,"['h', 'e', 't', 't', 'i', 'e']",6,0.0,"[1, 10, 7, 22, 22, 11, 7, 2, 0, 0, 0, 0, 0]"
3778,<SOS>rosina<EOS>     ,girl,"['r', 'o', 's', 'i', 'n', 'a']",6,0.0,"[1, 20, 17, 21, 11, 16, 3, 2, 0, 0, 0, 0, 0]"
3633,<SOS>almeda<EOS>     ,girl,"['a', 'l', 'm', 'e', 'd', 'a']",6,0.0,"[1, 3, 14, 15, 7, 6, 3, 2, 0, 0, 0, 0, 0]"
2955,<SOS>trevin<EOS>     ,boy,"['t', 'r', 'e', 'v', 'i', 'n']",6,1.0,"[1, 22, 20, 7, 24, 11, 16, 2, 0, 0, 0, 0, 0]"
4589,<SOS>zelpha<EOS>     ,girl,"['z', 'e', 'l', 'p', 'h', 'a']",6,0.0,"[1, 28, 7, 14, 18, 10, 3, 2, 0, 0, 0, 0, 0]"
2495,<SOS>derick<EOS>     ,boy,"['d', 'e', 'r', 'i', 'c', 'k']",6,1.0,"[1, 6, 7, 20, 11, 5, 13, 2, 0, 0, 0, 0, 0]"
2380,<SOS>patric<EOS>     ,boy,"['p', 'a', 't', 'r', 'i', 'c']",6,1.0,"[1, 18, 3, 22, 20, 11, 5, 2, 0, 0, 0, 0, 0]"
4581,<SOS>florie<EOS>     ,girl,"['f', 'l', 'o', 'r', 'i', 'e']",6,0.0,"[1, 8, 14, 17, 20, 11, 7, 2, 0, 0, 0, 0, 0]"
261,<SOS>conrad<EOS>     ,boy,"['c', 'o', 'n', 'r', 'a', 'd']",6,1.0,"[1, 5, 17, 16, 20, 3, 6, 2, 0, 0, 0, 0, 0]"
6387,<SOS>haylie<EOS>     ,girl,"['h', 'a', 'y', 'l', 'i', 'e']",6,0.0,"[1, 10, 3, 27, 14, 11, 7, 2, 0, 0, 0, 0, 0]"
477,<SOS>squire<EOS>     ,boy,"['s', 'q', 'u', 'i', 'r', 'e']",6,1.0,"[1, 21, 19, 23, 11, 20, 7, 2, 0, 0, 0, 0, 0]"
5626,<SOS>alisha<EOS>     ,girl,"['a', 'l', 'i', 's', 'h', 'a']",6,0.0,"[1, 3, 14, 11, 21, 10, 3, 2, 0, 0, 0, 0, 0]"
891,<SOS>rupert<EOS>     ,boy,"['r', 'u', 'p', 'e', 'r', 't']",6,1.0,"[1, 20, 23, 18, 7, 20, 22, 2, 0, 0, 0, 0, 0]"
2297,<SOS>lamont<EOS>     ,boy,"['l', 'a', 'm', 'o', 'n', 't']",6,1.0,"[1, 14, 3, 15, 17, 16, 22, 2, 0, 0, 0, 0, 0]"
4612,<SOS>gustie<EOS>     ,girl,"['g', 'u', 's', 't', 'i', 'e']",6,0.0,"[1, 9, 23, 21, 22, 11, 7, 2, 0, 0, 0, 0, 0]"
2979,<SOS>kadeem<EOS>     ,boy,"['k', 'a', 'd', 'e', 'e', 'm']",6,1.0,"[1, 13, 3, 6, 7, 7, 15, 2, 0, 0, 0, 0, 0]"
6572,<SOS>laisha<EOS>     ,girl,"['l', 'a', 'i', 's', 'h', 'a']",6,0.0,"[1, 14, 3, 11, 21, 10, 3, 2, 0, 0, 0, 0, 0]"
4938,<SOS>idamae<EOS>     ,girl,"['i', 'd', 'a', 'm', 'a', 'e']",6,0.0,"[1, 11, 6, 3, 15, 3, 7, 2, 0, 0, 0, 0, 0]"
840,<SOS>delmar<EOS>     ,boy,"['d', 'e', 'l', 'm', 'a', 'r']",6,1.0,"[1, 6, 7, 14, 15, 3, 20, 2, 0, 0, 0, 0, 0]"
3994,<SOS>liller<EOS>     ,girl,"['l', 'i', 'l', 'l', 'e', 'r']",6,0.0,"[1, 14, 11, 14, 14, 7, 20, 2, 0, 0, 0, 0, 0]"
942,<SOS>denver<EOS>     ,boy,"['d', 'e', 'n', 'v', 'e', 'r']",6,1.0,"[1, 6, 7, 16, 24, 7, 20, 2, 0, 0, 0, 0, 0]"
1097,<SOS>antone<EOS>     ,boy,"['a', 'n', 't', 'o', 'n', 'e']",6,1.0,"[1, 3, 16, 22, 17, 16, 7, 2, 0, 0, 0, 0, 0]"
1001,<SOS>newell<EOS>     ,boy,"['n', 'e', 'w', 'e', 'l', 'l']",6,1.0,"[1, 16, 7, 25, 7, 14, 14, 2, 0, 0, 0, 0, 0]"
972,<SOS>hayden<EOS>     ,boy,"['h', 'a', 'y', 'd', 'e', 'n']",6,1.0,"[1, 10, 3, 27, 6, 7, 16, 2, 0, 0, 0, 0, 0]"
5415,<SOS>roxane<EOS>     ,girl,"['r', 'o', 'x', 'a', 'n', 'e']",6,0.0,"[1, 20, 17, 26, 3, 16, 7, 2, 0, 0, 0, 0, 0]"
2025,<SOS>verlin<EOS>     ,boy,"['v', 'e', 'r', 'l', 'i', 'n']",6,1.0,"[1, 24, 7, 20, 14, 11, 16, 2, 0, 0, 0, 0, 0]"
2476,<SOS>derwin<EOS>     ,boy,"['d', 'e', 'r', 'w', 'i', 'n']",6,1.0,"[1, 6, 7, 20, 25, 11, 16, 2, 0, 0, 0, 0, 0]"
2536,<SOS>shayne<EOS>     ,boy,"['s', 'h', 'a', 'y', 'n', 'e']",6,1.0,"[1, 21, 10, 3, 27, 16, 7, 2, 0, 0, 0, 0, 0]"
1599,<SOS>hughie<EOS>     ,boy,"['h', 'u', 'g', 'h', 'i', 'e']",6,1.0,"[1, 10, 23, 9, 10, 11, 7, 2, 0, 0, 0, 0, 0]"
706,<SOS>harlan<EOS>     ,boy,"['h', 'a', 'r', 'l', 'a', 'n']",6,1.0,"[1, 10, 3, 20, 14, 3, 16, 2, 0, 0, 0, 0, 0]"
2678,<SOS>braden<EOS>     ,boy,"['b', 'r', 'a', 'd', 'e', 'n']",6,1.0,"[1, 4, 20, 3, 6, 7, 16, 2, 0, 0, 0, 0, 0]"
175,<SOS>emmett<EOS>     ,boy,"['e', 'm', 'm', 'e', 't', 't']",6,1.0,"[1, 7, 15, 15, 7, 22, 22, 2, 0, 0, 0, 0, 0]"
2958,<SOS>camron<EOS>     ,boy,"['c', 'a', 'm', 'r', 'o', 'n']",6,1.0,"[1, 5, 3, 15, 20, 17, 16, 2, 0, 0, 0, 0, 0]"
3395,<SOS>anders<EOS>     ,boy,"['a', 'n', 'd', 'e', 'r', 's']",6,1.0,"[1, 3, 16, 6, 7, 20, 21, 2, 0, 0, 0, 0, 0]"
4092,<SOS>pinkey<EOS>     ,girl,"['p', 'i', 'n', 'k', 'e', 'y']",6,0.0,"[1, 18, 11, 16, 13, 7, 27, 2, 0, 0, 0, 0, 0]"
3152,<SOS>reagan<EOS>     ,boy,"['r', 'e', 'a', 'g', 'a', 'n']",6,1.0,"[1, 20, 7, 3, 9, 3, 16, 2, 0, 0, 0, 0, 0]"
1259,<SOS>almond<EOS>     ,boy,"['a', 'l', 'm', 'o', 'n', 'd']",6,1.0,"[1, 3, 14, 15, 17, 16, 6, 2, 0, 0, 0, 0, 0]"
4798,<SOS>bonita<EOS>     ,girl,"['b', 'o', 'n', 'i', 't', 'a']",6,0.0,"[1, 4, 17, 16, 11, 22, 3, 2, 0, 0, 0, 0, 0]"
1208,<SOS>newman<EOS>     ,boy,"['n', 'e', 'w', 'm', 'a', 'n']",6,1.0,"[1, 16, 7, 25, 15, 3, 16, 2, 0, 0, 0, 0, 0]"
1229,<SOS>emilio<EOS>     ,boy,"['e', 'm', 'i', 'l', 'i', 'o']",6,1.0,"[1, 7, 15, 11, 14, 11, 17, 2, 0, 0, 0, 0, 0]"
2889,<SOS>jacoby<EOS>     ,boy,"['j', 'a', 'c', 'o', 'b', 'y']",6,1.0,"[1, 12, 3, 5, 17, 4, 27, 2, 0, 0, 0, 0, 0]"
6295,<SOS>karlie<EOS>     ,girl,"['k', 'a', 'r', 'l', 'i', 'e']",6,0.0,"[1, 13, 3, 20, 14, 11, 7, 2, 0, 0, 0, 0, 0]"
6724,<SOS>neveah<EOS>     ,girl,"['n', 'e', 'v', 'e', 'a', 'h']",6,0.0,"[1, 16, 7, 24, 7, 3, 10, 2, 0, 0, 0, 0, 0]"
4571,<SOS>ermina<EOS>     ,girl,"['e', 'r', 'm', 'i', 'n', 'a']",6,0.0,"[1, 7, 20, 15, 11, 16, 3, 2, 0, 0, 0, 0, 0]"
2510,<SOS>darrin<EOS>     ,boy,"['d', 'a', 'r', 'r', 'i', 'n']",6,1.0,"[1, 6, 3, 20, 20, 11, 16, 2, 0, 0, 0, 0, 0]"
6584,<SOS>johana<EOS>     ,girl,"['j', 'o', 'h', 'a', 'n', 'a']",6,0.0,"[1, 12, 17, 10, 3, 16, 3, 2, 0, 0, 0, 0, 0]"
1410,<SOS>marlin<EOS>     ,boy,"['m', 'a', 'r', 'l', 'i', 'n']",6,1.0,"[1, 15, 3, 20, 14, 11, 16, 2, 0, 0, 0, 0, 0]"
4933,<SOS>sheila<EOS>     ,girl,"['s', 'h', 'e', 'i', 'l', 'a']",6,0.0,"[1, 21, 10, 7, 11, 14, 3, 2, 0, 0, 0, 0, 0]"
6403,<SOS>daisha<EOS>     ,girl,"['d', 'a', 'i', 's', 'h', 'a']",6,0.0,"[1, 6, 3, 11, 21, 10, 3, 2, 0, 0, 0, 0, 0]"
2669,<SOS>kelsey<EOS>     ,boy,"['k', 'e', 'l', 's', 'e', 'y']",6,1.0,"[1, 13, 7, 14, 21, 7, 27, 2, 0, 0, 0, 0, 0]"
5568,<SOS>johnna<EOS>     ,girl,"['j', 'o', 'h', 'n', 'n', 'a']",6,0.0,"[1, 12, 17, 10, 16, 16, 3, 2, 0, 0, 0, 0, 0]"
2507,<SOS>cheryl<EOS>     ,boy,"['c', 'h', 'e', 'r', 'y', 'l']",6,1.0,"[1, 5, 10, 7, 20, 27, 14, 2, 0, 0, 0, 0, 0]"
5344,<SOS>shiela<EOS>     ,girl,"['s', 'h', 'i', 'e', 'l', 'a']",6,0.0,"[1, 21, 10, 11, 7, 14, 3, 2, 0, 0, 0, 0, 0]"
3038,<SOS>desean<EOS>     ,boy,"['d', 'e', 's', 'e', 'a', 'n']",6,1.0,"[1, 6, 7, 21, 7, 3, 16, 2, 0, 0, 0, 0, 0]"
4572,<SOS>hertha<EOS>     ,girl,"['h', 'e', 'r', 't', 'h', 'a']",6,0.0,"[1, 10, 7, 20, 22, 10, 3, 2, 0, 0, 0, 0, 0]"
3282,<SOS>yehuda<EOS>     ,boy,"['y', 'e', 'h', 'u', 'd', 'a']",6,1.0,"[1, 27, 7, 10, 23, 6, 3, 2, 0, 0, 0, 0, 0]"
3863,<SOS>elmina<EOS>     ,girl,"['e', 'l', 'm', 'i', 'n', 'a']",6,0.0,"[1, 7, 14, 15, 11, 16, 3, 2, 0, 0, 0, 0, 0]"
3284,<SOS>caiden<EOS>     ,boy,"['c', 'a', 'i', 'd', 'e', 'n']",6,1.0,"[1, 5, 3, 11, 6, 7, 16, 2, 0, 0, 0, 0, 0]"
1684,<SOS>xavier<EOS>     ,boy,"['x', 'a', 'v', 'i', 'e', 'r']",6,1.0,"[1, 26, 3, 24, 11, 7, 20, 2, 0, 0, 0, 0, 0]"
6563,<SOS>anjali<EOS>     ,girl,"['a', 'n', 'j', 'a', 'l', 'i']",6,0.0,"[1, 3, 16, 12, 3, 14, 11, 2, 0, 0, 0, 0, 0]"
1609,<SOS>fannie<EOS>     ,boy,"['f', 'a', 'n', 'n', 'i', 'e']",6,1.0,"[1, 8, 3, 16, 16, 11, 7, 2, 0, 0, 0, 0, 0]"
887,<SOS>redden<EOS>     ,boy,"['r', 'e', 'd', 'd', 'e', 'n']",6,1.0,"[1, 20, 7, 6, 6, 7, 16, 2, 0, 0, 0, 0, 0]"
4210,<SOS>fronia<EOS>     ,girl,"['f', 'r', 'o', 'n', 'i', 'a']",6,0.0,"[1, 8, 20, 17, 16, 11, 3, 2, 0, 0, 0, 0, 0]"
1409,<SOS>kelley<EOS>     ,boy,"['k', 'e', 'l', 'l', 'e', 'y']",6,1.0,"[1, 13, 7, 14, 14, 7, 27, 2, 0, 0, 0, 0, 0]"
1356,<SOS>hanson<EOS>     ,boy,"['h', 'a', 'n', 's', 'o', 'n']",6,1.0,"[1, 10, 3, 16, 21, 17, 16, 2, 0, 0, 0, 0, 0]"
1642,<SOS>branch<EOS>     ,boy,"['b', 'r', 'a', 'n', 'c', 'h']",6,1.0,"[1, 4, 20, 3, 16, 5, 10, 2, 0, 0, 0, 0, 0]"
4102,<SOS>selena<EOS>     ,girl,"['s', 'e', 'l', 'e', 'n', 'a']",6,0.0,"[1, 21, 7, 14, 7, 16, 3, 2, 0, 0, 0, 0, 0]"
4777,<SOS>mozell<EOS>     ,girl,"['m', 'o', 'z', 'e', 'l', 'l']",6,0.0,"[1, 15, 17, 28, 7, 14, 14, 2, 0, 0, 0, 0, 0]"
2392,<SOS>stevie<EOS>     ,boy,"['s', 't', 'e', 'v', 'i', 'e']",6,1.0,"[1, 21, 22, 7, 24, 11, 7, 2, 0, 0, 0, 0, 0]"
4259,<SOS>rosena<EOS>     ,girl,"['r', 'o', 's', 'e', 'n', 'a']",6,0.0,"[1, 20, 17, 21, 7, 16, 3, 2, 0, 0, 0, 0, 0]"
5164,<SOS>jacque<EOS>     ,girl,"['j', 'a', 'c', 'q', 'u', 'e']",6,0.0,"[1, 12, 3, 5, 19, 23, 7, 2, 0, 0, 0, 0, 0]"
3104,<SOS>auston<EOS>     ,boy,"['a', 'u', 's', 't', 'o', 'n']",6,1.0,"[1, 3, 23, 21, 22, 17, 16, 2, 0, 0, 0, 0, 0]"
6771,<SOS>payten<EOS>     ,girl,"['p', 'a', 'y', 't', 'e', 'n']",6,0.0,"[1, 18, 3, 27, 22, 7, 16, 2, 0, 0, 0, 0, 0]"
6149,<SOS>nakita<EOS>     ,girl,"['n', 'a', 'k', 'i', 't', 'a']",6,0.0,"[1, 16, 3, 13, 11, 22, 3, 2, 0, 0, 0, 0, 0]"
1203,<SOS>hilary<EOS>     ,boy,"['h', 'i', 'l', 'a', 'r', 'y']",6,1.0,"[1, 10, 11, 14, 3, 20, 27, 2, 0, 0, 0, 0, 0]"
3687,<SOS>agatha<EOS>     ,girl,"['a', 'g', 'a', 't', 'h', 'a']",6,0.0,"[1, 3, 9, 3, 22, 10, 3, 2, 0, 0, 0, 0, 0]"
4296,<SOS>dezzie<EOS>     ,girl,"['d', 'e', 'z', 'z', 'i', 'e']",6,0.0,"[1, 6, 7, 28, 28, 11, 7, 2, 0, 0, 0, 0, 0]"
1171,<SOS>verner<EOS>     ,boy,"['v', 'e', 'r', 'n', 'e', 'r']",6,1.0,"[1, 24, 7, 20, 16, 7, 20, 2, 0, 0, 0, 0, 0]"
4024,<SOS>winona<EOS>     ,girl,"['w', 'i', 'n', 'o', 'n', 'a']",6,0.0,"[1, 25, 11, 16, 17, 16, 3, 2, 0, 0, 0, 0, 0]"
3193,<SOS>tyreek<EOS>     ,boy,"['t', 'y', 'r', 'e', 'e', 'k']",6,1.0,"[1, 22, 27, 20, 7, 7, 13, 2, 0, 0, 0, 0, 0]"
2724,<SOS>diallo<EOS>     ,boy,"['d', 'i', 'a', 'l', 'l', 'o']",6,1.0,"[1, 6, 11, 3, 14, 14, 17, 2, 0, 0, 0, 0, 0]"
3487,<SOS>sylvia<EOS>     ,girl,"['s', 'y', 'l', 'v', 'i', 'a']",6,0.0,"[1, 21, 27, 14, 24, 11, 3, 2, 0, 0, 0, 0, 0]"
1220,<SOS>alexis<EOS>     ,boy,"['a', 'l', 'e', 'x', 'i', 's']",6,1.0,"[1, 3, 14, 7, 26, 11, 21, 2, 0, 0, 0, 0, 0]"
3718,<SOS>odessa<EOS>     ,girl,"['o', 'd', 'e', 's', 's', 'a']",6,0.0,"[1, 17, 6, 7, 21, 21, 3, 2, 0, 0, 0, 0, 0]"
4954,<SOS>felipa<EOS>     ,girl,"['f', 'e', 'l', 'i', 'p', 'a']",6,0.0,"[1, 8, 7, 14, 11, 18, 3, 2, 0, 0, 0, 0, 0]"
5479,<SOS>sheena<EOS>     ,girl,"['s', 'h', 'e', 'e', 'n', 'a']",6,0.0,"[1, 21, 10, 7, 7, 16, 3, 2, 0, 0, 0, 0, 0]"
2989,<SOS>darion<EOS>     ,boy,"['d', 'a', 'r', 'i', 'o', 'n']",6,1.0,"[1, 6, 3, 20, 11, 17, 16, 2, 0, 0, 0, 0, 0]"
3470,<SOS>luella<EOS>     ,girl,"['l', 'u', 'e', 'l', 'l', 'a']",6,0.0,"[1, 14, 23, 7, 14, 14, 3, 2, 0, 0, 0, 0, 0]"
3257,<SOS>brodie<EOS>     ,boy,"['b', 'r', 'o', 'd', 'i', 'e']",6,1.0,"[1, 4, 20, 17, 6, 11, 7, 2, 0, 0, 0, 0, 0]"
531,<SOS>bailey<EOS>     ,boy,"['b', 'a', 'i', 'l', 'e', 'y']",6,1.0,"[1, 4, 3, 11, 14, 7, 27, 2, 0, 0, 0, 0, 0]"
3436,<SOS>kolten<EOS>     ,boy,"['k', 'o', 'l', 't', 'e', 'n']",6,1.0,"[1, 13, 17, 14, 22, 7, 16, 2, 0, 0, 0, 0, 0]"
4434,<SOS>ermine<EOS>     ,girl,"['e', 'r', 'm', 'i', 'n', 'e']",6,0.0,"[1, 7, 20, 15, 11, 16, 7, 2, 0, 0, 0, 0, 0]"
3429,<SOS>yadiel<EOS>     ,boy,"['y', 'a', 'd', 'i', 'e', 'l']",6,1.0,"[1, 27, 3, 6, 11, 7, 14, 2, 0, 0, 0, 0, 0]"
4950,<SOS>concha<EOS>     ,girl,"['c', 'o', 'n', 'c', 'h', 'a']",6,0.0,"[1, 5, 17, 16, 5, 10, 3, 2, 0, 0, 0, 0, 0]"
4458,<SOS>corene<EOS>     ,girl,"['c', 'o', 'r', 'e', 'n', 'e']",6,0.0,"[1, 5, 17, 20, 7, 16, 7, 2, 0, 0, 0, 0, 0]"
5420,<SOS>tricia<EOS>     ,girl,"['t', 'r', 'i', 'c', 'i', 'a']",6,0.0,"[1, 22, 20, 11, 5, 11, 3, 2, 0, 0, 0, 0, 0]"
6489,<SOS>samara<EOS>     ,girl,"['s', 'a', 'm', 'a', 'r', 'a']",6,0.0,"[1, 21, 3, 15, 3, 20, 3, 2, 0, 0, 0, 0, 0]"
757,<SOS>chancy<EOS>     ,boy,"['c', 'h', 'a', 'n', 'c', 'y']",6,1.0,"[1, 5, 10, 3, 16, 5, 27, 2, 0, 0, 0, 0, 0]"
3536,<SOS>olivia<EOS>     ,girl,"['o', 'l', 'i', 'v', 'i', 'a']",6,0.0,"[1, 17, 14, 11, 24, 11, 3, 2, 0, 0, 0, 0, 0]"
4211,<SOS>gillie<EOS>     ,girl,"['g', 'i', 'l', 'l', 'i', 'e']",6,0.0,"[1, 9, 11, 14, 14, 11, 7, 2, 0, 0, 0, 0, 0]"
1237,<SOS>lennie<EOS>     ,boy,"['l', 'e', 'n', 'n', 'i', 'e']",6,1.0,"[1, 14, 7, 16, 16, 11, 7, 2, 0, 0, 0, 0, 0]"
3100,<SOS>jayden<EOS>     ,boy,"['j', 'a', 'y', 'd', 'e', 'n']",6,1.0,"[1, 12, 3, 27, 6, 7, 16, 2, 0, 0, 0, 0, 0]"
148,<SOS>reuben<EOS>     ,boy,"['r', 'e', 'u', 'b', 'e', 'n']",6,1.0,"[1, 20, 7, 23, 4, 7, 16, 2, 0, 0, 0, 0, 0]"
1271,<SOS>conley<EOS>     ,boy,"['c', 'o', 'n', 'l', 'e', 'y']",6,1.0,"[1, 5, 17, 16, 14, 7, 27, 2, 0, 0, 0, 0, 0]"
1343,<SOS>chance<EOS>     ,boy,"['c', 'h', 'a', 'n', 'c', 'e']",6,1.0,"[1, 5, 10, 3, 16, 5, 7, 2, 0, 0, 0, 0, 0]"
1075,<SOS>gerrit<EOS>     ,boy,"['g', 'e', 'r', 'r', 'i', 't']",6,1.0,"[1, 9, 7, 20, 20, 11, 22, 2, 0, 0, 0, 0, 0]"
3679,<SOS>helene<EOS>     ,girl,"['h', 'e', 'l', 'e', 'n', 'e']",6,0.0,"[1, 10, 7, 14, 7, 16, 7, 2, 0, 0, 0, 0, 0]"
5144,<SOS>shelba<EOS>     ,girl,"['s', 'h', 'e', 'l', 'b', 'a']",6,0.0,"[1, 21, 10, 7, 14, 4, 3, 2, 0, 0, 0, 0, 0]"
5551,<SOS>deedee<EOS>     ,girl,"['d', 'e', 'e', 'd', 'e', 'e']",6,0.0,"[1, 6, 7, 7, 6, 7, 7, 2, 0, 0, 0, 0, 0]"
1920,<SOS>linnie<EOS>     ,boy,"['l', 'i', 'n', 'n', 'i', 'e']",6,1.0,"[1, 14, 11, 16, 16, 11, 7, 2, 0, 0, 0, 0, 0]"
5796,<SOS>summer<EOS>     ,girl,"['s', 'u', 'm', 'm', 'e', 'r']",6,0.0,"[1, 21, 23, 15, 15, 7, 20, 2, 0, 0, 0, 0, 0]"
6780,<SOS>sloane<EOS>     ,girl,"['s', 'l', 'o', 'a', 'n', 'e']",6,0.0,"[1, 21, 14, 17, 3, 16, 7, 2, 0, 0, 0, 0, 0]"
3857,<SOS>corine<EOS>     ,girl,"['c', 'o', 'r', 'i', 'n', 'e']",6,0.0,"[1, 5, 17, 20, 11, 16, 7, 2, 0, 0, 0, 0, 0]"
5226,<SOS>donita<EOS>     ,girl,"['d', 'o', 'n', 'i', 't', 'a']",6,0.0,"[1, 6, 17, 16, 11, 22, 3, 2, 0, 0, 0, 0, 0]"
5620,<SOS>denine<EOS>     ,girl,"['d', 'e', 'n', 'i', 'n', 'e']",6,0.0,"[1, 6, 7, 16, 11, 16, 7, 2, 0, 0, 0, 0, 0]"
5540,<SOS>kerrie<EOS>     ,girl,"['k', 'e', 'r', 'r', 'i', 'e']",6,0.0,"[1, 13, 7, 20, 20, 11, 7, 2, 0, 0, 0, 0, 0]"
3016,<SOS>keenen<EOS>     ,boy,"['k', 'e', 'e', 'n', 'e', 'n']",6,1.0,"[1, 13, 7, 7, 16, 7, 16, 2, 0, 0, 0, 0, 0]"
3512,<SOS>helena<EOS>     ,girl,"['h', 'e', 'l', 'e', 'n', 'a']",6,0.0,"[1, 10, 7, 14, 7, 16, 3, 2, 0, 0, 0, 0, 0]"
4591,<SOS>angele<EOS>     ,girl,"['a', 'n', 'g', 'e', 'l', 'e']",6,0.0,"[1, 3, 16, 9, 7, 14, 7, 2, 0, 0, 0, 0, 0]"
292,<SOS>elisha<EOS>     ,boy,"['e', 'l', 'i', 's', 'h', 'a']",6,1.0,"[1, 7, 14, 11, 21, 10, 3, 2, 0, 0, 0, 0, 0]"
3911,<SOS>glenna<EOS>     ,girl,"['g', 'l', 'e', 'n', 'n', 'a']",6,0.0,"[1, 9, 14, 7, 16, 16, 3, 2, 0, 0, 0, 0, 0]"
6166,<SOS>shanae<EOS>     ,girl,"['s', 'h', 'a', 'n', 'a', 'e']",6,0.0,"[1, 21, 10, 3, 16, 3, 7, 2, 0, 0, 0, 0, 0]"
6523,<SOS>aiyana<EOS>     ,girl,"['a', 'i', 'y', 'a', 'n', 'a']",6,0.0,"[1, 3, 11, 27, 3, 16, 3, 2, 0, 0, 0, 0, 0]"
5109,<SOS>jerrie<EOS>     ,girl,"['j', 'e', 'r', 'r', 'i', 'e']",6,0.0,"[1, 12, 7, 20, 20, 11, 7, 2, 0, 0, 0, 0, 0]"
5128,<SOS>alison<EOS>     ,girl,"['a', 'l', 'i', 's', 'o', 'n']",6,0.0,"[1, 3, 14, 11, 21, 17, 16, 2, 0, 0, 0, 0, 0]"
773,<SOS>hardin<EOS>     ,boy,"['h', 'a', 'r', 'd', 'i', 'n']",6,1.0,"[1, 10, 3, 20, 6, 11, 16, 2, 0, 0, 0, 0, 0]"
4874,<SOS>benita<EOS>     ,girl,"['b', 'e', 'n', 'i', 't', 'a']",6,0.0,"[1, 4, 7, 16, 11, 22, 3, 2, 0, 0, 0, 0, 0]"
6363,<SOS>crysta<EOS>     ,girl,"['c', 'r', 'y', 's', 't', 'a']",6,0.0,"[1, 5, 20, 27, 21, 22, 3, 2, 0, 0, 0, 0, 0]"
687,<SOS>buster<EOS>     ,boy,"['b', 'u', 's', 't', 'e', 'r']",6,1.0,"[1, 4, 23, 21, 22, 7, 20, 2, 0, 0, 0, 0, 0]"
6388,<SOS>nohely<EOS>     ,girl,"['n', 'o', 'h', 'e', 'l', 'y']",6,0.0,"[1, 16, 17, 10, 7, 14, 27, 2, 0, 0, 0, 0, 0]"
5501,<SOS>tammie<EOS>     ,girl,"['t', 'a', 'm', 'm', 'i', 'e']",6,0.0,"[1, 22, 3, 15, 15, 11, 7, 2, 0, 0, 0, 0, 0]"
6368,<SOS>jasmyn<EOS>     ,girl,"['j', 'a', 's', 'm', 'y', 'n']",6,0.0,"[1, 12, 3, 21, 15, 27, 16, 2, 0, 0, 0, 0, 0]"
4675,<SOS>dortha<EOS>     ,girl,"['d', 'o', 'r', 't', 'h', 'a']",6,0.0,"[1, 6, 17, 20, 22, 10, 3, 2, 0, 0, 0, 0, 0]"
3208,<SOS>jovany<EOS>     ,boy,"['j', 'o', 'v', 'a', 'n', 'y']",6,1.0,"[1, 12, 17, 24, 3, 16, 27, 2, 0, 0, 0, 0, 0]"
6019,<SOS>lynsey<EOS>     ,girl,"['l', 'y', 'n', 's', 'e', 'y']",6,0.0,"[1, 14, 27, 16, 21, 7, 27, 2, 0, 0, 0, 0, 0]"
665,<SOS>ludwig<EOS>     ,boy,"['l', 'u', 'd', 'w', 'i', 'g']",6,1.0,"[1, 14, 23, 6, 25, 11, 9, 2, 0, 0, 0, 0, 0]"
4972,<SOS>marlys<EOS>     ,girl,"['m', 'a', 'r', 'l', 'y', 's']",6,0.0,"[1, 15, 3, 20, 14, 27, 21, 2, 0, 0, 0, 0, 0]"
6312,<SOS>bryana<EOS>     ,girl,"['b', 'r', 'y', 'a', 'n', 'a']",6,0.0,"[1, 4, 20, 27, 3, 16, 3, 2, 0, 0, 0, 0, 0]"
4639,<SOS>marvel<EOS>     ,girl,"['m', 'a', 'r', 'v', 'e', 'l']",6,0.0,"[1, 15, 3, 20, 24, 7, 14, 2, 0, 0, 0, 0, 0]"
3330,<SOS>ryland<EOS>     ,boy,"['r', 'y', 'l', 'a', 'n', 'd']",6,1.0,"[1, 20, 27, 14, 3, 16, 6, 2, 0, 0, 0, 0, 0]"
5877,<SOS>meagan<EOS>     ,girl,"['m', 'e', 'a', 'g', 'a', 'n']",6,0.0,"[1, 15, 7, 3, 9, 3, 16, 2, 0, 0, 0, 0, 0]"
3351,<SOS>malaki<EOS>     ,boy,"['m', 'a', 'l', 'a', 'k', 'i']",6,1.0,"[1, 15, 3, 14, 3, 13, 11, 2, 0, 0, 0, 0, 0]"
5446,<SOS>renita<EOS>     ,girl,"['r', 'e', 'n', 'i', 't', 'a']",6,0.0,"[1, 20, 7, 16, 11, 22, 3, 2, 0, 0, 0, 0, 0]"
2836,<SOS>amanda<EOS>     ,boy,"['a', 'm', 'a', 'n', 'd', 'a']",6,1.0,"[1, 3, 15, 3, 16, 6, 3, 2, 0, 0, 0, 0, 0]"
5582,<SOS>trisha<EOS>     ,girl,"['t', 'r', 'i', 's', 'h', 'a']",6,0.0,"[1, 22, 20, 11, 21, 10, 3, 2, 0, 0, 0, 0, 0]"
3221,<SOS>jaydon<EOS>     ,boy,"['j', 'a', 'y', 'd', 'o', 'n']",6,1.0,"[1, 12, 3, 27, 6, 17, 16, 2, 0, 0, 0, 0, 0]"
4620,<SOS>betsey<EOS>     ,girl,"['b', 'e', 't', 's', 'e', 'y']",6,0.0,"[1, 4, 7, 22, 21, 7, 27, 2, 0, 0, 0, 0, 0]"
6152,<SOS>katlyn<EOS>     ,girl,"['k', 'a', 't', 'l', 'y', 'n']",6,0.0,"[1, 13, 3, 22, 14, 27, 16, 2, 0, 0, 0, 0, 0]"
2987,<SOS>dionte<EOS>     ,boy,"['d', 'i', 'o', 'n', 't', 'e']",6,1.0,"[1, 6, 11, 17, 16, 22, 7, 2, 0, 0, 0, 0, 0]"
5321,<SOS>kristi<EOS>     ,girl,"['k', 'r', 'i', 's', 't', 'i']",6,0.0,"[1, 13, 20, 11, 21, 22, 11, 2, 0, 0, 0, 0, 0]"
4431,<SOS>arlena<EOS>     ,girl,"['a', 'r', 'l', 'e', 'n', 'a']",6,0.0,"[1, 3, 20, 14, 7, 16, 3, 2, 0, 0, 0, 0, 0]"
1108,<SOS>conway<EOS>     ,boy,"['c', 'o', 'n', 'w', 'a', 'y']",6,1.0,"[1, 5, 17, 16, 25, 3, 27, 2, 0, 0, 0, 0, 0]"
3662,<SOS>adelia<EOS>     ,girl,"['a', 'd', 'e', 'l', 'i', 'a']",6,0.0,"[1, 3, 6, 7, 14, 11, 3, 2, 0, 0, 0, 0, 0]"
4366,<SOS>salina<EOS>     ,girl,"['s', 'a', 'l', 'i', 'n', 'a']",6,0.0,"[1, 21, 3, 14, 11, 16, 3, 2, 0, 0, 0, 0, 0]"
1110,<SOS>dalton<EOS>     ,boy,"['d', 'a', 'l', 't', 'o', 'n']",6,1.0,"[1, 6, 3, 14, 22, 17, 16, 2, 0, 0, 0, 0, 0]"
3186,<SOS>declan<EOS>     ,boy,"['d', 'e', 'c', 'l', 'a', 'n']",6,1.0,"[1, 6, 7, 5, 14, 3, 16, 2, 0, 0, 0, 0, 0]"
4608,<SOS>clemma<EOS>     ,girl,"['c', 'l', 'e', 'm', 'm', 'a']",6,0.0,"[1, 5, 14, 7, 15, 15, 3, 2, 0, 0, 0, 0, 0]"
6769,<SOS>kamora<EOS>     ,girl,"['k', 'a', 'm', 'o', 'r', 'a']",6,0.0,"[1, 13, 3, 15, 17, 20, 3, 2, 0, 0, 0, 0, 0]"
2162,<SOS>harden<EOS>     ,boy,"['h', 'a', 'r', 'd', 'e', 'n']",6,1.0,"[1, 10, 3, 20, 6, 7, 16, 2, 0, 0, 0, 0, 0]"
3421,<SOS>jadiel<EOS>     ,boy,"['j', 'a', 'd', 'i', 'e', 'l']",6,1.0,"[1, 12, 3, 6, 11, 7, 14, 2, 0, 0, 0, 0, 0]"
1436,<SOS>charly<EOS>     ,boy,"['c', 'h', 'a', 'r', 'l', 'y']",6,1.0,"[1, 5, 10, 3, 20, 14, 27, 2, 0, 0, 0, 0, 0]"
3058,<SOS>tayler<EOS>     ,boy,"['t', 'a', 'y', 'l', 'e', 'r']",6,1.0,"[1, 22, 3, 27, 14, 7, 20, 2, 0, 0, 0, 0, 0]"
6434,<SOS>mireya<EOS>     ,girl,"['m', 'i', 'r', 'e', 'y', 'a']",6,0.0,"[1, 15, 11, 20, 7, 27, 3, 2, 0, 0, 0, 0, 0]"
3113,<SOS>kahlil<EOS>     ,boy,"['k', 'a', 'h', 'l', 'i', 'l']",6,1.0,"[1, 13, 3, 10, 14, 11, 14, 2, 0, 0, 0, 0, 0]"
1570,<SOS>gilman<EOS>     ,boy,"['g', 'i', 'l', 'm', 'a', 'n']",6,1.0,"[1, 9, 11, 14, 15, 3, 16, 2, 0, 0, 0, 0, 0]"
4423,<SOS>arline<EOS>     ,girl,"['a', 'r', 'l', 'i', 'n', 'e']",6,0.0,"[1, 3, 20, 14, 11, 16, 7, 2, 0, 0, 0, 0, 0]"
6001,<SOS>kindra<EOS>     ,girl,"['k', 'i', 'n', 'd', 'r', 'a']",6,0.0,"[1, 13, 11, 16, 6, 20, 3, 2, 0, 0, 0, 0, 0]"
4,<SOS>george<EOS>     ,boy,"['g', 'e', 'o', 'r', 'g', 'e']",6,1.0,"[1, 9, 7, 17, 20, 9, 7, 2, 0, 0, 0, 0, 0]"
4513,<SOS>aurore<EOS>     ,girl,"['a', 'u', 'r', 'o', 'r', 'e']",6,0.0,"[1, 3, 23, 20, 17, 20, 7, 2, 0, 0, 0, 0, 0]"
4877,<SOS>arleen<EOS>     ,girl,"['a', 'r', 'l', 'e', 'e', 'n']",6,0.0,"[1, 3, 20, 14, 7, 7, 16, 2, 0, 0, 0, 0, 0]"
5995,<SOS>ariana<EOS>     ,girl,"['a', 'r', 'i', 'a', 'n', 'a']",6,0.0,"[1, 3, 20, 11, 3, 16, 3, 2, 0, 0, 0, 0, 0]"
6717,<SOS>amirah<EOS>     ,girl,"['a', 'm', 'i', 'r', 'a', 'h']",6,0.0,"[1, 3, 15, 11, 20, 3, 10, 2, 0, 0, 0, 0, 0]"
4648,<SOS>verena<EOS>     ,girl,"['v', 'e', 'r', 'e', 'n', 'a']",6,0.0,"[1, 24, 7, 20, 7, 16, 3, 2, 0, 0, 0, 0, 0]"
207,<SOS>lemuel<EOS>     ,boy,"['l', 'e', 'm', 'u', 'e', 'l']",6,1.0,"[1, 14, 7, 15, 23, 7, 14, 2, 0, 0, 0, 0, 0]"
1533,<SOS>lovell<EOS>     ,boy,"['l', 'o', 'v', 'e', 'l', 'l']",6,1.0,"[1, 14, 17, 24, 7, 14, 14, 2, 0, 0, 0, 0, 0]"
6215,<SOS>kierra<EOS>     ,girl,"['k', 'i', 'e', 'r', 'r', 'a']",6,0.0,"[1, 13, 11, 7, 20, 20, 3, 2, 0, 0, 0, 0, 0]"
5357,<SOS>lyndia<EOS>     ,girl,"['l', 'y', 'n', 'd', 'i', 'a']",6,0.0,"[1, 14, 27, 16, 6, 11, 3, 2, 0, 0, 0, 0, 0]"
355,<SOS>elwood<EOS>     ,boy,"['e', 'l', 'w', 'o', 'o', 'd']",6,1.0,"[1, 7, 14, 25, 17, 17, 6, 2, 0, 0, 0, 0, 0]"
4240,<SOS>jemima<EOS>     ,girl,"['j', 'e', 'm', 'i', 'm', 'a']",6,0.0,"[1, 12, 7, 15, 11, 15, 3, 2, 0, 0, 0, 0, 0]"
3711,<SOS>cordie<EOS>     ,girl,"['c', 'o', 'r', 'd', 'i', 'e']",6,0.0,"[1, 5, 17, 20, 6, 11, 7, 2, 0, 0, 0, 0, 0]"
540,<SOS>dwight<EOS>     ,boy,"['d', 'w', 'i', 'g', 'h', 't']",6,1.0,"[1, 6, 25, 11, 9, 10, 22, 2, 0, 0, 0, 0, 0]"
1285,<SOS>fabian<EOS>     ,boy,"['f', 'a', 'b', 'i', 'a', 'n']",6,1.0,"[1, 8, 3, 4, 11, 3, 16, 2, 0, 0, 0, 0, 0]"
4875,<SOS>glenda<EOS>     ,girl,"['g', 'l', 'e', 'n', 'd', 'a']",6,0.0,"[1, 9, 14, 7, 16, 6, 3, 2, 0, 0, 0, 0, 0]"
4694,<SOS>elvera<EOS>     ,girl,"['e', 'l', 'v', 'e', 'r', 'a']",6,0.0,"[1, 7, 14, 24, 7, 20, 3, 2, 0, 0, 0, 0, 0]"
4223,<SOS>ursula<EOS>     ,girl,"['u', 'r', 's', 'u', 'l', 'a']",6,0.0,"[1, 23, 20, 21, 23, 14, 3, 2, 0, 0, 0, 0, 0]"
2728,<SOS>dameon<EOS>     ,boy,"['d', 'a', 'm', 'e', 'o', 'n']",6,1.0,"[1, 6, 3, 15, 7, 17, 16, 2, 0, 0, 0, 0, 0]"
6048,<SOS>jesica<EOS>     ,girl,"['j', 'e', 's', 'i', 'c', 'a']",6,0.0,"[1, 12, 7, 21, 11, 5, 3, 2, 0, 0, 0, 0, 0]"
6084,<SOS>krysta<EOS>     ,girl,"['k', 'r', 'y', 's', 't', 'a']",6,0.0,"[1, 13, 20, 27, 21, 22, 3, 2, 0, 0, 0, 0, 0]"
824,<SOS>author<EOS>     ,boy,"['a', 'u', 't', 'h', 'o', 'r']",6,1.0,"[1, 3, 23, 22, 10, 17, 20, 2, 0, 0, 0, 0, 0]"
3474,<SOS>millie<EOS>     ,girl,"['m', 'i', 'l', 'l', 'i', 'e']",6,0.0,"[1, 15, 11, 14, 14, 11, 7, 2, 0, 0, 0, 0, 0]"
2266,<SOS>gaylon<EOS>     ,boy,"['g', 'a', 'y', 'l', 'o', 'n']",6,1.0,"[1, 9, 3, 27, 14, 17, 16, 2, 0, 0, 0, 0, 0]"
34,<SOS>alfred<EOS>     ,boy,"['a', 'l', 'f', 'r', 'e', 'd']",6,1.0,"[1, 3, 14, 8, 20, 7, 6, 2, 0, 0, 0, 0, 0]"
5031,<SOS>cherie<EOS>     ,girl,"['c', 'h', 'e', 'r', 'i', 'e']",6,0.0,"[1, 5, 10, 7, 20, 11, 7, 2, 0, 0, 0, 0, 0]"
2399,<SOS>donell<EOS>     ,boy,"['d', 'o', 'n', 'e', 'l', 'l']",6,1.0,"[1, 6, 17, 16, 7, 14, 14, 2, 0, 0, 0, 0, 0]"
5110,<SOS>ginger<EOS>     ,girl,"['g', 'i', 'n', 'g', 'e', 'r']",6,0.0,"[1, 9, 11, 16, 9, 7, 20, 2, 0, 0, 0, 0, 0]"
6036,<SOS>ashlie<EOS>     ,girl,"['a', 's', 'h', 'l', 'i', 'e']",6,0.0,"[1, 3, 21, 10, 14, 11, 7, 2, 0, 0, 0, 0, 0]"
909,<SOS>abbott<EOS>     ,boy,"['a', 'b', 'b', 'o', 't', 't']",6,1.0,"[1, 3, 4, 4, 17, 22, 22, 2, 0, 0, 0, 0, 0]"
1605,<SOS>waymon<EOS>     ,boy,"['w', 'a', 'y', 'm', 'o', 'n']",6,1.0,"[1, 25, 3, 27, 15, 17, 16, 2, 0, 0, 0, 0, 0]"
1799,<SOS>hebert<EOS>     ,boy,"['h', 'e', 'b', 'e', 'r', 't']",6,1.0,"[1, 10, 7, 4, 7, 20, 22, 2, 0, 0, 0, 0, 0]"
5908,<SOS>yadira<EOS>     ,girl,"['y', 'a', 'd', 'i', 'r', 'a']",6,0.0,"[1, 27, 3, 6, 11, 20, 3, 2, 0, 0, 0, 0, 0]"
3091,<SOS>dakoda<EOS>     ,boy,"['d', 'a', 'k', 'o', 'd', 'a']",6,1.0,"[1, 6, 3, 13, 17, 6, 3, 2, 0, 0, 0, 0, 0]"
1452,<SOS>earlie<EOS>     ,boy,"['e', 'a', 'r', 'l', 'i', 'e']",6,1.0,"[1, 7, 3, 20, 14, 11, 7, 2, 0, 0, 0, 0, 0]"
866,<SOS>holmes<EOS>     ,boy,"['h', 'o', 'l', 'm', 'e', 's']",6,1.0,"[1, 10, 17, 14, 15, 7, 21, 2, 0, 0, 0, 0, 0]"
6619,<SOS>makena<EOS>     ,girl,"['m', 'a', 'k', 'e', 'n', 'a']",6,0.0,"[1, 15, 3, 13, 7, 16, 3, 2, 0, 0, 0, 0, 0]"
862,<SOS>hattie<EOS>     ,boy,"['h', 'a', 't', 't', 'i', 'e']",6,1.0,"[1, 10, 3, 22, 22, 11, 7, 2, 0, 0, 0, 0, 0]"
13,<SOS>arthur<EOS>     ,boy,"['a', 'r', 't', 'h', 'u', 'r']",6,1.0,"[1, 3, 20, 22, 10, 23, 20, 2, 0, 0, 0, 0, 0]"
2038,<SOS>lyndon<EOS>     ,boy,"['l', 'y', 'n', 'd', 'o', 'n']",6,1.0,"[1, 14, 27, 16, 6, 17, 16, 2, 0, 0, 0, 0, 0]"
597,<SOS>volney<EOS>     ,boy,"['v', 'o', 'l', 'n', 'e', 'y']",6,1.0,"[1, 24, 17, 14, 16, 7, 27, 2, 0, 0, 0, 0, 0]"
4809,<SOS>madlyn<EOS>     ,girl,"['m', 'a', 'd', 'l', 'y', 'n']",6,0.0,"[1, 15, 3, 6, 14, 27, 16, 2, 0, 0, 0, 0, 0]"
3009,<SOS>zakary<EOS>     ,boy,"['z', 'a', 'k', 'a', 'r', 'y']",6,1.0,"[1, 28, 3, 13, 3, 20, 27, 2, 0, 0, 0, 0, 0]"
3729,<SOS>elmira<EOS>     ,girl,"['e', 'l', 'm', 'i', 'r', 'a']",6,0.0,"[1, 7, 14, 15, 11, 20, 3, 2, 0, 0, 0, 0, 0]"
5007,<SOS>estela<EOS>     ,girl,"['e', 's', 't', 'e', 'l', 'a']",6,0.0,"[1, 7, 21, 22, 7, 14, 3, 2, 0, 0, 0, 0, 0]"
2491,<SOS>trevor<EOS>     ,boy,"['t', 'r', 'e', 'v', 'o', 'r']",6,1.0,"[1, 22, 20, 7, 24, 17, 20, 2, 0, 0, 0, 0, 0]"
3913,<SOS>hedwig<EOS>     ,girl,"['h', 'e', 'd', 'w', 'i', 'g']",6,0.0,"[1, 10, 7, 6, 25, 11, 9, 2, 0, 0, 0, 0, 0]"
1852,<SOS>raymon<EOS>     ,boy,"['r', 'a', 'y', 'm', 'o', 'n']",6,1.0,"[1, 20, 3, 27, 15, 17, 16, 2, 0, 0, 0, 0, 0]"
1101,<SOS>bertha<EOS>     ,boy,"['b', 'e', 'r', 't', 'h', 'a']",6,1.0,"[1, 4, 7, 20, 22, 10, 3, 2, 0, 0, 0, 0, 0]"
419,<SOS>perley<EOS>     ,boy,"['p', 'e', 'r', 'l', 'e', 'y']",6,1.0,"[1, 18, 7, 20, 14, 7, 27, 2, 0, 0, 0, 0, 0]"
5449,<SOS>denese<EOS>     ,girl,"['d', 'e', 'n', 'e', 's', 'e']",6,0.0,"[1, 6, 7, 16, 7, 21, 7, 2, 0, 0, 0, 0, 0]"
479,<SOS>tommie<EOS>     ,boy,"['t', 'o', 'm', 'm', 'i', 'e']",6,1.0,"[1, 22, 17, 15, 15, 11, 7, 2, 0, 0, 0, 0, 0]"
5452,<SOS>athena<EOS>     ,girl,"['a', 't', 'h', 'e', 'n', 'a']",6,0.0,"[1, 3, 22, 10, 7, 16, 3, 2, 0, 0, 0, 0, 0]"
2833,<SOS>juston<EOS>     ,boy,"['j', 'u', 's', 't', 'o', 'n']",6,1.0,"[1, 12, 23, 21, 22, 17, 16, 2, 0, 0, 0, 0, 0]"
1517,<SOS>charls<EOS>     ,boy,"['c', 'h', 'a', 'r', 'l', 's']",6,1.0,"[1, 5, 10, 3, 20, 14, 21, 2, 0, 0, 0, 0, 0]"
4511,<SOS>vassie<EOS>     ,girl,"['v', 'a', 's', 's', 'i', 'e']",6,0.0,"[1, 24, 3, 21, 21, 11, 7, 2, 0, 0, 0, 0, 0]"
6065,<SOS>kassie<EOS>     ,girl,"['k', 'a', 's', 's', 'i', 'e']",6,0.0,"[1, 13, 3, 21, 21, 11, 7, 2, 0, 0, 0, 0, 0]"
55,<SOS>claude<EOS>     ,boy,"['c', 'l', 'a', 'u', 'd', 'e']",6,1.0,"[1, 5, 14, 3, 23, 6, 7, 2, 0, 0, 0, 0, 0]"
88,<SOS>warren<EOS>     ,boy,"['w', 'a', 'r', 'r', 'e', 'n']",6,1.0,"[1, 25, 3, 20, 20, 7, 16, 2, 0, 0, 0, 0, 0]"
6718,<SOS>briley<EOS>     ,girl,"['b', 'r', 'i', 'l', 'e', 'y']",6,0.0,"[1, 4, 20, 11, 14, 7, 27, 2, 0, 0, 0, 0, 0]"
2056,<SOS>hadley<EOS>     ,boy,"['h', 'a', 'd', 'l', 'e', 'y']",6,1.0,"[1, 10, 3, 6, 14, 7, 27, 2, 0, 0, 0, 0, 0]"
4113,<SOS>verona<EOS>     ,girl,"['v', 'e', 'r', 'o', 'n', 'a']",6,0.0,"[1, 24, 7, 20, 17, 16, 3, 2, 0, 0, 0, 0, 0]"
1864,<SOS>arthor<EOS>     ,boy,"['a', 'r', 't', 'h', 'o', 'r']",6,1.0,"[1, 3, 20, 22, 10, 17, 20, 2, 0, 0, 0, 0, 0]"
3584,<SOS>alvina<EOS>     ,girl,"['a', 'l', 'v', 'i', 'n', 'a']",6,0.0,"[1, 3, 14, 24, 11, 16, 3, 2, 0, 0, 0, 0, 0]"
6743,<SOS>aliana<EOS>     ,girl,"['a', 'l', 'i', 'a', 'n', 'a']",6,0.0,"[1, 3, 14, 11, 3, 16, 3, 2, 0, 0, 0, 0, 0]"
4311,<SOS>luetta<EOS>     ,girl,"['l', 'u', 'e', 't', 't', 'a']",6,0.0,"[1, 14, 23, 7, 22, 22, 3, 2, 0, 0, 0, 0, 0]"
2427,<SOS>daryle<EOS>     ,boy,"['d', 'a', 'r', 'y', 'l', 'e']",6,1.0,"[1, 6, 3, 20, 27, 14, 7, 2, 0, 0, 0, 0, 0]"
3354,<SOS>haiden<EOS>     ,boy,"['h', 'a', 'i', 'd', 'e', 'n']",6,1.0,"[1, 10, 3, 11, 6, 7, 16, 2, 0, 0, 0, 0, 0]"
4898,<SOS>ingrid<EOS>     ,girl,"['i', 'n', 'g', 'r', 'i', 'd']",6,0.0,"[1, 11, 16, 9, 20, 11, 6, 2, 0, 0, 0, 0, 0]"
5793,<SOS>shayla<EOS>     ,girl,"['s', 'h', 'a', 'y', 'l', 'a']",6,0.0,"[1, 21, 10, 3, 27, 14, 3, 2, 0, 0, 0, 0, 0]"
3003,<SOS>laquan<EOS>     ,boy,"['l', 'a', 'q', 'u', 'a', 'n']",6,1.0,"[1, 14, 3, 19, 23, 3, 16, 2, 0, 0, 0, 0, 0]"
5820,<SOS>nichol<EOS>     ,girl,"['n', 'i', 'c', 'h', 'o', 'l']",6,0.0,"[1, 16, 11, 5, 10, 17, 14, 2, 0, 0, 0, 0, 0]"
1761,<SOS>carrol<EOS>     ,boy,"['c', 'a', 'r', 'r', 'o', 'l']",6,1.0,"[1, 5, 3, 20, 20, 17, 14, 2, 0, 0, 0, 0, 0]"
1316,<SOS>jeptha<EOS>     ,boy,"['j', 'e', 'p', 't', 'h', 'a']",6,1.0,"[1, 12, 7, 18, 22, 10, 3, 2, 0, 0, 0, 0, 0]"
6761,<SOS>jaslyn<EOS>     ,girl,"['j', 'a', 's', 'l', 'y', 'n']",6,0.0,"[1, 12, 3, 21, 14, 27, 16, 2, 0, 0, 0, 0, 0]"
5143,<SOS>rhonda<EOS>     ,girl,"['r', 'h', 'o', 'n', 'd', 'a']",6,0.0,"[1, 20, 10, 17, 16, 6, 3, 2, 0, 0, 0, 0, 0]"
1400,<SOS>burrel<EOS>     ,boy,"['b', 'u', 'r', 'r', 'e', 'l']",6,1.0,"[1, 4, 23, 20, 20, 7, 14, 2, 0, 0, 0, 0, 0]"
2084,<SOS>silvio<EOS>     ,boy,"['s', 'i', 'l', 'v', 'i', 'o']",6,1.0,"[1, 21, 11, 14, 24, 11, 17, 2, 0, 0, 0, 0, 0]"
2286,<SOS>tyrone<EOS>     ,boy,"['t', 'y', 'r', 'o', 'n', 'e']",6,1.0,"[1, 22, 27, 20, 17, 16, 7, 2, 0, 0, 0, 0, 0]"
3636,<SOS>jannie<EOS>     ,girl,"['j', 'a', 'n', 'n', 'i', 'e']",6,0.0,"[1, 12, 3, 16, 16, 11, 7, 2, 0, 0, 0, 0, 0]"
979,<SOS>hudson<EOS>     ,boy,"['h', 'u', 'd', 's', 'o', 'n']",6,1.0,"[1, 10, 23, 6, 21, 17, 16, 2, 0, 0, 0, 0, 0]"
