,Name,Gender,letters,name_length,gen_code,encoded_names
624,<SOS>newt<EOS>       ,boy,"['n', 'e', 'w', 't']",4,1.0,"[1, 16, 7, 25, 22, 2, 0, 0, 0, 0, 0, 0, 0]"
1134,<SOS>jared<EOS>      ,boy,"['j', 'a', 'r', 'e', 'd']",5,1.0,"[1, 12, 3, 20, 7, 6, 2, 0, 0, 0, 0, 0, 0]"
5145,<SOS>shelva<EOS>     ,girl,"['s', 'h', 'e', 'l', 'v', 'a']",6,0.0,"[1, 21, 10, 7, 14, 24, 3, 2, 0, 0, 0, 0, 0]"
5234,<SOS>judyth<EOS>     ,girl,"['j', 'u', 'd', 'y', 't', 'h']",6,0.0,"[1, 12, 23, 6, 27, 22, 10, 2, 0, 0, 0, 0, 0]"
267,<SOS>isaiah<EOS>     ,boy,"['i', 's', 'a', 'i', 'a', 'h']",6,1.0,"[1, 11, 21, 3, 11, 3, 10, 2, 0, 0, 0, 0, 0]"
6755,<SOS>mareli<EOS>     ,girl,"['m', 'a', 'r', 'e', 'l', 'i']",6,0.0,"[1, 15, 3, 20, 7, 14, 11, 2, 0, 0, 0, 0, 0]"
351,<SOS>hugo<EOS>       ,boy,"['h', 'u', 'g', 'o']",4,1.0,"[1, 10, 23, 9, 17, 2, 0, 0, 0, 0, 0, 0, 0]"
2444,<SOS>bret<EOS>       ,boy,"['b', 'r', 'e', 't']",4,1.0,"[1, 4, 20, 7, 22, 2, 0, 0, 0, 0, 0, 0, 0]"
2790,<SOS>jaron<EOS>      ,boy,"['j', 'a', 'r', 'o', 'n']",5,1.0,"[1, 12, 3, 20, 17, 16, 2, 0, 0, 0, 0, 0, 0]"
1629,<SOS>johny<EOS>      ,boy,"['j', 'o', 'h', 'n', 'y']",5,1.0,"[1, 12, 17, 10, 16, 27, 2, 0, 0, 0, 0, 0, 0]"
3074,<SOS>darrian<EOS>    ,boy,"['d', 'a', 'r', 'r', 'i', 'a', 'n']",7,1.0,"[1, 6, 3, 20, 20, 11, 3, 16, 2, 0, 0, 0, 0]"
329,<SOS>granville<EOS>  ,boy,"['g', 'r', 'a', 'n', 'v', 'i', 'l', 'l', 'e']",9,1.0,"[1, 9, 20, 3, 16, 24, 11, 14, 14, 7, 2, 0, 0]"
4205,<SOS>crete<EOS>      ,girl,"['c', 'r', 'e', 't', 'e']",5,0.0,"[1, 5, 20, 7, 22, 7, 2, 0, 0, 0, 0, 0, 0]"
2871,<SOS>skylar<EOS>     ,boy,"['s', 'k', 'y', 'l', 'a', 'r']",6,1.0,"[1, 21, 13, 27, 14, 3, 20, 2, 0, 0, 0, 0, 0]"
316,<SOS>ulysses<EOS>    ,boy,"['u', 'l', 'y', 's', 's', 'e', 's']",7,1.0,"[1, 23, 14, 27, 21, 21, 7, 21, 2, 0, 0, 0, 0]"
4435,<SOS>francisqui<EOS> ,girl,"['f', 'r', 'a', 'n', 'c', 'i', 's', 'q', 'u', 'i']",10,0.0,"[1, 8, 20, 3, 16, 5, 11, 21, 19, 23, 11, 2, 0]"
812,<SOS>alpha<EOS>      ,boy,"['a', 'l', 'p', 'h', 'a']",5,1.0,"[1, 3, 14, 18, 10, 3, 2, 0, 0, 0, 0, 0, 0]"
4021,<SOS>venie<EOS>      ,girl,"['v', 'e', 'n', 'i', 'e']",5,0.0,"[1, 24, 7, 16, 11, 7, 2, 0, 0, 0, 0, 0, 0]"
2775,<SOS>jamaal<EOS>     ,boy,"['j', 'a', 'm', 'a', 'a', 'l']",6,1.0,"[1, 12, 3, 15, 3, 3, 14, 2, 0, 0, 0, 0, 0]"
5567,<SOS>deeann<EOS>     ,girl,"['d', 'e', 'e', 'a', 'n', 'n']",6,0.0,"[1, 6, 7, 7, 3, 16, 16, 2, 0, 0, 0, 0, 0]"
2117,<SOS>nello<EOS>      ,boy,"['n', 'e', 'l', 'l', 'o']",5,1.0,"[1, 16, 7, 14, 14, 17, 2, 0, 0, 0, 0, 0, 0]"
3873,<SOS>lavenia<EOS>    ,girl,"['l', 'a', 'v', 'e', 'n', 'i', 'a']",7,0.0,"[1, 14, 3, 24, 7, 16, 11, 3, 2, 0, 0, 0, 0]"
2471,<SOS>mitch<EOS>      ,boy,"['m', 'i', 't', 'c', 'h']",5,1.0,"[1, 15, 11, 22, 5, 10, 2, 0, 0, 0, 0, 0, 0]"
212,<SOS>millard<EOS>    ,boy,"['m', 'i', 'l', 'l', 'a', 'r', 'd']",7,1.0,"[1, 15, 11, 14, 14, 3, 20, 6, 2, 0, 0, 0, 0]"
5811,<SOS>katina<EOS>     ,girl,"['k', 'a', 't', 'i', 'n', 'a']",6,0.0,"[1, 13, 3, 22, 11, 16, 3, 2, 0, 0, 0, 0, 0]"
1774,<SOS>aubra<EOS>      ,boy,"['a', 'u', 'b', 'r', 'a']",5,1.0,"[1, 3, 23, 4, 20, 3, 2, 0, 0, 0, 0, 0, 0]"
229,<SOS>max<EOS>        ,boy,"['m', 'a', 'x']",3,1.0,"[1, 15, 3, 26, 2, 0, 0, 0, 0, 0, 0, 0, 0]"
3195,<SOS>tavian<EOS>     ,boy,"['t', 'a', 'v', 'i', 'a', 'n']",6,1.0,"[1, 22, 3, 24, 11, 3, 16, 2, 0, 0, 0, 0, 0]"
4318,<SOS>edla<EOS>       ,girl,"['e', 'd', 'l', 'a']",4,0.0,"[1, 7, 6, 14, 3, 2, 0, 0, 0, 0, 0, 0, 0]"
3224,<SOS>braedon<EOS>    ,boy,"['b', 'r', 'a', 'e', 'd', 'o', 'n']",7,1.0,"[1, 4, 20, 3, 7, 6, 17, 16, 2, 0, 0, 0, 0]"
3921,<SOS>loma<EOS>       ,girl,"['l', 'o', 'm', 'a']",4,0.0,"[1, 14, 17, 15, 3, 2, 0, 0, 0, 0, 0, 0, 0]"
1825,<SOS>evander<EOS>    ,boy,"['e', 'v', 'a', 'n', 'd', 'e', 'r']",7,1.0,"[1, 7, 24, 3, 16, 6, 7, 20, 2, 0, 0, 0, 0]"
5505,<SOS>tammi<EOS>      ,girl,"['t', 'a', 'm', 'm', 'i']",5,0.0,"[1, 22, 3, 15, 15, 11, 2, 0, 0, 0, 0, 0, 0]"
1094,<SOS>adrien<EOS>     ,boy,"['a', 'd', 'r', 'i', 'e', 'n']",6,1.0,"[1, 3, 6, 20, 11, 7, 16, 2, 0, 0, 0, 0, 0]"
4137,<SOS>charlottie<EOS> ,girl,"['c', 'h', 'a', 'r', 'l', 'o', 't', 't', 'i', 'e']",10,0.0,"[1, 5, 10, 3, 20, 14, 17, 22, 22, 11, 7, 2, 0]"
1544,<SOS>alger<EOS>      ,boy,"['a', 'l', 'g', 'e', 'r']",5,1.0,"[1, 3, 14, 9, 7, 20, 2, 0, 0, 0, 0, 0, 0]"
4724,<SOS>laurette<EOS>   ,girl,"['l', 'a', 'u', 'r', 'e', 't', 't', 'e']",8,0.0,"[1, 14, 3, 23, 20, 7, 22, 22, 7, 2, 0, 0, 0]"
871,<SOS>jessee<EOS>     ,boy,"['j', 'e', 's', 's', 'e', 'e']",6,1.0,"[1, 12, 7, 21, 21, 7, 7, 2, 0, 0, 0, 0, 0]"
851,<SOS>ernie<EOS>      ,boy,"['e', 'r', 'n', 'i', 'e']",5,1.0,"[1, 7, 20, 16, 11, 7, 2, 0, 0, 0, 0, 0, 0]"
1835,<SOS>reynold<EOS>    ,boy,"['r', 'e', 'y', 'n', 'o', 'l', 'd']",7,1.0,"[1, 20, 7, 27, 16, 17, 14, 6, 2, 0, 0, 0, 0]"
5809,<SOS>lasonya<EOS>    ,girl,"['l', 'a', 's', 'o', 'n', 'y', 'a']",7,0.0,"[1, 14, 3, 21, 17, 16, 27, 3, 2, 0, 0, 0, 0]"
1903,<SOS>von<EOS>        ,boy,"['v', 'o', 'n']",3,1.0,"[1, 24, 17, 16, 2, 0, 0, 0, 0, 0, 0, 0, 0]"
1362,<SOS>jep<EOS>        ,boy,"['j', 'e', 'p']",3,1.0,"[1, 12, 7, 18, 2, 0, 0, 0, 0, 0, 0, 0, 0]"
5353,<SOS>drema<EOS>      ,girl,"['d', 'r', 'e', 'm', 'a']",5,0.0,"[1, 6, 20, 7, 15, 3, 2, 0, 0, 0, 0, 0, 0]"
6257,<SOS>shanelle<EOS>   ,girl,"['s', 'h', 'a', 'n', 'e', 'l', 'l', 'e']",8,0.0,"[1, 21, 10, 3, 16, 7, 14, 14, 7, 2, 0, 0, 0]"
448,<SOS>frances<EOS>    ,boy,"['f', 'r', 'a', 'n', 'c', 'e', 's']",7,1.0,"[1, 8, 20, 3, 16, 5, 7, 21, 2, 0, 0, 0, 0]"
5276,<SOS>sherryl<EOS>    ,girl,"['s', 'h', 'e', 'r', 'r', 'y', 'l']",7,0.0,"[1, 21, 10, 7, 20, 20, 27, 14, 2, 0, 0, 0, 0]"
4474,<SOS>mattye<EOS>     ,girl,"['m', 'a', 't', 't', 'y', 'e']",6,0.0,"[1, 15, 3, 22, 22, 27, 7, 2, 0, 0, 0, 0, 0]"
4670,<SOS>olar<EOS>       ,girl,"['o', 'l', 'a', 'r']",4,0.0,"[1, 17, 14, 3, 20, 2, 0, 0, 0, 0, 0, 0, 0]"
3131,<SOS>phoenix<EOS>    ,boy,"['p', 'h', 'o', 'e', 'n', 'i', 'x']",7,1.0,"[1, 18, 10, 17, 7, 16, 11, 26, 2, 0, 0, 0, 0]"
4815,<SOS>roslyn<EOS>     ,girl,"['r', 'o', 's', 'l', 'y', 'n']",6,0.0,"[1, 20, 17, 21, 14, 27, 16, 2, 0, 0, 0, 0, 0]"
4968,<SOS>elwanda<EOS>    ,girl,"['e', 'l', 'w', 'a', 'n', 'd', 'a']",7,0.0,"[1, 7, 14, 25, 3, 16, 6, 3, 2, 0, 0, 0, 0]"
3162,<SOS>koby<EOS>       ,boy,"['k', 'o', 'b', 'y']",4,1.0,"[1, 13, 17, 4, 27, 2, 0, 0, 0, 0, 0, 0, 0]"
1449,<SOS>nora<EOS>       ,boy,"['n', 'o', 'r', 'a']",4,1.0,"[1, 16, 17, 20, 3, 2, 0, 0, 0, 0, 0, 0, 0]"
1090,<SOS>sebastian<EOS>  ,boy,"['s', 'e', 'b', 'a', 's', 't', 'i', 'a', 'n']",9,1.0,"[1, 21, 7, 4, 3, 21, 22, 11, 3, 16, 2, 0, 0]"
6581,<SOS>yuliana<EOS>    ,girl,"['y', 'u', 'l', 'i', 'a', 'n', 'a']",7,0.0,"[1, 27, 23, 14, 11, 3, 16, 3, 2, 0, 0, 0, 0]"
890,<SOS>ruby<EOS>       ,boy,"['r', 'u', 'b', 'y']",4,1.0,"[1, 20, 23, 4, 27, 2, 0, 0, 0, 0, 0, 0, 0]"
589,<SOS>lindsey<EOS>    ,boy,"['l', 'i', 'n', 'd', 's', 'e', 'y']",7,1.0,"[1, 14, 11, 16, 6, 21, 7, 27, 2, 0, 0, 0, 0]"
5096,<SOS>celine<EOS>     ,girl,"['c', 'e', 'l', 'i', 'n', 'e']",6,0.0,"[1, 5, 7, 14, 11, 16, 7, 2, 0, 0, 0, 0, 0]"
523,<SOS>wheeler<EOS>    ,boy,"['w', 'h', 'e', 'e', 'l', 'e', 'r']",7,1.0,"[1, 25, 10, 7, 7, 14, 7, 20, 2, 0, 0, 0, 0]"
899,<SOS>thad<EOS>       ,boy,"['t', 'h', 'a', 'd']",4,1.0,"[1, 22, 10, 3, 6, 2, 0, 0, 0, 0, 0, 0, 0]"
4149,<SOS>dicy<EOS>       ,girl,"['d', 'i', 'c', 'y']",4,0.0,"[1, 6, 11, 5, 27, 2, 0, 0, 0, 0, 0, 0, 0]"
3882,<SOS>orilla<EOS>     ,girl,"['o', 'r', 'i', 'l', 'l', 'a']",6,0.0,"[1, 17, 20, 11, 14, 14, 3, 2, 0, 0, 0, 0, 0]"
2503,<SOS>tobin<EOS>      ,boy,"['t', 'o', 'b', 'i', 'n']",5,1.0,"[1, 22, 17, 4, 11, 16, 2, 0, 0, 0, 0, 0, 0]"
5238,<SOS>adrianne<EOS>   ,girl,"['a', 'd', 'r', 'i', 'a', 'n', 'n', 'e']",8,0.0,"[1, 3, 6, 20, 11, 3, 16, 16, 7, 2, 0, 0, 0]"
564,<SOS>truman<EOS>     ,boy,"['t', 'r', 'u', 'm', 'a', 'n']",6,1.0,"[1, 22, 20, 23, 15, 3, 16, 2, 0, 0, 0, 0, 0]"
2481,<SOS>tracey<EOS>     ,boy,"['t', 'r', 'a', 'c', 'e', 'y']",6,1.0,"[1, 22, 20, 3, 5, 7, 27, 2, 0, 0, 0, 0, 0]"
5748,<SOS>mellisa<EOS>    ,girl,"['m', 'e', 'l', 'l', 'i', 's', 'a']",7,0.0,"[1, 15, 7, 14, 14, 11, 21, 3, 2, 0, 0, 0, 0]"
5845,<SOS>celena<EOS>     ,girl,"['c', 'e', 'l', 'e', 'n', 'a']",6,0.0,"[1, 5, 7, 14, 7, 16, 3, 2, 0, 0, 0, 0, 0]"
3229,<SOS>ean<EOS>        ,boy,"['e', 'a', 'n']",3,1.0,"[1, 7, 3, 16, 2, 0, 0, 0, 0, 0, 0, 0, 0]"
4580,<SOS>betha<EOS>      ,girl,"['b', 'e', 't', 'h', 'a']",5,0.0,"[1, 4, 7, 22, 10, 3, 2, 0, 0, 0, 0, 0, 0]"
2268,<SOS>darwyn<EOS>     ,boy,"['d', 'a', 'r', 'w', 'y', 'n']",6,1.0,"[1, 6, 3, 20, 25, 27, 16, 2, 0, 0, 0, 0, 0]"
1715,<SOS>adlai<EOS>      ,boy,"['a', 'd', 'l', 'a', 'i']",5,1.0,"[1, 3, 6, 14, 3, 11, 2, 0, 0, 0, 0, 0, 0]"
1182,<SOS>linus<EOS>      ,boy,"['l', 'i', 'n', 'u', 's']",5,1.0,"[1, 14, 11, 16, 23, 21, 2, 0, 0, 0, 0, 0, 0]"
2625,<SOS>tye<EOS>        ,boy,"['t', 'y', 'e']",3,1.0,"[1, 22, 27, 7, 2, 0, 0, 0, 0, 0, 0, 0, 0]"
5781,<SOS>chantelle<EOS>  ,girl,"['c', 'h', 'a', 'n', 't', 'e', 'l', 'l', 'e']",9,0.0,"[1, 5, 10, 3, 16, 22, 7, 14, 14, 7, 2, 0, 0]"
3880,<SOS>millicent<EOS>  ,girl,"['m', 'i', 'l', 'l', 'i', 'c', 'e', 'n', 't']",9,0.0,"[1, 15, 11, 14, 14, 11, 5, 7, 16, 22, 2, 0, 0]"
1784,<SOS>myer<EOS>       ,boy,"['m', 'y', 'e', 'r']",4,1.0,"[1, 15, 27, 7, 20, 2, 0, 0, 0, 0, 0, 0, 0]"
668,<SOS>minnie<EOS>     ,boy,"['m', 'i', 'n', 'n', 'i', 'e']",6,1.0,"[1, 15, 11, 16, 16, 11, 7, 2, 0, 0, 0, 0, 0]"
3167,<SOS>ronaldo<EOS>    ,boy,"['r', 'o', 'n', 'a', 'l', 'd', 'o']",7,1.0,"[1, 20, 17, 16, 3, 14, 6, 17, 2, 0, 0, 0, 0]"
2121,<SOS>garth<EOS>      ,boy,"['g', 'a', 'r', 't', 'h']",5,1.0,"[1, 9, 3, 20, 22, 10, 2, 0, 0, 0, 0, 0, 0]"
6377,<SOS>zhane<EOS>      ,girl,"['z', 'h', 'a', 'n', 'e']",5,0.0,"[1, 28, 10, 3, 16, 7, 2, 0, 0, 0, 0, 0, 0]"
4609,<SOS>elia<EOS>       ,girl,"['e', 'l', 'i', 'a']",4,0.0,"[1, 7, 14, 11, 3, 2, 0, 0, 0, 0, 0, 0, 0]"
3956,<SOS>calla<EOS>      ,girl,"['c', 'a', 'l', 'l', 'a']",5,0.0,"[1, 5, 3, 14, 14, 3, 2, 0, 0, 0, 0, 0, 0]"
622,<SOS>lum<EOS>        ,boy,"['l', 'u', 'm']",3,1.0,"[1, 14, 23, 15, 2, 0, 0, 0, 0, 0, 0, 0, 0]"
744,<SOS>aden<EOS>       ,boy,"['a', 'd', 'e', 'n']",4,1.0,"[1, 3, 6, 7, 16, 2, 0, 0, 0, 0, 0, 0, 0]"
6122,<SOS>ciera<EOS>      ,girl,"['c', 'i', 'e', 'r', 'a']",5,0.0,"[1, 5, 11, 7, 20, 3, 2, 0, 0, 0, 0, 0, 0]"
681,<SOS>addie<EOS>      ,boy,"['a', 'd', 'd', 'i', 'e']",5,1.0,"[1, 3, 6, 6, 11, 7, 2, 0, 0, 0, 0, 0, 0]"
4842,<SOS>rosabelle<EOS>  ,girl,"['r', 'o', 's', 'a', 'b', 'e', 'l', 'l', 'e']",9,0.0,"[1, 20, 17, 21, 3, 4, 7, 14, 14, 7, 2, 0, 0]"
4969,<SOS>elayne<EOS>     ,girl,"['e', 'l', 'a', 'y', 'n', 'e']",6,0.0,"[1, 7, 14, 3, 27, 16, 7, 2, 0, 0, 0, 0, 0]"
1681,<SOS>ras<EOS>        ,boy,"['r', 'a', 's']",3,1.0,"[1, 20, 3, 21, 2, 0, 0, 0, 0, 0, 0, 0, 0]"
4171,<SOS>zilpah<EOS>     ,girl,"['z', 'i', 'l', 'p', 'a', 'h']",6,0.0,"[1, 28, 11, 14, 18, 3, 10, 2, 0, 0, 0, 0, 0]"
4633,<SOS>herma<EOS>      ,girl,"['h', 'e', 'r', 'm', 'a']",5,0.0,"[1, 10, 7, 20, 15, 3, 2, 0, 0, 0, 0, 0, 0]"
6131,<SOS>jazmine<EOS>    ,girl,"['j', 'a', 'z', 'm', 'i', 'n', 'e']",7,0.0,"[1, 12, 3, 28, 15, 11, 16, 7, 2, 0, 0, 0, 0]"
520,<SOS>ted<EOS>        ,boy,"['t', 'e', 'd']",3,1.0,"[1, 22, 7, 6, 2, 0, 0, 0, 0, 0, 0, 0, 0]"
662,<SOS>lafe<EOS>       ,boy,"['l', 'a', 'f', 'e']",4,1.0,"[1, 14, 3, 8, 7, 2, 0, 0, 0, 0, 0, 0, 0]"
5005,<SOS>ardelle<EOS>    ,girl,"['a', 'r', 'd', 'e', 'l', 'l', 'e']",7,0.0,"[1, 3, 20, 6, 7, 14, 14, 7, 2, 0, 0, 0, 0]"
828,<SOS>candido<EOS>    ,boy,"['c', 'a', 'n', 'd', 'i', 'd', 'o']",7,1.0,"[1, 5, 3, 16, 6, 11, 6, 17, 2, 0, 0, 0, 0]"
837,<SOS>curt<EOS>       ,boy,"['c', 'u', 'r', 't']",4,1.0,"[1, 5, 23, 20, 22, 2, 0, 0, 0, 0, 0, 0, 0]"
770,<SOS>gene<EOS>       ,boy,"['g', 'e', 'n', 'e']",4,1.0,"[1, 9, 7, 16, 7, 2, 0, 0, 0, 0, 0, 0, 0]"
911,<SOS>albertus<EOS>   ,boy,"['a', 'l', 'b', 'e', 'r', 't', 'u', 's']",8,1.0,"[1, 3, 14, 4, 7, 20, 22, 23, 21, 2, 0, 0, 0]"
5224,<SOS>juliann<EOS>    ,girl,"['j', 'u', 'l', 'i', 'a', 'n', 'n']",7,0.0,"[1, 12, 23, 14, 11, 3, 16, 16, 2, 0, 0, 0, 0]"
6696,<SOS>addisyn<EOS>    ,girl,"['a', 'd', 'd', 'i', 's', 'y', 'n']",7,0.0,"[1, 3, 6, 6, 11, 21, 27, 16, 2, 0, 0, 0, 0]"
2331,<SOS>karen<EOS>      ,boy,"['k', 'a', 'r', 'e', 'n']",5,1.0,"[1, 13, 3, 20, 7, 16, 2, 0, 0, 0, 0, 0, 0]"
2398,<SOS>stefan<EOS>     ,boy,"['s', 't', 'e', 'f', 'a', 'n']",6,1.0,"[1, 21, 22, 7, 8, 3, 16, 2, 0, 0, 0, 0, 0]"
2850,<SOS>rustin<EOS>     ,boy,"['r', 'u', 's', 't', 'i', 'n']",6,1.0,"[1, 20, 23, 21, 22, 11, 16, 2, 0, 0, 0, 0, 0]"
3598,<SOS>joanna<EOS>     ,girl,"['j', 'o', 'a', 'n', 'n', 'a']",6,0.0,"[1, 12, 17, 3, 16, 16, 3, 2, 0, 0, 0, 0, 0]"
2814,<SOS>khalid<EOS>     ,boy,"['k', 'h', 'a', 'l', 'i', 'd']",6,1.0,"[1, 13, 10, 3, 14, 11, 6, 2, 0, 0, 0, 0, 0]"
3423,<SOS>eden<EOS>       ,boy,"['e', 'd', 'e', 'n']",4,1.0,"[1, 7, 6, 7, 16, 2, 0, 0, 0, 0, 0, 0, 0]"
2279,<SOS>errol<EOS>      ,boy,"['e', 'r', 'r', 'o', 'l']",5,1.0,"[1, 7, 20, 20, 17, 14, 2, 0, 0, 0, 0, 0, 0]"
2860,<SOS>dustan<EOS>     ,boy,"['d', 'u', 's', 't', 'a', 'n']",6,1.0,"[1, 6, 23, 21, 22, 3, 16, 2, 0, 0, 0, 0, 0]"
5980,<SOS>brianne<EOS>    ,girl,"['b', 'r', 'i', 'a', 'n', 'n', 'e']",7,0.0,"[1, 4, 20, 11, 3, 16, 16, 7, 2, 0, 0, 0, 0]"
6766,<SOS>marlie<EOS>     ,girl,"['m', 'a', 'r', 'l', 'i', 'e']",6,0.0,"[1, 15, 3, 20, 14, 11, 7, 2, 0, 0, 0, 0, 0]"
2462,<SOS>jude<EOS>       ,boy,"['j', 'u', 'd', 'e']",4,1.0,"[1, 12, 23, 6, 7, 2, 0, 0, 0, 0, 0, 0, 0]"
1669,<SOS>alta<EOS>       ,boy,"['a', 'l', 't', 'a']",4,1.0,"[1, 3, 14, 22, 3, 2, 0, 0, 0, 0, 0, 0, 0]"
4179,<SOS>narcissus<EOS>  ,girl,"['n', 'a', 'r', 'c', 'i', 's', 's', 'u', 's']",9,0.0,"[1, 16, 3, 20, 5, 11, 21, 21, 23, 21, 2, 0, 0]"
3975,<SOS>eudora<EOS>     ,girl,"['e', 'u', 'd', 'o', 'r', 'a']",6,0.0,"[1, 7, 23, 6, 17, 20, 3, 2, 0, 0, 0, 0, 0]"
4604,<SOS>ura<EOS>        ,girl,"['u', 'r', 'a']",3,0.0,"[1, 23, 20, 3, 2, 0, 0, 0, 0, 0, 0, 0, 0]"
6246,<SOS>audriana<EOS>   ,girl,"['a', 'u', 'd', 'r', 'i', 'a', 'n', 'a']",8,0.0,"[1, 3, 23, 6, 20, 11, 3, 16, 3, 2, 0, 0, 0]"
1117,<SOS>ellison<EOS>    ,boy,"['e', 'l', 'l', 'i', 's', 'o', 'n']",7,1.0,"[1, 7, 14, 14, 11, 21, 17, 16, 2, 0, 0, 0, 0]"
2530,<SOS>brenda<EOS>     ,boy,"['b', 'r', 'e', 'n', 'd', 'a']",6,1.0,"[1, 4, 20, 7, 16, 6, 3, 2, 0, 0, 0, 0, 0]"
4201,<SOS>belva<EOS>      ,girl,"['b', 'e', 'l', 'v', 'a']",5,0.0,"[1, 4, 7, 14, 24, 3, 2, 0, 0, 0, 0, 0, 0]"
3293,<SOS>yahir<EOS>      ,boy,"['y', 'a', 'h', 'i', 'r']",5,1.0,"[1, 27, 3, 10, 11, 20, 2, 0, 0, 0, 0, 0, 0]"
832,<SOS>colin<EOS>      ,boy,"['c', 'o', 'l', 'i', 'n']",5,1.0,"[1, 5, 17, 14, 11, 16, 2, 0, 0, 0, 0, 0, 0]"
3115,<SOS>jonatan<EOS>    ,boy,"['j', 'o', 'n', 'a', 't', 'a', 'n']",7,1.0,"[1, 12, 17, 16, 3, 22, 3, 16, 2, 0, 0, 0, 0]"
609,<SOS>dillard<EOS>    ,boy,"['d', 'i', 'l', 'l', 'a', 'r', 'd']",7,1.0,"[1, 6, 11, 14, 14, 3, 20, 6, 2, 0, 0, 0, 0]"
1956,<SOS>adron<EOS>      ,boy,"['a', 'd', 'r', 'o', 'n']",5,1.0,"[1, 3, 6, 20, 17, 16, 2, 0, 0, 0, 0, 0, 0]"
1915,<SOS>colvin<EOS>     ,boy,"['c', 'o', 'l', 'v', 'i', 'n']",6,1.0,"[1, 5, 17, 14, 24, 11, 16, 2, 0, 0, 0, 0, 0]"
5789,<SOS>jenni<EOS>      ,girl,"['j', 'e', 'n', 'n', 'i']",5,0.0,"[1, 12, 7, 16, 16, 11, 2, 0, 0, 0, 0, 0, 0]"
3169,<SOS>amari<EOS>      ,boy,"['a', 'm', 'a', 'r', 'i']",5,1.0,"[1, 3, 15, 3, 20, 11, 2, 0, 0, 0, 0, 0, 0]"
490,<SOS>howell<EOS>     ,boy,"['h', 'o', 'w', 'e', 'l', 'l']",6,1.0,"[1, 10, 17, 25, 7, 14, 14, 2, 0, 0, 0, 0, 0]"
5375,<SOS>collette<EOS>   ,girl,"['c', 'o', 'l', 'l', 'e', 't', 't', 'e']",8,0.0,"[1, 5, 17, 14, 14, 7, 22, 22, 7, 2, 0, 0, 0]"
2289,<SOS>doug<EOS>       ,boy,"['d', 'o', 'u', 'g']",4,1.0,"[1, 6, 17, 23, 9, 2, 0, 0, 0, 0, 0, 0, 0]"
3375,<SOS>adin<EOS>       ,boy,"['a', 'd', 'i', 'n']",4,1.0,"[1, 3, 6, 11, 16, 2, 0, 0, 0, 0, 0, 0, 0]"
6233,<SOS>brittnie<EOS>   ,girl,"['b', 'r', 'i', 't', 't', 'n', 'i', 'e']",8,0.0,"[1, 4, 20, 11, 22, 22, 16, 11, 7, 2, 0, 0, 0]"
6615,<SOS>aryana<EOS>     ,girl,"['a', 'r', 'y', 'a', 'n', 'a']",6,0.0,"[1, 3, 20, 27, 3, 16, 3, 2, 0, 0, 0, 0, 0]"
1791,<SOS>alston<EOS>     ,boy,"['a', 'l', 's', 't', 'o', 'n']",6,1.0,"[1, 3, 14, 21, 22, 17, 16, 2, 0, 0, 0, 0, 0]"
1333,<SOS>ananias<EOS>    ,boy,"['a', 'n', 'a', 'n', 'i', 'a', 's']",7,1.0,"[1, 3, 16, 3, 16, 11, 3, 21, 2, 0, 0, 0, 0]"
2511,<SOS>flint<EOS>      ,boy,"['f', 'l', 'i', 'n', 't']",5,1.0,"[1, 8, 14, 11, 16, 22, 2, 0, 0, 0, 0, 0, 0]"
4545,<SOS>alvira<EOS>     ,girl,"['a', 'l', 'v', 'i', 'r', 'a']",6,0.0,"[1, 3, 14, 24, 11, 20, 3, 2, 0, 0, 0, 0, 0]"
463,<SOS>wilburn<EOS>    ,boy,"['w', 'i', 'l', 'b', 'u', 'r', 'n']",7,1.0,"[1, 25, 11, 14, 4, 23, 20, 16, 2, 0, 0, 0, 0]"
3621,<SOS>lucie<EOS>      ,girl,"['l', 'u', 'c', 'i', 'e']",5,0.0,"[1, 14, 23, 5, 11, 7, 2, 0, 0, 0, 0, 0, 0]"
277,<SOS>jeremiah<EOS>   ,boy,"['j', 'e', 'r', 'e', 'm', 'i', 'a', 'h']",8,1.0,"[1, 12, 7, 20, 7, 15, 11, 3, 10, 2, 0, 0, 0]"
5306,<SOS>candice<EOS>    ,girl,"['c', 'a', 'n', 'd', 'i', 'c', 'e']",7,0.0,"[1, 5, 3, 16, 6, 11, 5, 7, 2, 0, 0, 0, 0]"
6737,<SOS>londyn<EOS>     ,girl,"['l', 'o', 'n', 'd', 'y', 'n']",6,0.0,"[1, 14, 17, 16, 6, 27, 16, 2, 0, 0, 0, 0, 0]"
4306,<SOS>gretchen<EOS>   ,girl,"['g', 'r', 'e', 't', 'c', 'h', 'e', 'n']",8,0.0,"[1, 9, 20, 7, 22, 5, 10, 7, 16, 2, 0, 0, 0]"
193,<SOS>ora<EOS>        ,boy,"['o', 'r', 'a']",3,1.0,"[1, 17, 20, 3, 2, 0, 0, 0, 0, 0, 0, 0, 0]"
3561,<SOS>freda<EOS>      ,girl,"['f', 'r', 'e', 'd', 'a']",5,0.0,"[1, 8, 20, 7, 6, 3, 2, 0, 0, 0, 0, 0, 0]"
1736,<SOS>alphons<EOS>    ,boy,"['a', 'l', 'p', 'h', 'o', 'n', 's']",7,1.0,"[1, 3, 14, 18, 10, 17, 16, 21, 2, 0, 0, 0, 0]"
1304,<SOS>lars<EOS>       ,boy,"['l', 'a', 'r', 's']",4,1.0,"[1, 14, 3, 20, 21, 2, 0, 0, 0, 0, 0, 0, 0]"
1221,<SOS>auguste<EOS>    ,boy,"['a', 'u', 'g', 'u', 's', 't', 'e']",7,1.0,"[1, 3, 23, 9, 23, 21, 22, 7, 2, 0, 0, 0, 0]"
5521,<SOS>suzy<EOS>       ,girl,"['s', 'u', 'z', 'y']",4,0.0,"[1, 21, 23, 28, 27, 2, 0, 0, 0, 0, 0, 0, 0]"
5733,<SOS>chelsea<EOS>    ,girl,"['c', 'h', 'e', 'l', 's', 'e', 'a']",7,0.0,"[1, 5, 10, 7, 14, 21, 7, 3, 2, 0, 0, 0, 0]"
5862,<SOS>daniela<EOS>    ,girl,"['d', 'a', 'n', 'i', 'e', 'l', 'a']",7,0.0,"[1, 6, 3, 16, 11, 7, 14, 3, 2, 0, 0, 0, 0]"
386,<SOS>johnny<EOS>     ,boy,"['j', 'o', 'h', 'n', 'n', 'y']",6,1.0,"[1, 12, 17, 10, 16, 16, 27, 2, 0, 0, 0, 0, 0]"
2540,<SOS>norberto<EOS>   ,boy,"['n', 'o', 'r', 'b', 'e', 'r', 't', 'o']",8,1.0,"[1, 16, 17, 20, 4, 7, 20, 22, 17, 2, 0, 0, 0]"
5924,<SOS>khalilah<EOS>   ,girl,"['k', 'h', 'a', 'l', 'i', 'l', 'a', 'h']",8,0.0,"[1, 13, 10, 3, 14, 11, 14, 3, 10, 2, 0, 0, 0]"
189,<SOS>harrison<EOS>   ,boy,"['h', 'a', 'r', 'r', 'i', 's', 'o', 'n']",8,1.0,"[1, 10, 3, 20, 20, 11, 21, 17, 16, 2, 0, 0, 0]"
4668,<SOS>mira<EOS>       ,girl,"['m', 'i', 'r', 'a']",4,0.0,"[1, 15, 11, 20, 3, 2, 0, 0, 0, 0, 0, 0, 0]"
4130,<SOS>calista<EOS>    ,girl,"['c', 'a', 'l', 'i', 's', 't', 'a']",7,0.0,"[1, 5, 3, 14, 11, 21, 22, 3, 2, 0, 0, 0, 0]"
1161,<SOS>primus<EOS>     ,boy,"['p', 'r', 'i', 'm', 'u', 's']",6,1.0,"[1, 18, 20, 11, 15, 23, 21, 2, 0, 0, 0, 0, 0]"
195,<SOS>russell<EOS>    ,boy,"['r', 'u', 's', 's', 'e', 'l', 'l']",7,1.0,"[1, 20, 23, 21, 21, 7, 14, 14, 2, 0, 0, 0, 0]"
1007,<SOS>paris<EOS>      ,boy,"['p', 'a', 'r', 'i', 's']",5,1.0,"[1, 18, 3, 20, 11, 21, 2, 0, 0, 0, 0, 0, 0]"
1086,<SOS>obe<EOS>        ,boy,"['o', 'b', 'e']",3,1.0,"[1, 17, 4, 7, 2, 0, 0, 0, 0, 0, 0, 0, 0]"
2149,<SOS>therman<EOS>    ,boy,"['t', 'h', 'e', 'r', 'm', 'a', 'n']",7,1.0,"[1, 22, 10, 7, 20, 15, 3, 16, 2, 0, 0, 0, 0]"
5337,<SOS>sandie<EOS>     ,girl,"['s', 'a', 'n', 'd', 'i', 'e']",6,0.0,"[1, 21, 3, 16, 6, 11, 7, 2, 0, 0, 0, 0, 0]"
2629,<SOS>anthoney<EOS>   ,boy,"['a', 'n', 't', 'h', 'o', 'n', 'e', 'y']",8,1.0,"[1, 3, 16, 22, 10, 17, 16, 7, 27, 2, 0, 0, 0]"
1170,<SOS>vaughn<EOS>     ,boy,"['v', 'a', 'u', 'g', 'h', 'n']",6,1.0,"[1, 24, 3, 23, 9, 10, 16, 2, 0, 0, 0, 0, 0]"
1360,<SOS>ingram<EOS>     ,boy,"['i', 'n', 'g', 'r', 'a', 'm']",6,1.0,"[1, 11, 16, 9, 20, 3, 15, 2, 0, 0, 0, 0, 0]"
5282,<SOS>suzette<EOS>    ,girl,"['s', 'u', 'z', 'e', 't', 't', 'e']",7,0.0,"[1, 21, 23, 28, 7, 22, 22, 7, 2, 0, 0, 0, 0]"
684,<SOS>bernhard<EOS>   ,boy,"['b', 'e', 'r', 'n', 'h', 'a', 'r', 'd']",8,1.0,"[1, 4, 7, 20, 16, 10, 3, 20, 6, 2, 0, 0, 0]"
6286,<SOS>ieshia<EOS>     ,girl,"['i', 'e', 's', 'h', 'i', 'a']",6,0.0,"[1, 11, 7, 21, 10, 11, 3, 2, 0, 0, 0, 0, 0]"
4799,<SOS>dominga<EOS>    ,girl,"['d', 'o', 'm', 'i', 'n', 'g', 'a']",7,0.0,"[1, 6, 17, 15, 11, 16, 9, 3, 2, 0, 0, 0, 0]"
4337,<SOS>roxy<EOS>       ,girl,"['r', 'o', 'x', 'y']",4,0.0,"[1, 20, 17, 26, 27, 2, 0, 0, 0, 0, 0, 0, 0]"
1348,<SOS>ella<EOS>       ,boy,"['e', 'l', 'l', 'a']",4,1.0,"[1, 7, 14, 14, 3, 2, 0, 0, 0, 0, 0, 0, 0]"
5373,<SOS>pamelia<EOS>    ,girl,"['p', 'a', 'm', 'e', 'l', 'i', 'a']",7,0.0,"[1, 18, 3, 15, 7, 14, 11, 3, 2, 0, 0, 0, 0]"
4429,<SOS>rebekah<EOS>    ,girl,"['r', 'e', 'b', 'e', 'k', 'a', 'h']",7,0.0,"[1, 20, 7, 4, 7, 13, 3, 10, 2, 0, 0, 0, 0]"
4377,<SOS>artelia<EOS>    ,girl,"['a', 'r', 't', 'e', 'l', 'i', 'a']",7,0.0,"[1, 3, 20, 22, 7, 14, 11, 3, 2, 0, 0, 0, 0]"
5750,<SOS>alexandria<EOS> ,girl,"['a', 'l', 'e', 'x', 'a', 'n', 'd', 'r', 'i', 'a']",10,0.0,"[1, 3, 14, 7, 26, 3, 16, 6, 20, 11, 3, 2, 0]"
3934,<SOS>rillie<EOS>     ,girl,"['r', 'i', 'l', 'l', 'i', 'e']",6,0.0,"[1, 20, 11, 14, 14, 11, 7, 2, 0, 0, 0, 0, 0]"
402,<SOS>adrian<EOS>     ,boy,"['a', 'd', 'r', 'i', 'a', 'n']",6,1.0,"[1, 3, 6, 20, 11, 3, 16, 2, 0, 0, 0, 0, 0]"
4183,<SOS>vessie<EOS>     ,girl,"['v', 'e', 's', 's', 'i', 'e']",6,0.0,"[1, 24, 7, 21, 21, 11, 7, 2, 0, 0, 0, 0, 0]"
3270,<SOS>ronan<EOS>      ,boy,"['r', 'o', 'n', 'a', 'n']",5,1.0,"[1, 20, 17, 16, 3, 16, 2, 0, 0, 0, 0, 0, 0]"
99,<SOS>calvin<EOS>     ,boy,"['c', 'a', 'l', 'v', 'i', 'n']",6,1.0,"[1, 5, 3, 14, 24, 11, 16, 2, 0, 0, 0, 0, 0]"
1211,<SOS>pearley<EOS>    ,boy,"['p', 'e', 'a', 'r', 'l', 'e', 'y']",7,1.0,"[1, 18, 7, 3, 20, 14, 7, 27, 2, 0, 0, 0, 0]"
5574,<SOS>jonna<EOS>      ,girl,"['j', 'o', 'n', 'n', 'a']",5,0.0,"[1, 12, 17, 16, 16, 3, 2, 0, 0, 0, 0, 0, 0]"
3569,<SOS>naomi<EOS>      ,girl,"['n', 'a', 'o', 'm', 'i']",5,0.0,"[1, 16, 3, 17, 15, 11, 2, 0, 0, 0, 0, 0, 0]"
2080,<SOS>halley<EOS>     ,boy,"['h', 'a', 'l', 'l', 'e', 'y']",6,1.0,"[1, 10, 3, 14, 14, 7, 27, 2, 0, 0, 0, 0, 0]"
3868,<SOS>huldah<EOS>     ,girl,"['h', 'u', 'l', 'd', 'a', 'h']",6,0.0,"[1, 10, 23, 14, 6, 3, 10, 2, 0, 0, 0, 0, 0]"
1378,<SOS>oakley<EOS>     ,boy,"['o', 'a', 'k', 'l', 'e', 'y']",6,1.0,"[1, 17, 3, 13, 14, 7, 27, 2, 0, 0, 0, 0, 0]"
5070,<SOS>laquita<EOS>    ,girl,"['l', 'a', 'q', 'u', 'i', 't', 'a']",7,0.0,"[1, 14, 3, 19, 23, 11, 22, 3, 2, 0, 0, 0, 0]"
2089,<SOS>enrico<EOS>     ,boy,"['e', 'n', 'r', 'i', 'c', 'o']",6,1.0,"[1, 7, 16, 20, 11, 5, 17, 2, 0, 0, 0, 0, 0]"
3576,<SOS>erma<EOS>       ,girl,"['e', 'r', 'm', 'a']",4,0.0,"[1, 7, 20, 15, 3, 2, 0, 0, 0, 0, 0, 0, 0]"
2846,<SOS>bryson<EOS>     ,boy,"['b', 'r', 'y', 's', 'o', 'n']",6,1.0,"[1, 4, 20, 27, 21, 17, 16, 2, 0, 0, 0, 0, 0]"
1339,<SOS>blanchard<EOS>  ,boy,"['b', 'l', 'a', 'n', 'c', 'h', 'a', 'r', 'd']",9,1.0,"[1, 4, 14, 3, 16, 5, 10, 3, 20, 6, 2, 0, 0]"
429,<SOS>cassius<EOS>    ,boy,"['c', 'a', 's', 's', 'i', 'u', 's']",7,1.0,"[1, 5, 3, 21, 21, 11, 23, 21, 2, 0, 0, 0, 0]"
6472,<SOS>makala<EOS>     ,girl,"['m', 'a', 'k', 'a', 'l', 'a']",6,0.0,"[1, 15, 3, 13, 3, 14, 3, 2, 0, 0, 0, 0, 0]"
162,<SOS>abraham<EOS>    ,boy,"['a', 'b', 'r', 'a', 'h', 'a', 'm']",7,1.0,"[1, 3, 4, 20, 3, 10, 3, 15, 2, 0, 0, 0, 0]"
3144,<SOS>brayan<EOS>     ,boy,"['b', 'r', 'a', 'y', 'a', 'n']",6,1.0,"[1, 4, 20, 3, 27, 3, 16, 2, 0, 0, 0, 0, 0]"
2772,<SOS>kareen<EOS>     ,boy,"['k', 'a', 'r', 'e', 'e', 'n']",6,1.0,"[1, 13, 3, 20, 7, 7, 16, 2, 0, 0, 0, 0, 0]"
3107,<SOS>river<EOS>      ,boy,"['r', 'i', 'v', 'e', 'r']",5,1.0,"[1, 20, 11, 24, 7, 20, 2, 0, 0, 0, 0, 0, 0]"
4029,<SOS>adrienne<EOS>   ,girl,"['a', 'd', 'r', 'i', 'e', 'n', 'n', 'e']",8,0.0,"[1, 3, 6, 20, 11, 7, 16, 16, 7, 2, 0, 0, 0]"
2893,<SOS>deven<EOS>      ,boy,"['d', 'e', 'v', 'e', 'n']",5,1.0,"[1, 6, 7, 24, 7, 16, 2, 0, 0, 0, 0, 0, 0]"
6453,<SOS>jaycie<EOS>     ,girl,"['j', 'a', 'y', 'c', 'i', 'e']",6,0.0,"[1, 12, 3, 27, 5, 11, 7, 2, 0, 0, 0, 0, 0]"
5186,<SOS>roseanne<EOS>   ,girl,"['r', 'o', 's', 'e', 'a', 'n', 'n', 'e']",8,0.0,"[1, 20, 17, 21, 7, 3, 16, 16, 7, 2, 0, 0, 0]"
1536,<SOS>manson<EOS>     ,boy,"['m', 'a', 'n', 's', 'o', 'n']",6,1.0,"[1, 15, 3, 16, 21, 17, 16, 2, 0, 0, 0, 0, 0]"
4148,<SOS>delle<EOS>      ,girl,"['d', 'e', 'l', 'l', 'e']",5,0.0,"[1, 6, 7, 14, 14, 7, 2, 0, 0, 0, 0, 0, 0]"
6484,<SOS>nautica<EOS>    ,girl,"['n', 'a', 'u', 't', 'i', 'c', 'a']",7,0.0,"[1, 16, 3, 23, 22, 11, 5, 3, 2, 0, 0, 0, 0]"
5718,<SOS>jolie<EOS>      ,girl,"['j', 'o', 'l', 'i', 'e']",5,0.0,"[1, 12, 17, 14, 11, 7, 2, 0, 0, 0, 0, 0, 0]"
5893,<SOS>daniele<EOS>    ,girl,"['d', 'a', 'n', 'i', 'e', 'l', 'e']",7,0.0,"[1, 6, 3, 16, 11, 7, 14, 7, 2, 0, 0, 0, 0]"
3788,<SOS>birtie<EOS>     ,girl,"['b', 'i', 'r', 't', 'i', 'e']",6,0.0,"[1, 4, 11, 20, 22, 11, 7, 2, 0, 0, 0, 0, 0]"
6343,<SOS>khadijah<EOS>   ,girl,"['k', 'h', 'a', 'd', 'i', 'j', 'a', 'h']",8,0.0,"[1, 13, 10, 3, 6, 11, 12, 3, 10, 2, 0, 0, 0]"
1884,<SOS>ezell<EOS>      ,boy,"['e', 'z', 'e', 'l', 'l']",5,1.0,"[1, 7, 28, 7, 14, 14, 2, 0, 0, 0, 0, 0, 0]"
4621,<SOS>cleta<EOS>      ,girl,"['c', 'l', 'e', 't', 'a']",5,0.0,"[1, 5, 14, 7, 22, 3, 2, 0, 0, 0, 0, 0, 0]"
1312,<SOS>douglass<EOS>   ,boy,"['d', 'o', 'u', 'g', 'l', 'a', 's', 's']",8,1.0,"[1, 6, 17, 23, 9, 14, 3, 21, 21, 2, 0, 0, 0]"
2027,<SOS>domenico<EOS>   ,boy,"['d', 'o', 'm', 'e', 'n', 'i', 'c', 'o']",8,1.0,"[1, 6, 17, 15, 7, 16, 11, 5, 17, 2, 0, 0, 0]"
3268,<SOS>jagger<EOS>     ,boy,"['j', 'a', 'g', 'g', 'e', 'r']",6,1.0,"[1, 12, 3, 9, 9, 7, 20, 2, 0, 0, 0, 0, 0]"
1902,<SOS>vernal<EOS>     ,boy,"['v', 'e', 'r', 'n', 'a', 'l']",6,1.0,"[1, 24, 7, 20, 16, 3, 14, 2, 0, 0, 0, 0, 0]"
3342,<SOS>luka<EOS>       ,boy,"['l', 'u', 'k', 'a']",4,1.0,"[1, 14, 23, 13, 3, 2, 0, 0, 0, 0, 0, 0, 0]"
4666,<SOS>idabelle<EOS>   ,girl,"['i', 'd', 'a', 'b', 'e', 'l', 'l', 'e']",8,0.0,"[1, 11, 6, 3, 4, 7, 14, 14, 7, 2, 0, 0, 0]"
5310,<SOS>deena<EOS>      ,girl,"['d', 'e', 'e', 'n', 'a']",5,0.0,"[1, 6, 7, 7, 16, 3, 2, 0, 0, 0, 0, 0, 0]"
3511,<SOS>roxie<EOS>      ,girl,"['r', 'o', 'x', 'i', 'e']",5,0.0,"[1, 20, 17, 26, 11, 7, 2, 0, 0, 0, 0, 0, 0]"
2818,<SOS>horacio<EOS>    ,boy,"['h', 'o', 'r', 'a', 'c', 'i', 'o']",7,1.0,"[1, 10, 17, 20, 3, 5, 11, 17, 2, 0, 0, 0, 0]"
6185,<SOS>porsche<EOS>    ,girl,"['p', 'o', 'r', 's', 'c', 'h', 'e']",7,0.0,"[1, 18, 17, 20, 21, 5, 10, 7, 2, 0, 0, 0, 0]"
4232,<SOS>corean<EOS>     ,girl,"['c', 'o', 'r', 'e', 'a', 'n']",6,0.0,"[1, 5, 17, 20, 7, 3, 16, 2, 0, 0, 0, 0, 0]"
1490,<SOS>cash<EOS>       ,boy,"['c', 'a', 's', 'h']",4,1.0,"[1, 5, 3, 21, 10, 2, 0, 0, 0, 0, 0, 0, 0]"
2658,<SOS>che<EOS>        ,boy,"['c', 'h', 'e']",3,1.0,"[1, 5, 10, 7, 2, 0, 0, 0, 0, 0, 0, 0, 0]"
5861,<SOS>keshia<EOS>     ,girl,"['k', 'e', 's', 'h', 'i', 'a']",6,0.0,"[1, 13, 7, 21, 10, 11, 3, 2, 0, 0, 0, 0, 0]"
5303,<SOS>laureen<EOS>    ,girl,"['l', 'a', 'u', 'r', 'e', 'e', 'n']",7,0.0,"[1, 14, 3, 23, 20, 7, 7, 16, 2, 0, 0, 0, 0]"
1648,<SOS>maury<EOS>      ,boy,"['m', 'a', 'u', 'r', 'y']",5,1.0,"[1, 15, 3, 23, 20, 27, 2, 0, 0, 0, 0, 0, 0]"
4760,<SOS>almeta<EOS>     ,girl,"['a', 'l', 'm', 'e', 't', 'a']",6,0.0,"[1, 3, 14, 15, 7, 22, 3, 2, 0, 0, 0, 0, 0]"
1299,<SOS>chauncy<EOS>    ,boy,"['c', 'h', 'a', 'u', 'n', 'c', 'y']",7,1.0,"[1, 5, 10, 3, 23, 16, 5, 27, 2, 0, 0, 0, 0]"
4251,<SOS>mabell<EOS>     ,girl,"['m', 'a', 'b', 'e', 'l', 'l']",6,0.0,"[1, 15, 3, 4, 7, 14, 14, 2, 0, 0, 0, 0, 0]"
287,<SOS>morgan<EOS>     ,boy,"['m', 'o', 'r', 'g', 'a', 'n']",6,1.0,"[1, 15, 17, 20, 9, 3, 16, 2, 0, 0, 0, 0, 0]"
3530,<SOS>cecelia<EOS>    ,girl,"['c', 'e', 'c', 'e', 'l', 'i', 'a']",7,0.0,"[1, 5, 7, 5, 7, 14, 11, 3, 2, 0, 0, 0, 0]"
5429,<SOS>francesca<EOS>  ,girl,"['f', 'r', 'a', 'n', 'c', 'e', 's', 'c', 'a']",9,0.0,"[1, 8, 20, 3, 16, 5, 7, 21, 5, 3, 2, 0, 0]"
4261,<SOS>senora<EOS>     ,girl,"['s', 'e', 'n', 'o', 'r', 'a']",6,0.0,"[1, 21, 7, 16, 17, 20, 3, 2, 0, 0, 0, 0, 0]"
3094,<SOS>jaylon<EOS>     ,boy,"['j', 'a', 'y', 'l', 'o', 'n']",6,1.0,"[1, 12, 3, 27, 14, 17, 16, 2, 0, 0, 0, 0, 0]"
2704,<SOS>demian<EOS>     ,boy,"['d', 'e', 'm', 'i', 'a', 'n']",6,1.0,"[1, 6, 7, 15, 11, 3, 16, 2, 0, 0, 0, 0, 0]"
1750,<SOS>westley<EOS>    ,boy,"['w', 'e', 's', 't', 'l', 'e', 'y']",7,1.0,"[1, 25, 7, 21, 22, 14, 7, 27, 2, 0, 0, 0, 0]"
6000,<SOS>casie<EOS>      ,girl,"['c', 'a', 's', 'i', 'e']",5,0.0,"[1, 5, 3, 21, 11, 7, 2, 0, 0, 0, 0, 0, 0]"
5085,<SOS>marsha<EOS>     ,girl,"['m', 'a', 'r', 's', 'h', 'a']",6,0.0,"[1, 15, 3, 20, 21, 10, 3, 2, 0, 0, 0, 0, 0]"
4824,<SOS>astrid<EOS>     ,girl,"['a', 's', 't', 'r', 'i', 'd']",6,0.0,"[1, 3, 21, 22, 20, 11, 6, 2, 0, 0, 0, 0, 0]"
491,<SOS>lou<EOS>        ,boy,"['l', 'o', 'u']",3,1.0,"[1, 14, 17, 23, 2, 0, 0, 0, 0, 0, 0, 0, 0]"
845,<SOS>edson<EOS>      ,boy,"['e', 'd', 's', 'o', 'n']",5,1.0,"[1, 7, 6, 21, 17, 16, 2, 0, 0, 0, 0, 0, 0]"
4743,<SOS>tomasa<EOS>     ,girl,"['t', 'o', 'm', 'a', 's', 'a']",6,0.0,"[1, 22, 17, 15, 3, 21, 3, 2, 0, 0, 0, 0, 0]"
5115,<SOS>joellen<EOS>    ,girl,"['j', 'o', 'e', 'l', 'l', 'e', 'n']",7,0.0,"[1, 12, 17, 7, 14, 14, 7, 16, 2, 0, 0, 0, 0]"
4695,<SOS>fae<EOS>        ,girl,"['f', 'a', 'e']",3,0.0,"[1, 8, 3, 7, 2, 0, 0, 0, 0, 0, 0, 0, 0]"
4553,<SOS>evelena<EOS>    ,girl,"['e', 'v', 'e', 'l', 'e', 'n', 'a']",7,0.0,"[1, 7, 24, 7, 14, 7, 16, 3, 2, 0, 0, 0, 0]"
6684,<SOS>elliana<EOS>    ,girl,"['e', 'l', 'l', 'i', 'a', 'n', 'a']",7,0.0,"[1, 7, 14, 14, 11, 3, 16, 3, 2, 0, 0, 0, 0]"
3501,<SOS>lenora<EOS>     ,girl,"['l', 'e', 'n', 'o', 'r', 'a']",6,0.0,"[1, 14, 7, 16, 17, 20, 3, 2, 0, 0, 0, 0, 0]"
2322,<SOS>ricky<EOS>      ,boy,"['r', 'i', 'c', 'k', 'y']",5,1.0,"[1, 20, 11, 5, 13, 27, 2, 0, 0, 0, 0, 0, 0]"
173,<SOS>phillip<EOS>    ,boy,"['p', 'h', 'i', 'l', 'l', 'i', 'p']",7,1.0,"[1, 18, 10, 11, 14, 14, 11, 18, 2, 0, 0, 0, 0]"
480,<SOS>wyatt<EOS>      ,boy,"['w', 'y', 'a', 't', 't']",5,1.0,"[1, 25, 27, 3, 22, 22, 2, 0, 0, 0, 0, 0, 0]"
1700,<SOS>rance<EOS>      ,boy,"['r', 'a', 'n', 'c', 'e']",5,1.0,"[1, 20, 3, 16, 5, 7, 2, 0, 0, 0, 0, 0, 0]"
1025,<SOS>gaston<EOS>     ,boy,"['g', 'a', 's', 't', 'o', 'n']",6,1.0,"[1, 9, 3, 21, 22, 17, 16, 2, 0, 0, 0, 0, 0]"
6714,<SOS>adamaris<EOS>   ,girl,"['a', 'd', 'a', 'm', 'a', 'r', 'i', 's']",8,0.0,"[1, 3, 6, 3, 15, 3, 20, 11, 21, 2, 0, 0, 0]"
5853,<SOS>cicely<EOS>     ,girl,"['c', 'i', 'c', 'e', 'l', 'y']",6,0.0,"[1, 5, 11, 5, 7, 14, 27, 2, 0, 0, 0, 0, 0]"
5139,<SOS>marla<EOS>      ,girl,"['m', 'a', 'r', 'l', 'a']",5,0.0,"[1, 15, 3, 20, 14, 3, 2, 0, 0, 0, 0, 0, 0]"
5967,<SOS>tarah<EOS>      ,girl,"['t', 'a', 'r', 'a', 'h']",5,0.0,"[1, 22, 3, 20, 3, 10, 2, 0, 0, 0, 0, 0, 0]"
1826,<SOS>gaither<EOS>    ,boy,"['g', 'a', 'i', 't', 'h', 'e', 'r']",7,1.0,"[1, 9, 3, 11, 22, 10, 7, 20, 2, 0, 0, 0, 0]"
4518,<SOS>izetta<EOS>     ,girl,"['i', 'z', 'e', 't', 't', 'a']",6,0.0,"[1, 11, 28, 7, 22, 22, 3, 2, 0, 0, 0, 0, 0]"
434,<SOS>leander<EOS>    ,boy,"['l', 'e', 'a', 'n', 'd', 'e', 'r']",7,1.0,"[1, 14, 7, 3, 16, 6, 7, 20, 2, 0, 0, 0, 0]"
128,<SOS>melvin<EOS>     ,boy,"['m', 'e', 'l', 'v', 'i', 'n']",6,1.0,"[1, 15, 7, 14, 24, 11, 16, 2, 0, 0, 0, 0, 0]"
6674,<SOS>heidy<EOS>      ,girl,"['h', 'e', 'i', 'd', 'y']",5,0.0,"[1, 10, 7, 11, 6, 27, 2, 0, 0, 0, 0, 0, 0]"
901,<SOS>tracy<EOS>      ,boy,"['t', 'r', 'a', 'c', 'y']",5,1.0,"[1, 22, 20, 3, 5, 27, 2, 0, 0, 0, 0, 0, 0]"
2911,<SOS>jairo<EOS>      ,boy,"['j', 'a', 'i', 'r', 'o']",5,1.0,"[1, 12, 3, 11, 20, 17, 2, 0, 0, 0, 0, 0, 0]"
5458,<SOS>kandy<EOS>      ,girl,"['k', 'a', 'n', 'd', 'y']",5,0.0,"[1, 13, 3, 16, 6, 27, 2, 0, 0, 0, 0, 0, 0]"
1851,<SOS>rayford<EOS>    ,boy,"['r', 'a', 'y', 'f', 'o', 'r', 'd']",7,1.0,"[1, 20, 3, 27, 8, 17, 20, 6, 2, 0, 0, 0, 0]"
5136,<SOS>loris<EOS>      ,girl,"['l', 'o', 'r', 'i', 's']",5,0.0,"[1, 14, 17, 20, 11, 21, 2, 0, 0, 0, 0, 0, 0]"
3709,<SOS>avis<EOS>       ,girl,"['a', 'v', 'i', 's']",4,0.0,"[1, 3, 24, 11, 21, 2, 0, 0, 0, 0, 0, 0, 0]"
1154,<SOS>mercer<EOS>     ,boy,"['m', 'e', 'r', 'c', 'e', 'r']",6,1.0,"[1, 15, 7, 20, 5, 7, 20, 2, 0, 0, 0, 0, 0]"
441,<SOS>axel<EOS>       ,boy,"['a', 'x', 'e', 'l']",4,1.0,"[1, 3, 26, 7, 14, 2, 0, 0, 0, 0, 0, 0, 0]"
5088,<SOS>mariann<EOS>    ,girl,"['m', 'a', 'r', 'i', 'a', 'n', 'n']",7,0.0,"[1, 15, 3, 20, 11, 3, 16, 16, 2, 0, 0, 0, 0]"
4442,<SOS>marianna<EOS>   ,girl,"['m', 'a', 'r', 'i', 'a', 'n', 'n', 'a']",8,0.0,"[1, 15, 3, 20, 11, 3, 16, 16, 3, 2, 0, 0, 0]"
6580,<SOS>ainsley<EOS>    ,girl,"['a', 'i', 'n', 's', 'l', 'e', 'y']",7,0.0,"[1, 3, 11, 16, 21, 14, 7, 27, 2, 0, 0, 0, 0]"
6691,<SOS>montserrat<EOS> ,girl,"['m', 'o', 'n', 't', 's', 'e', 'r', 'r', 'a', 't']",10,0.0,"[1, 15, 17, 16, 22, 21, 7, 20, 20, 3, 22, 2, 0]"
2915,<SOS>jaymes<EOS>     ,boy,"['j', 'a', 'y', 'm', 'e', 's']",6,1.0,"[1, 12, 3, 27, 15, 7, 21, 2, 0, 0, 0, 0, 0]"
777,<SOS>ivey<EOS>       ,boy,"['i', 'v', 'e', 'y']",4,1.0,"[1, 11, 24, 7, 27, 2, 0, 0, 0, 0, 0, 0, 0]"
6016,<SOS>princess<EOS>   ,girl,"['p', 'r', 'i', 'n', 'c', 'e', 's', 's']",8,0.0,"[1, 18, 20, 11, 16, 5, 7, 21, 21, 2, 0, 0, 0]"
6223,<SOS>lizbeth<EOS>    ,girl,"['l', 'i', 'z', 'b', 'e', 't', 'h']",7,0.0,"[1, 14, 11, 28, 4, 7, 22, 10, 2, 0, 0, 0, 0]"
6597,<SOS>kaliyah<EOS>    ,girl,"['k', 'a', 'l', 'i', 'y', 'a', 'h']",7,0.0,"[1, 13, 3, 14, 11, 27, 3, 10, 2, 0, 0, 0, 0]"
59,<SOS>paul<EOS>       ,boy,"['p', 'a', 'u', 'l']",4,1.0,"[1, 18, 3, 23, 14, 2, 0, 0, 0, 0, 0, 0, 0]"
5331,<SOS>valarie<EOS>    ,girl,"['v', 'a', 'l', 'a', 'r', 'i', 'e']",7,0.0,"[1, 24, 3, 14, 3, 20, 11, 7, 2, 0, 0, 0, 0]"
6694,<SOS>leyla<EOS>      ,girl,"['l', 'e', 'y', 'l', 'a']",5,0.0,"[1, 14, 7, 27, 14, 3, 2, 0, 0, 0, 0, 0, 0]"
5772,<SOS>tawanna<EOS>    ,girl,"['t', 'a', 'w', 'a', 'n', 'n', 'a']",7,0.0,"[1, 22, 3, 25, 3, 16, 16, 3, 2, 0, 0, 0, 0]"
4151,<SOS>dulcie<EOS>     ,girl,"['d', 'u', 'l', 'c', 'i', 'e']",6,0.0,"[1, 6, 23, 14, 5, 11, 7, 2, 0, 0, 0, 0, 0]"
6333,<SOS>breonna<EOS>    ,girl,"['b', 'r', 'e', 'o', 'n', 'n', 'a']",7,0.0,"[1, 4, 20, 7, 17, 16, 16, 3, 2, 0, 0, 0, 0]"
105,<SOS>dennis<EOS>     ,boy,"['d', 'e', 'n', 'n', 'i', 's']",6,1.0,"[1, 6, 7, 16, 16, 11, 21, 2, 0, 0, 0, 0, 0]"
6062,<SOS>chelsey<EOS>    ,girl,"['c', 'h', 'e', 'l', 's', 'e', 'y']",7,0.0,"[1, 5, 10, 7, 14, 21, 7, 27, 2, 0, 0, 0, 0]"
5744,<SOS>jada<EOS>       ,girl,"['j', 'a', 'd', 'a']",4,0.0,"[1, 12, 3, 6, 3, 2, 0, 0, 0, 0, 0, 0, 0]"
4369,<SOS>vashti<EOS>     ,girl,"['v', 'a', 's', 'h', 't', 'i']",6,0.0,"[1, 24, 3, 21, 10, 22, 11, 2, 0, 0, 0, 0, 0]"
5664,<SOS>latonia<EOS>    ,girl,"['l', 'a', 't', 'o', 'n', 'i', 'a']",7,0.0,"[1, 14, 3, 22, 17, 16, 11, 3, 2, 0, 0, 0, 0]"
6499,<SOS>jaida<EOS>      ,girl,"['j', 'a', 'i', 'd', 'a']",5,0.0,"[1, 12, 3, 11, 6, 3, 2, 0, 0, 0, 0, 0, 0]"
4451,<SOS>arkie<EOS>      ,girl,"['a', 'r', 'k', 'i', 'e']",5,0.0,"[1, 3, 20, 13, 11, 7, 2, 0, 0, 0, 0, 0, 0]"
1213,<SOS>rome<EOS>       ,boy,"['r', 'o', 'm', 'e']",4,1.0,"[1, 20, 17, 15, 7, 2, 0, 0, 0, 0, 0, 0, 0]"
4869,<SOS>joann<EOS>      ,girl,"['j', 'o', 'a', 'n', 'n']",5,0.0,"[1, 12, 17, 3, 16, 16, 2, 0, 0, 0, 0, 0, 0]"
4059,<SOS>icy<EOS>        ,girl,"['i', 'c', 'y']",3,0.0,"[1, 11, 5, 27, 2, 0, 0, 0, 0, 0, 0, 0, 0]"
915,<SOS>artie<EOS>      ,boy,"['a', 'r', 't', 'i', 'e']",5,1.0,"[1, 3, 20, 22, 11, 7, 2, 0, 0, 0, 0, 0, 0]"
3736,<SOS>peggy<EOS>      ,girl,"['p', 'e', 'g', 'g', 'y']",5,0.0,"[1, 18, 7, 9, 9, 27, 2, 0, 0, 0, 0, 0, 0]"
3723,<SOS>bella<EOS>      ,girl,"['b', 'e', 'l', 'l', 'a']",5,0.0,"[1, 4, 7, 14, 14, 3, 2, 0, 0, 0, 0, 0, 0]"
2542,<SOS>pernell<EOS>    ,boy,"['p', 'e', 'r', 'n', 'e', 'l', 'l']",7,1.0,"[1, 18, 7, 20, 16, 7, 14, 14, 2, 0, 0, 0, 0]"
3212,<SOS>christion<EOS>  ,boy,"['c', 'h', 'r', 'i', 's', 't', 'i', 'o', 'n']",9,1.0,"[1, 5, 10, 20, 11, 21, 22, 11, 17, 16, 2, 0, 0]"
5396,<SOS>joleen<EOS>     ,girl,"['j', 'o', 'l', 'e', 'e', 'n']",6,0.0,"[1, 12, 17, 14, 7, 7, 16, 2, 0, 0, 0, 0, 0]"
2580,<SOS>darryn<EOS>     ,boy,"['d', 'a', 'r', 'r', 'y', 'n']",6,1.0,"[1, 6, 3, 20, 20, 27, 16, 2, 0, 0, 0, 0, 0]"
4198,<SOS>zillah<EOS>     ,girl,"['z', 'i', 'l', 'l', 'a', 'h']",6,0.0,"[1, 28, 11, 14, 14, 3, 10, 2, 0, 0, 0, 0, 0]"
869,<SOS>ishmael<EOS>    ,boy,"['i', 's', 'h', 'm', 'a', 'e', 'l']",7,1.0,"[1, 11, 21, 10, 15, 3, 7, 14, 2, 0, 0, 0, 0]"
6593,<SOS>jamya<EOS>      ,girl,"['j', 'a', 'm', 'y', 'a']",5,0.0,"[1, 12, 3, 15, 27, 3, 2, 0, 0, 0, 0, 0, 0]"
6235,<SOS>elizabet<EOS>   ,girl,"['e', 'l', 'i', 'z', 'a', 'b', 'e', 't']",8,0.0,"[1, 7, 14, 11, 28, 3, 4, 7, 22, 2, 0, 0, 0]"
6448,<SOS>alyssia<EOS>    ,girl,"['a', 'l', 'y', 's', 's', 'i', 'a']",7,0.0,"[1, 3, 14, 27, 21, 21, 11, 3, 2, 0, 0, 0, 0]"
1427,<SOS>abb<EOS>        ,boy,"['a', 'b', 'b']",3,1.0,"[1, 3, 4, 4, 2, 0, 0, 0, 0, 0, 0, 0, 0]"
2877,<SOS>darrius<EOS>    ,boy,"['d', 'a', 'r', 'r', 'i', 'u', 's']",7,1.0,"[1, 6, 3, 20, 20, 11, 23, 21, 2, 0, 0, 0, 0]"
2373,<SOS>jonathon<EOS>   ,boy,"['j', 'o', 'n', 'a', 't', 'h', 'o', 'n']",8,1.0,"[1, 12, 17, 16, 3, 22, 10, 17, 16, 2, 0, 0, 0]"
3177,<SOS>jovanny<EOS>    ,boy,"['j', 'o', 'v', 'a', 'n', 'n', 'y']",7,1.0,"[1, 12, 17, 24, 3, 16, 16, 27, 2, 0, 0, 0, 0]"
5278,<SOS>rozanne<EOS>    ,girl,"['r', 'o', 'z', 'a', 'n', 'n', 'e']",7,0.0,"[1, 20, 17, 28, 3, 16, 16, 7, 2, 0, 0, 0, 0]"
5099,<SOS>dian<EOS>       ,girl,"['d', 'i', 'a', 'n']",4,0.0,"[1, 6, 11, 3, 16, 2, 0, 0, 0, 0, 0, 0, 0]"
1511,<SOS>raphael<EOS>    ,boy,"['r', 'a', 'p', 'h', 'a', 'e', 'l']",7,1.0,"[1, 20, 3, 18, 10, 3, 7, 14, 2, 0, 0, 0, 0]"
6417,<SOS>alivia<EOS>     ,girl,"['a', 'l', 'i', 'v', 'i', 'a']",6,0.0,"[1, 3, 14, 11, 24, 11, 3, 2, 0, 0, 0, 0, 0]"
156,<SOS>simon<EOS>      ,boy,"['s', 'i', 'm', 'o', 'n']",5,1.0,"[1, 21, 11, 15, 17, 16, 2, 0, 0, 0, 0, 0, 0]"
1246,<SOS>melton<EOS>     ,boy,"['m', 'e', 'l', 't', 'o', 'n']",6,1.0,"[1, 15, 7, 14, 22, 17, 16, 2, 0, 0, 0, 0, 0]"
2816,<SOS>cristian<EOS>   ,boy,"['c', 'r', 'i', 's', 't', 'i', 'a', 'n']",8,1.0,"[1, 5, 20, 11, 21, 22, 11, 3, 16, 2, 0, 0, 0]"
5142,<SOS>vernetta<EOS>   ,girl,"['v', 'e', 'r', 'n', 'e', 't', 't', 'a']",8,0.0,"[1, 24, 7, 20, 16, 7, 22, 22, 3, 2, 0, 0, 0]"
2440,<SOS>kraig<EOS>      ,boy,"['k', 'r', 'a', 'i', 'g']",5,1.0,"[1, 13, 20, 3, 11, 9, 2, 0, 0, 0, 0, 0, 0]"
438,<SOS>pleasant<EOS>   ,boy,"['p', 'l', 'e', 'a', 's', 'a', 'n', 't']",8,1.0,"[1, 18, 14, 7, 3, 21, 3, 16, 22, 2, 0, 0, 0]"
4528,<SOS>nova<EOS>       ,girl,"['n', 'o', 'v', 'a']",4,0.0,"[1, 16, 17, 24, 3, 2, 0, 0, 0, 0, 0, 0, 0]"
5979,<SOS>shavon<EOS>     ,girl,"['s', 'h', 'a', 'v', 'o', 'n']",6,0.0,"[1, 21, 10, 3, 24, 17, 16, 2, 0, 0, 0, 0, 0]"
1505,<SOS>shedrick<EOS>   ,boy,"['s', 'h', 'e', 'd', 'r', 'i', 'c', 'k']",8,1.0,"[1, 21, 10, 7, 6, 20, 11, 5, 13, 2, 0, 0, 0]"
6416,<SOS>keanna<EOS>     ,girl,"['k', 'e', 'a', 'n', 'n', 'a']",6,0.0,"[1, 13, 7, 3, 16, 16, 3, 2, 0, 0, 0, 0, 0]"
318,<SOS>wilbert<EOS>    ,boy,"['w', 'i', 'l', 'b', 'e', 'r', 't']",7,1.0,"[1, 25, 11, 14, 4, 7, 20, 22, 2, 0, 0, 0, 0]"
4273,<SOS>alexina<EOS>    ,girl,"['a', 'l', 'e', 'x', 'i', 'n', 'a']",7,0.0,"[1, 3, 14, 7, 26, 11, 16, 3, 2, 0, 0, 0, 0]"
3165,<SOS>jaxon<EOS>      ,boy,"['j', 'a', 'x', 'o', 'n']",5,1.0,"[1, 12, 3, 26, 17, 16, 2, 0, 0, 0, 0, 0, 0]"
5079,<SOS>patrica<EOS>    ,girl,"['p', 'a', 't', 'r', 'i', 'c', 'a']",7,0.0,"[1, 18, 3, 22, 20, 11, 5, 3, 2, 0, 0, 0, 0]"
4334,<SOS>rhea<EOS>       ,girl,"['r', 'h', 'e', 'a']",4,0.0,"[1, 20, 10, 7, 3, 2, 0, 0, 0, 0, 0, 0, 0]"
1004,<SOS>ransom<EOS>     ,boy,"['r', 'a', 'n', 's', 'o', 'm']",6,1.0,"[1, 20, 3, 16, 21, 17, 15, 2, 0, 0, 0, 0, 0]"
1814,<SOS>esley<EOS>      ,boy,"['e', 's', 'l', 'e', 'y']",5,1.0,"[1, 7, 21, 14, 7, 27, 2, 0, 0, 0, 0, 0, 0]"
6609,<SOS>miah<EOS>       ,girl,"['m', 'i', 'a', 'h']",4,0.0,"[1, 15, 11, 3, 10, 2, 0, 0, 0, 0, 0, 0, 0]"
912,<SOS>almer<EOS>      ,boy,"['a', 'l', 'm', 'e', 'r']",5,1.0,"[1, 3, 14, 15, 7, 20, 2, 0, 0, 0, 0, 0, 0]"
5414,<SOS>marlena<EOS>    ,girl,"['m', 'a', 'r', 'l', 'e', 'n', 'a']",7,0.0,"[1, 15, 3, 20, 14, 7, 16, 3, 2, 0, 0, 0, 0]"
3926,<SOS>muriel<EOS>     ,girl,"['m', 'u', 'r', 'i', 'e', 'l']",6,0.0,"[1, 15, 23, 20, 11, 7, 14, 2, 0, 0, 0, 0, 0]"
895,<SOS>soloman<EOS>    ,boy,"['s', 'o', 'l', 'o', 'm', 'a', 'n']",7,1.0,"[1, 21, 17, 14, 17, 15, 3, 16, 2, 0, 0, 0, 0]"
4710,<SOS>hasel<EOS>      ,girl,"['h', 'a', 's', 'e', 'l']",5,0.0,"[1, 10, 3, 21, 7, 14, 2, 0, 0, 0, 0, 0, 0]"
6150,<SOS>phylicia<EOS>   ,girl,"['p', 'h', 'y', 'l', 'i', 'c', 'i', 'a']",8,0.0,"[1, 18, 10, 27, 14, 11, 5, 11, 3, 2, 0, 0, 0]"
242,<SOS>preston<EOS>    ,boy,"['p', 'r', 'e', 's', 't', 'o', 'n']",7,1.0,"[1, 18, 20, 7, 21, 22, 17, 16, 2, 0, 0, 0, 0]"
5554,<SOS>misty<EOS>      ,girl,"['m', 'i', 's', 't', 'y']",5,0.0,"[1, 15, 11, 21, 22, 27, 2, 0, 0, 0, 0, 0, 0]"
2909,<SOS>tavaris<EOS>    ,boy,"['t', 'a', 'v', 'a', 'r', 'i', 's']",7,1.0,"[1, 22, 3, 24, 3, 20, 11, 21, 2, 0, 0, 0, 0]"
3117,<SOS>triston<EOS>    ,boy,"['t', 'r', 'i', 's', 't', 'o', 'n']",7,1.0,"[1, 22, 20, 11, 21, 22, 17, 16, 2, 0, 0, 0, 0]"
1549,<SOS>britt<EOS>      ,boy,"['b', 'r', 'i', 't', 't']",5,1.0,"[1, 4, 20, 11, 22, 22, 2, 0, 0, 0, 0, 0, 0]"
6390,<SOS>vanesa<EOS>     ,girl,"['v', 'a', 'n', 'e', 's', 'a']",6,0.0,"[1, 24, 3, 16, 7, 21, 3, 2, 0, 0, 0, 0, 0]"
3668,<SOS>iona<EOS>       ,girl,"['i', 'o', 'n', 'a']",4,0.0,"[1, 11, 17, 16, 3, 2, 0, 0, 0, 0, 0, 0, 0]"
5221,<SOS>belinda<EOS>    ,girl,"['b', 'e', 'l', 'i', 'n', 'd', 'a']",7,0.0,"[1, 4, 7, 14, 11, 16, 6, 3, 2, 0, 0, 0, 0]"
5404,<SOS>jodi<EOS>       ,girl,"['j', 'o', 'd', 'i']",4,0.0,"[1, 12, 17, 6, 11, 2, 0, 0, 0, 0, 0, 0, 0]"
6041,<SOS>tierra<EOS>     ,girl,"['t', 'i', 'e', 'r', 'r', 'a']",6,0.0,"[1, 22, 11, 7, 20, 20, 3, 2, 0, 0, 0, 0, 0]"
4476,<SOS>milly<EOS>      ,girl,"['m', 'i', 'l', 'l', 'y']",5,0.0,"[1, 15, 11, 14, 14, 27, 2, 0, 0, 0, 0, 0, 0]"
2759,<SOS>kristen<EOS>    ,boy,"['k', 'r', 'i', 's', 't', 'e', 'n']",7,1.0,"[1, 13, 20, 11, 21, 22, 7, 16, 2, 0, 0, 0, 0]"
2945,<SOS>mychal<EOS>     ,boy,"['m', 'y', 'c', 'h', 'a', 'l']",6,1.0,"[1, 15, 27, 5, 10, 3, 14, 2, 0, 0, 0, 0, 0]"
2697,<SOS>jeramie<EOS>    ,boy,"['j', 'e', 'r', 'a', 'm', 'i', 'e']",7,1.0,"[1, 12, 7, 20, 3, 15, 11, 7, 2, 0, 0, 0, 0]"
4269,<SOS>achsah<EOS>     ,girl,"['a', 'c', 'h', 's', 'a', 'h']",6,0.0,"[1, 3, 5, 10, 21, 3, 10, 2, 0, 0, 0, 0, 0]"
5060,<SOS>maryanne<EOS>   ,girl,"['m', 'a', 'r', 'y', 'a', 'n', 'n', 'e']",8,0.0,"[1, 15, 3, 20, 27, 3, 16, 16, 7, 2, 0, 0, 0]"
643,<SOS>carson<EOS>     ,boy,"['c', 'a', 'r', 's', 'o', 'n']",6,1.0,"[1, 5, 3, 20, 21, 17, 16, 2, 0, 0, 0, 0, 0]"
6391,<SOS>cydney<EOS>     ,girl,"['c', 'y', 'd', 'n', 'e', 'y']",6,0.0,"[1, 5, 27, 6, 16, 7, 27, 2, 0, 0, 0, 0, 0]"
5641,<SOS>demetria<EOS>   ,girl,"['d', 'e', 'm', 'e', 't', 'r', 'i', 'a']",8,0.0,"[1, 6, 7, 15, 7, 22, 20, 11, 3, 2, 0, 0, 0]"
4437,<SOS>glendora<EOS>   ,girl,"['g', 'l', 'e', 'n', 'd', 'o', 'r', 'a']",8,0.0,"[1, 9, 14, 7, 16, 6, 17, 20, 3, 2, 0, 0, 0]"
2711,<SOS>vidal<EOS>      ,boy,"['v', 'i', 'd', 'a', 'l']",5,1.0,"[1, 24, 11, 6, 3, 14, 2, 0, 0, 0, 0, 0, 0]"
4749,<SOS>chrystal<EOS>   ,girl,"['c', 'h', 'r', 'y', 's', 't', 'a', 'l']",8,0.0,"[1, 5, 10, 20, 27, 21, 22, 3, 14, 2, 0, 0, 0]"
3595,<SOS>zula<EOS>       ,girl,"['z', 'u', 'l', 'a']",4,0.0,"[1, 28, 23, 14, 3, 2, 0, 0, 0, 0, 0, 0, 0]"
91,<SOS>alex<EOS>       ,boy,"['a', 'l', 'e', 'x']",4,1.0,"[1, 3, 14, 7, 26, 2, 0, 0, 0, 0, 0, 0, 0]"
4964,<SOS>clarine<EOS>    ,girl,"['c', 'l', 'a', 'r', 'i', 'n', 'e']",7,0.0,"[1, 5, 14, 3, 20, 11, 16, 7, 2, 0, 0, 0, 0]"
5938,<SOS>brianna<EOS>    ,girl,"['b', 'r', 'i', 'a', 'n', 'n', 'a']",7,0.0,"[1, 4, 20, 11, 3, 16, 16, 3, 2, 0, 0, 0, 0]"
6366,<SOS>kayli<EOS>      ,girl,"['k', 'a', 'y', 'l', 'i']",5,0.0,"[1, 13, 3, 27, 14, 11, 2, 0, 0, 0, 0, 0, 0]"
5824,<SOS>anika<EOS>      ,girl,"['a', 'n', 'i', 'k', 'a']",5,0.0,"[1, 3, 16, 11, 13, 3, 2, 0, 0, 0, 0, 0, 0]"
1077,<SOS>hall<EOS>       ,boy,"['h', 'a', 'l', 'l']",4,1.0,"[1, 10, 3, 14, 14, 2, 0, 0, 0, 0, 0, 0, 0]"
984,<SOS>irven<EOS>      ,boy,"['i', 'r', 'v', 'e', 'n']",5,1.0,"[1, 11, 20, 24, 7, 16, 2, 0, 0, 0, 0, 0, 0]"
644,<SOS>cullen<EOS>     ,boy,"['c', 'u', 'l', 'l', 'e', 'n']",6,1.0,"[1, 5, 23, 14, 14, 7, 16, 2, 0, 0, 0, 0, 0]"
3288,<SOS>mustafa<EOS>    ,boy,"['m', 'u', 's', 't', 'a', 'f', 'a']",7,1.0,"[1, 15, 23, 21, 22, 3, 8, 3, 2, 0, 0, 0, 0]"
5752,<SOS>julissa<EOS>    ,girl,"['j', 'u', 'l', 'i', 's', 's', 'a']",7,0.0,"[1, 12, 23, 14, 11, 21, 21, 3, 2, 0, 0, 0, 0]"
2064,<SOS>eleanor<EOS>    ,boy,"['e', 'l', 'e', 'a', 'n', 'o', 'r']",7,1.0,"[1, 7, 14, 7, 3, 16, 17, 20, 2, 0, 0, 0, 0]"
3637,<SOS>kathrine<EOS>   ,girl,"['k', 'a', 't', 'h', 'r', 'i', 'n', 'e']",8,0.0,"[1, 13, 3, 22, 10, 20, 11, 16, 7, 2, 0, 0, 0]"
6736,<SOS>jazlynn<EOS>    ,girl,"['j', 'a', 'z', 'l', 'y', 'n', 'n']",7,0.0,"[1, 12, 3, 28, 14, 27, 16, 16, 2, 0, 0, 0, 0]"
1284,<SOS>ewin<EOS>       ,boy,"['e', 'w', 'i', 'n']",4,1.0,"[1, 7, 25, 11, 16, 2, 0, 0, 0, 0, 0, 0, 0]"
3677,<SOS>ernestine<EOS>  ,girl,"['e', 'r', 'n', 'e', 's', 't', 'i', 'n', 'e']",9,0.0,"[1, 7, 20, 16, 7, 21, 22, 11, 16, 7, 2, 0, 0]"
5778,<SOS>tracee<EOS>     ,girl,"['t', 'r', 'a', 'c', 'e', 'e']",6,0.0,"[1, 22, 20, 3, 5, 7, 7, 2, 0, 0, 0, 0, 0]"
4438,<SOS>leontine<EOS>   ,girl,"['l', 'e', 'o', 'n', 't', 'i', 'n', 'e']",8,0.0,"[1, 14, 7, 17, 16, 22, 11, 16, 7, 2, 0, 0, 0]"
2593,<SOS>dylan<EOS>      ,boy,"['d', 'y', 'l', 'a', 'n']",5,1.0,"[1, 6, 27, 14, 3, 16, 2, 0, 0, 0, 0, 0, 0]"
17,<SOS>david<EOS>      ,boy,"['d', 'a', 'v', 'i', 'd']",5,1.0,"[1, 6, 3, 24, 11, 6, 2, 0, 0, 0, 0, 0, 0]"
1953,<SOS>regis<EOS>      ,boy,"['r', 'e', 'g', 'i', 's']",5,1.0,"[1, 20, 7, 9, 11, 21, 2, 0, 0, 0, 0, 0, 0]"
5943,<SOS>torie<EOS>      ,girl,"['t', 'o', 'r', 'i', 'e']",5,0.0,"[1, 22, 17, 20, 11, 7, 2, 0, 0, 0, 0, 0, 0]"
3920,<SOS>lidie<EOS>      ,girl,"['l', 'i', 'd', 'i', 'e']",5,0.0,"[1, 14, 11, 6, 11, 7, 2, 0, 0, 0, 0, 0, 0]"
5063,<SOS>oralia<EOS>     ,girl,"['o', 'r', 'a', 'l', 'i', 'a']",6,0.0,"[1, 17, 20, 3, 14, 11, 3, 2, 0, 0, 0, 0, 0]"
5163,<SOS>annamarie<EOS>  ,girl,"['a', 'n', 'n', 'a', 'm', 'a', 'r', 'i', 'e']",9,0.0,"[1, 3, 16, 16, 3, 15, 3, 20, 11, 7, 2, 0, 0]"
89,<SOS>jessie<EOS>     ,boy,"['j', 'e', 's', 's', 'i', 'e']",6,1.0,"[1, 12, 7, 21, 21, 11, 7, 2, 0, 0, 0, 0, 0]"
4014,<SOS>sabina<EOS>     ,girl,"['s', 'a', 'b', 'i', 'n', 'a']",6,0.0,"[1, 21, 3, 4, 11, 16, 3, 2, 0, 0, 0, 0, 0]"
3280,<SOS>gavyn<EOS>      ,boy,"['g', 'a', 'v', 'y', 'n']",5,1.0,"[1, 9, 3, 24, 27, 16, 2, 0, 0, 0, 0, 0, 0]"
4399,<SOS>jerusha<EOS>    ,girl,"['j', 'e', 'r', 'u', 's', 'h', 'a']",7,0.0,"[1, 12, 7, 20, 23, 21, 10, 3, 2, 0, 0, 0, 0]"
5616,<SOS>noelle<EOS>     ,girl,"['n', 'o', 'e', 'l', 'l', 'e']",6,0.0,"[1, 16, 17, 7, 14, 14, 7, 2, 0, 0, 0, 0, 0]"
2137,<SOS>normand<EOS>    ,boy,"['n', 'o', 'r', 'm', 'a', 'n', 'd']",7,1.0,"[1, 16, 17, 20, 15, 3, 16, 6, 2, 0, 0, 0, 0]"
1542,<SOS>wayland<EOS>    ,boy,"['w', 'a', 'y', 'l', 'a', 'n', 'd']",7,1.0,"[1, 25, 3, 27, 14, 3, 16, 6, 2, 0, 0, 0, 0]"
440,<SOS>steven<EOS>     ,boy,"['s', 't', 'e', 'v', 'e', 'n']",6,1.0,"[1, 21, 22, 7, 24, 7, 16, 2, 0, 0, 0, 0, 0]"
4812,<SOS>irine<EOS>      ,girl,"['i', 'r', 'i', 'n', 'e']",5,0.0,"[1, 11, 20, 11, 16, 7, 2, 0, 0, 0, 0, 0, 0]"
4662,<SOS>violette<EOS>   ,girl,"['v', 'i', 'o', 'l', 'e', 't', 't', 'e']",8,0.0,"[1, 24, 11, 17, 14, 7, 22, 22, 7, 2, 0, 0, 0]"
4699,<SOS>vivien<EOS>     ,girl,"['v', 'i', 'v', 'i', 'e', 'n']",6,0.0,"[1, 24, 11, 24, 11, 7, 16, 2, 0, 0, 0, 0, 0]"
2831,<SOS>christina<EOS>  ,boy,"['c', 'h', 'r', 'i', 's', 't', 'i', 'n', 'a']",9,1.0,"[1, 5, 10, 20, 11, 21, 22, 11, 16, 3, 2, 0, 0]"
2073,<SOS>othel<EOS>      ,boy,"['o', 't', 'h', 'e', 'l']",5,1.0,"[1, 17, 22, 10, 7, 14, 2, 0, 0, 0, 0, 0, 0]"
1759,<SOS>beulah<EOS>     ,boy,"['b', 'e', 'u', 'l', 'a', 'h']",6,1.0,"[1, 4, 7, 23, 14, 3, 10, 2, 0, 0, 0, 0, 0]"
6399,<SOS>tatianna<EOS>   ,girl,"['t', 'a', 't', 'i', 'a', 'n', 'n', 'a']",8,0.0,"[1, 22, 3, 22, 11, 3, 16, 16, 3, 2, 0, 0, 0]"
5970,<SOS>chante<EOS>     ,girl,"['c', 'h', 'a', 'n', 't', 'e']",6,0.0,"[1, 5, 10, 3, 16, 22, 7, 2, 0, 0, 0, 0, 0]"
806,<SOS>weaver<EOS>     ,boy,"['w', 'e', 'a', 'v', 'e', 'r']",6,1.0,"[1, 25, 7, 3, 24, 7, 20, 2, 0, 0, 0, 0, 0]"
2985,<SOS>rakeem<EOS>     ,boy,"['r', 'a', 'k', 'e', 'e', 'm']",6,1.0,"[1, 20, 3, 13, 7, 7, 15, 2, 0, 0, 0, 0, 0]"
5503,<SOS>tamra<EOS>      ,girl,"['t', 'a', 'm', 'r', 'a']",5,0.0,"[1, 22, 3, 15, 20, 3, 2, 0, 0, 0, 0, 0, 0]"
1168,<SOS>shannon<EOS>    ,boy,"['s', 'h', 'a', 'n', 'n', 'o', 'n']",7,1.0,"[1, 21, 10, 3, 16, 16, 17, 16, 2, 0, 0, 0, 0]"
3760,<SOS>aline<EOS>      ,girl,"['a', 'l', 'i', 'n', 'e']",5,0.0,"[1, 3, 14, 11, 16, 7, 2, 0, 0, 0, 0, 0, 0]"
1617,<SOS>virgie<EOS>     ,boy,"['v', 'i', 'r', 'g', 'i', 'e']",6,1.0,"[1, 24, 11, 20, 9, 11, 7, 2, 0, 0, 0, 0, 0]"
1786,<SOS>arvel<EOS>      ,boy,"['a', 'r', 'v', 'e', 'l']",5,1.0,"[1, 3, 20, 24, 7, 14, 2, 0, 0, 0, 0, 0, 0]"
694,<SOS>crawford<EOS>   ,boy,"['c', 'r', 'a', 'w', 'f', 'o', 'r', 'd']",8,1.0,"[1, 5, 20, 3, 25, 8, 17, 20, 6, 2, 0, 0, 0]"
4440,<SOS>litha<EOS>      ,girl,"['l', 'i', 't', 'h', 'a']",5,0.0,"[1, 14, 11, 22, 10, 3, 2, 0, 0, 0, 0, 0, 0]"
4390,<SOS>fannye<EOS>     ,girl,"['f', 'a', 'n', 'n', 'y', 'e']",6,0.0,"[1, 8, 3, 16, 16, 27, 7, 2, 0, 0, 0, 0, 0]"
1204,<SOS>hosie<EOS>      ,boy,"['h', 'o', 's', 'i', 'e']",5,1.0,"[1, 10, 17, 21, 11, 7, 2, 0, 0, 0, 0, 0, 0]"
5034,<SOS>hortensia<EOS>  ,girl,"['h', 'o', 'r', 't', 'e', 'n', 's', 'i', 'a']",9,0.0,"[1, 10, 17, 20, 22, 7, 16, 21, 11, 3, 2, 0, 0]"
4408,<SOS>nelie<EOS>      ,girl,"['n', 'e', 'l', 'i', 'e']",5,0.0,"[1, 16, 7, 14, 11, 7, 2, 0, 0, 0, 0, 0, 0]"
6576,<SOS>iyana<EOS>      ,girl,"['i', 'y', 'a', 'n', 'a']",5,0.0,"[1, 11, 27, 3, 16, 3, 2, 0, 0, 0, 0, 0, 0]"
1772,<SOS>luster<EOS>     ,boy,"['l', 'u', 's', 't', 'e', 'r']",6,1.0,"[1, 14, 23, 21, 22, 7, 20, 2, 0, 0, 0, 0, 0]"
420,<SOS>rolla<EOS>      ,boy,"['r', 'o', 'l', 'l', 'a']",5,1.0,"[1, 20, 17, 14, 14, 3, 2, 0, 0, 0, 0, 0, 0]"
4717,<SOS>adel<EOS>       ,girl,"['a', 'd', 'e', 'l']",4,0.0,"[1, 3, 6, 7, 14, 2, 0, 0, 0, 0, 0, 0, 0]"
4578,<SOS>thekla<EOS>     ,girl,"['t', 'h', 'e', 'k', 'l', 'a']",6,0.0,"[1, 22, 10, 7, 13, 14, 3, 2, 0, 0, 0, 0, 0]"
6765,<SOS>raelynn<EOS>    ,girl,"['r', 'a', 'e', 'l', 'y', 'n', 'n']",7,0.0,"[1, 20, 3, 7, 14, 27, 16, 16, 2, 0, 0, 0, 0]"
1143,<SOS>less<EOS>       ,boy,"['l', 'e', 's', 's']",4,1.0,"[1, 14, 7, 21, 21, 2, 0, 0, 0, 0, 0, 0, 0]"
3069,<SOS>colter<EOS>     ,boy,"['c', 'o', 'l', 't', 'e', 'r']",6,1.0,"[1, 5, 17, 14, 22, 7, 20, 2, 0, 0, 0, 0, 0]"
856,<SOS>gary<EOS>       ,boy,"['g', 'a', 'r', 'y']",4,1.0,"[1, 9, 3, 20, 27, 2, 0, 0, 0, 0, 0, 0, 0]"
651,<SOS>finis<EOS>      ,boy,"['f', 'i', 'n', 'i', 's']",5,1.0,"[1, 8, 11, 16, 11, 21, 2, 0, 0, 0, 0, 0, 0]"
6436,<SOS>xena<EOS>       ,girl,"['x', 'e', 'n', 'a']",4,0.0,"[1, 26, 7, 16, 3, 2, 0, 0, 0, 0, 0, 0, 0]"
6487,<SOS>yulisa<EOS>     ,girl,"['y', 'u', 'l', 'i', 's', 'a']",6,0.0,"[1, 27, 23, 14, 11, 21, 3, 2, 0, 0, 0, 0, 0]"
382,<SOS>dallas<EOS>     ,boy,"['d', 'a', 'l', 'l', 'a', 's']",6,1.0,"[1, 6, 3, 14, 14, 3, 21, 2, 0, 0, 0, 0, 0]"
3978,<SOS>evaline<EOS>    ,girl,"['e', 'v', 'a', 'l', 'i', 'n', 'e']",7,0.0,"[1, 7, 24, 3, 14, 11, 16, 7, 2, 0, 0, 0, 0]"
3912,<SOS>grayce<EOS>     ,girl,"['g', 'r', 'a', 'y', 'c', 'e']",6,0.0,"[1, 9, 20, 3, 27, 5, 7, 2, 0, 0, 0, 0, 0]"
5930,<SOS>shayna<EOS>     ,girl,"['s', 'h', 'a', 'y', 'n', 'a']",6,0.0,"[1, 21, 10, 3, 27, 16, 3, 2, 0, 0, 0, 0, 0]"
1692,<SOS>conard<EOS>     ,boy,"['c', 'o', 'n', 'a', 'r', 'd']",6,1.0,"[1, 5, 17, 16, 3, 20, 6, 2, 0, 0, 0, 0, 0]"
6002,<SOS>precious<EOS>   ,girl,"['p', 'r', 'e', 'c', 'i', 'o', 'u', 's']",8,0.0,"[1, 18, 20, 7, 5, 11, 17, 23, 21, 2, 0, 0, 0]"
3400,<SOS>jaydan<EOS>     ,boy,"['j', 'a', 'y', 'd', 'a', 'n']",6,1.0,"[1, 12, 3, 27, 6, 3, 16, 2, 0, 0, 0, 0, 0]"
3526,<SOS>lida<EOS>       ,girl,"['l', 'i', 'd', 'a']",4,0.0,"[1, 14, 11, 6, 3, 2, 0, 0, 0, 0, 0, 0, 0]"
516,<SOS>oren<EOS>       ,boy,"['o', 'r', 'e', 'n']",4,1.0,"[1, 17, 20, 7, 16, 2, 0, 0, 0, 0, 0, 0, 0]"
5707,<SOS>carri<EOS>      ,girl,"['c', 'a', 'r', 'r', 'i']",5,0.0,"[1, 5, 3, 20, 20, 11, 2, 0, 0, 0, 0, 0, 0]"
778,<SOS>jennie<EOS>     ,boy,"['j', 'e', 'n', 'n', 'i', 'e']",6,1.0,"[1, 12, 7, 16, 16, 11, 7, 2, 0, 0, 0, 0, 0]"
3664,<SOS>dona<EOS>       ,girl,"['d', 'o', 'n', 'a']",4,0.0,"[1, 6, 17, 16, 3, 2, 0, 0, 0, 0, 0, 0, 0]"
1524,<SOS>gorden<EOS>     ,boy,"['g', 'o', 'r', 'd', 'e', 'n']",6,1.0,"[1, 9, 17, 20, 6, 7, 16, 2, 0, 0, 0, 0, 0]"
5949,<SOS>talia<EOS>      ,girl,"['t', 'a', 'l', 'i', 'a']",5,0.0,"[1, 22, 3, 14, 11, 3, 2, 0, 0, 0, 0, 0, 0]"
3231,<SOS>karson<EOS>     ,boy,"['k', 'a', 'r', 's', 'o', 'n']",6,1.0,"[1, 13, 3, 20, 21, 17, 16, 2, 0, 0, 0, 0, 0]"
6247,<SOS>danika<EOS>     ,girl,"['d', 'a', 'n', 'i', 'k', 'a']",6,0.0,"[1, 6, 3, 16, 11, 13, 3, 2, 0, 0, 0, 0, 0]"
1165,<SOS>robin<EOS>      ,boy,"['r', 'o', 'b', 'i', 'n']",5,1.0,"[1, 20, 17, 4, 11, 16, 2, 0, 0, 0, 0, 0, 0]"
3581,<SOS>lorena<EOS>     ,girl,"['l', 'o', 'r', 'e', 'n', 'a']",6,0.0,"[1, 14, 17, 20, 7, 16, 3, 2, 0, 0, 0, 0, 0]"
1768,<SOS>mayo<EOS>       ,boy,"['m', 'a', 'y', 'o']",4,1.0,"[1, 15, 3, 27, 17, 2, 0, 0, 0, 0, 0, 0, 0]"
2192,<SOS>lindy<EOS>      ,boy,"['l', 'i', 'n', 'd', 'y']",5,1.0,"[1, 14, 11, 16, 6, 27, 2, 0, 0, 0, 0, 0, 0]"
227,<SOS>grant<EOS>      ,boy,"['g', 'r', 'a', 'n', 't']",5,1.0,"[1, 9, 20, 3, 16, 22, 2, 0, 0, 0, 0, 0, 0]"
5191,<SOS>deana<EOS>      ,girl,"['d', 'e', 'a', 'n', 'a']",5,0.0,"[1, 6, 7, 3, 16, 3, 2, 0, 0, 0, 0, 0, 0]"
2367,<SOS>chad<EOS>       ,boy,"['c', 'h', 'a', 'd']",4,1.0,"[1, 5, 10, 3, 6, 2, 0, 0, 0, 0, 0, 0, 0]"
1969,<SOS>doll<EOS>       ,boy,"['d', 'o', 'l', 'l']",4,1.0,"[1, 6, 17, 14, 14, 2, 0, 0, 0, 0, 0, 0, 0]"
4371,<SOS>veva<EOS>       ,girl,"['v', 'e', 'v', 'a']",4,0.0,"[1, 24, 7, 24, 3, 2, 0, 0, 0, 0, 0, 0, 0]"
6474,<SOS>kaylan<EOS>     ,girl,"['k', 'a', 'y', 'l', 'a', 'n']",6,0.0,"[1, 13, 3, 27, 14, 3, 16, 2, 0, 0, 0, 0, 0]"
5467,<SOS>taryn<EOS>      ,girl,"['t', 'a', 'r', 'y', 'n']",5,0.0,"[1, 22, 3, 20, 27, 16, 2, 0, 0, 0, 0, 0, 0]"
1273,<SOS>dionicio<EOS>   ,boy,"['d', 'i', 'o', 'n', 'i', 'c', 'i', 'o']",8,1.0,"[1, 6, 11, 17, 16, 11, 5, 11, 17, 2, 0, 0, 0]"
4974,<SOS>willene<EOS>    ,girl,"['w', 'i', 'l', 'l', 'e', 'n', 'e']",7,0.0,"[1, 25, 11, 14, 14, 7, 16, 7, 2, 0, 0, 0, 0]"
4716,<SOS>trilby<EOS>     ,girl,"['t', 'r', 'i', 'l', 'b', 'y']",6,0.0,"[1, 22, 20, 11, 14, 4, 27, 2, 0, 0, 0, 0, 0]"
6747,<SOS>alyvia<EOS>     ,girl,"['a', 'l', 'y', 'v', 'i', 'a']",6,0.0,"[1, 3, 14, 27, 24, 11, 3, 2, 0, 0, 0, 0, 0]"
6642,<SOS>amiyah<EOS>     ,girl,"['a', 'm', 'i', 'y', 'a', 'h']",6,0.0,"[1, 3, 15, 11, 27, 3, 10, 2, 0, 0, 0, 0, 0]"
4463,<SOS>frederica<EOS>  ,girl,"['f', 'r', 'e', 'd', 'e', 'r', 'i', 'c', 'a']",9,0.0,"[1, 8, 20, 7, 6, 7, 20, 11, 5, 3, 2, 0, 0]"
5873,<SOS>nikia<EOS>      ,girl,"['n', 'i', 'k', 'i', 'a']",5,0.0,"[1, 16, 11, 13, 11, 3, 2, 0, 0, 0, 0, 0, 0]"
2329,<SOS>judy<EOS>       ,boy,"['j', 'u', 'd', 'y']",4,1.0,"[1, 12, 23, 6, 27, 2, 0, 0, 0, 0, 0, 0, 0]"
5674,<SOS>lia<EOS>        ,girl,"['l', 'i', 'a']",3,0.0,"[1, 14, 11, 3, 2, 0, 0, 0, 0, 0, 0, 0, 0]"
2914,<SOS>channing<EOS>   ,boy,"['c', 'h', 'a', 'n', 'n', 'i', 'n', 'g']",8,1.0,"[1, 5, 10, 3, 16, 16, 11, 16, 9, 2, 0, 0, 0]"
4409,<SOS>olena<EOS>      ,girl,"['o', 'l', 'e', 'n', 'a']",5,0.0,"[1, 17, 14, 7, 16, 3, 2, 0, 0, 0, 0, 0, 0]"
3384,<SOS>landin<EOS>     ,boy,"['l', 'a', 'n', 'd', 'i', 'n']",6,1.0,"[1, 14, 3, 16, 6, 11, 16, 2, 0, 0, 0, 0, 0]"
4916,<SOS>dawn<EOS>       ,girl,"['d', 'a', 'w', 'n']",4,0.0,"[1, 6, 3, 25, 16, 2, 0, 0, 0, 0, 0, 0, 0]"
2735,<SOS>chadrick<EOS>   ,boy,"['c', 'h', 'a', 'd', 'r', 'i', 'c', 'k']",8,1.0,"[1, 5, 10, 3, 6, 20, 11, 5, 13, 2, 0, 0, 0]"
3383,<SOS>santana<EOS>    ,boy,"['s', 'a', 'n', 't', 'a', 'n', 'a']",7,1.0,"[1, 21, 3, 16, 22, 3, 16, 3, 2, 0, 0, 0, 0]"
4117,<SOS>aggie<EOS>      ,girl,"['a', 'g', 'g', 'i', 'e']",5,0.0,"[1, 3, 9, 9, 11, 7, 2, 0, 0, 0, 0, 0, 0]"
3156,<SOS>dominik<EOS>    ,boy,"['d', 'o', 'm', 'i', 'n', 'i', 'k']",7,1.0,"[1, 6, 17, 15, 11, 16, 11, 13, 2, 0, 0, 0, 0]"
3428,<SOS>geovanni<EOS>   ,boy,"['g', 'e', 'o', 'v', 'a', 'n', 'n', 'i']",8,1.0,"[1, 9, 7, 17, 24, 3, 16, 16, 11, 2, 0, 0, 0]"
4085,<SOS>natalie<EOS>    ,girl,"['n', 'a', 't', 'a', 'l', 'i', 'e']",7,0.0,"[1, 16, 3, 22, 3, 14, 11, 7, 2, 0, 0, 0, 0]"
532,<SOS>benjaman<EOS>   ,boy,"['b', 'e', 'n', 'j', 'a', 'm', 'a', 'n']",8,1.0,"[1, 4, 7, 16, 12, 3, 15, 3, 16, 2, 0, 0, 0]"
428,<SOS>cary<EOS>       ,boy,"['c', 'a', 'r', 'y']",4,1.0,"[1, 5, 3, 20, 27, 2, 0, 0, 0, 0, 0, 0, 0]"
3910,<SOS>gina<EOS>       ,girl,"['g', 'i', 'n', 'a']",4,0.0,"[1, 9, 11, 16, 3, 2, 0, 0, 0, 0, 0, 0, 0]"
2556,<SOS>stoney<EOS>     ,boy,"['s', 't', 'o', 'n', 'e', 'y']",6,1.0,"[1, 21, 22, 17, 16, 7, 27, 2, 0, 0, 0, 0, 0]"
4283,<SOS>arta<EOS>       ,girl,"['a', 'r', 't', 'a']",4,0.0,"[1, 3, 20, 22, 3, 2, 0, 0, 0, 0, 0, 0, 0]"
3199,<SOS>tyrik<EOS>      ,boy,"['t', 'y', 'r', 'i', 'k']",5,1.0,"[1, 22, 27, 20, 11, 13, 2, 0, 0, 0, 0, 0, 0]"
6626,<SOS>samira<EOS>     ,girl,"['s', 'a', 'm', 'i', 'r', 'a']",6,0.0,"[1, 21, 3, 15, 11, 20, 3, 2, 0, 0, 0, 0, 0]"
4013,<SOS>phyllis<EOS>    ,girl,"['p', 'h', 'y', 'l', 'l', 'i', 's']",7,0.0,"[1, 18, 10, 27, 14, 14, 11, 21, 2, 0, 0, 0, 0]"
2852,<SOS>justen<EOS>     ,boy,"['j', 'u', 's', 't', 'e', 'n']",6,1.0,"[1, 12, 23, 21, 22, 7, 16, 2, 0, 0, 0, 0, 0]"
2458,<SOS>demetrius<EOS>  ,boy,"['d', 'e', 'm', 'e', 't', 'r', 'i', 'u', 's']",9,1.0,"[1, 6, 7, 15, 7, 22, 20, 11, 23, 21, 2, 0, 0]"
111,<SOS>franklin<EOS>   ,boy,"['f', 'r', 'a', 'n', 'k', 'l', 'i', 'n']",8,1.0,"[1, 8, 20, 3, 16, 13, 14, 11, 16, 2, 0, 0, 0]"
1088,<SOS>orlo<EOS>       ,boy,"['o', 'r', 'l', 'o']",4,1.0,"[1, 17, 20, 14, 17, 2, 0, 0, 0, 0, 0, 0, 0]"
6155,<SOS>porsha<EOS>     ,girl,"['p', 'o', 'r', 's', 'h', 'a']",6,0.0,"[1, 18, 17, 20, 21, 10, 3, 2, 0, 0, 0, 0, 0]"
1317,<SOS>mabel<EOS>      ,boy,"['m', 'a', 'b', 'e', 'l']",5,1.0,"[1, 15, 3, 4, 7, 14, 2, 0, 0, 0, 0, 0, 0]"
6583,<SOS>nayely<EOS>     ,girl,"['n', 'a', 'y', 'e', 'l', 'y']",6,0.0,"[1, 16, 3, 27, 7, 14, 27, 2, 0, 0, 0, 0, 0]"
4646,<SOS>hildred<EOS>    ,girl,"['h', 'i', 'l', 'd', 'r', 'e', 'd']",7,0.0,"[1, 10, 11, 14, 6, 20, 7, 6, 2, 0, 0, 0, 0]"
3462,<SOS>sophia<EOS>     ,girl,"['s', 'o', 'p', 'h', 'i', 'a']",6,0.0,"[1, 21, 17, 18, 10, 11, 3, 2, 0, 0, 0, 0, 0]"
5351,<SOS>regena<EOS>     ,girl,"['r', 'e', 'g', 'e', 'n', 'a']",6,0.0,"[1, 20, 7, 9, 7, 16, 3, 2, 0, 0, 0, 0, 0]"
848,<SOS>eliza<EOS>      ,boy,"['e', 'l', 'i', 'z', 'a']",5,1.0,"[1, 7, 14, 11, 28, 3, 2, 0, 0, 0, 0, 0, 0]"
5823,<SOS>lakesha<EOS>    ,girl,"['l', 'a', 'k', 'e', 's', 'h', 'a']",7,0.0,"[1, 14, 3, 13, 7, 21, 10, 3, 2, 0, 0, 0, 0]"
4980,<SOS>rochelle<EOS>   ,girl,"['r', 'o', 'c', 'h', 'e', 'l', 'l', 'e']",8,0.0,"[1, 20, 17, 5, 10, 7, 14, 14, 7, 2, 0, 0, 0]"
3346,<SOS>matias<EOS>     ,boy,"['m', 'a', 't', 'i', 'a', 's']",6,1.0,"[1, 15, 3, 22, 11, 3, 21, 2, 0, 0, 0, 0, 0]"
3439,<SOS>nettie<EOS>     ,girl,"['n', 'e', 't', 't', 'i', 'e']",6,0.0,"[1, 16, 7, 22, 22, 11, 7, 2, 0, 0, 0, 0, 0]"
1420,<SOS>purl<EOS>       ,boy,"['p', 'u', 'r', 'l']",4,1.0,"[1, 18, 23, 20, 14, 2, 0, 0, 0, 0, 0, 0, 0]"
5812,<SOS>catina<EOS>     ,girl,"['c', 'a', 't', 'i', 'n', 'a']",6,0.0,"[1, 5, 3, 22, 11, 16, 3, 2, 0, 0, 0, 0, 0]"
2341,<SOS>walt<EOS>       ,boy,"['w', 'a', 'l', 't']",4,1.0,"[1, 25, 3, 14, 22, 2, 0, 0, 0, 0, 0, 0, 0]"
3411,<SOS>kamryn<EOS>     ,boy,"['k', 'a', 'm', 'r', 'y', 'n']",6,1.0,"[1, 13, 3, 15, 20, 27, 16, 2, 0, 0, 0, 0, 0]"
4395,<SOS>helga<EOS>      ,girl,"['h', 'e', 'l', 'g', 'a']",5,0.0,"[1, 10, 7, 14, 9, 3, 2, 0, 0, 0, 0, 0, 0]"
2327,<SOS>erik<EOS>       ,boy,"['e', 'r', 'i', 'k']",4,1.0,"[1, 7, 20, 11, 13, 2, 0, 0, 0, 0, 0, 0, 0]"
6031,<SOS>chimere<EOS>    ,girl,"['c', 'h', 'i', 'm', 'e', 'r', 'e']",7,0.0,"[1, 5, 10, 11, 15, 7, 20, 7, 2, 0, 0, 0, 0]"
1477,<SOS>orland<EOS>     ,boy,"['o', 'r', 'l', 'a', 'n', 'd']",6,1.0,"[1, 17, 20, 14, 3, 16, 6, 2, 0, 0, 0, 0, 0]"
2574,<SOS>deric<EOS>      ,boy,"['d', 'e', 'r', 'i', 'c']",5,1.0,"[1, 6, 7, 20, 11, 5, 2, 0, 0, 0, 0, 0, 0]"
1677,<SOS>eduardo<EOS>    ,boy,"['e', 'd', 'u', 'a', 'r', 'd', 'o']",7,1.0,"[1, 7, 6, 23, 3, 20, 6, 17, 2, 0, 0, 0, 0]"
4560,<SOS>leonor<EOS>     ,girl,"['l', 'e', 'o', 'n', 'o', 'r']",6,0.0,"[1, 14, 7, 17, 16, 17, 20, 2, 0, 0, 0, 0, 0]"
5837,<SOS>griselda<EOS>   ,girl,"['g', 'r', 'i', 's', 'e', 'l', 'd', 'a']",8,0.0,"[1, 9, 20, 11, 21, 7, 14, 6, 3, 2, 0, 0, 0]"
6538,<SOS>shyla<EOS>      ,girl,"['s', 'h', 'y', 'l', 'a']",5,0.0,"[1, 21, 10, 27, 14, 3, 2, 0, 0, 0, 0, 0, 0]"
6126,<SOS>alyse<EOS>      ,girl,"['a', 'l', 'y', 's', 'e']",5,0.0,"[1, 3, 14, 27, 21, 7, 2, 0, 0, 0, 0, 0, 0]"
2209,<SOS>dolores<EOS>    ,boy,"['d', 'o', 'l', 'o', 'r', 'e', 's']",7,1.0,"[1, 6, 17, 14, 17, 20, 7, 21, 2, 0, 0, 0, 0]"
5919,<SOS>tennille<EOS>   ,girl,"['t', 'e', 'n', 'n', 'i', 'l', 'l', 'e']",8,0.0,"[1, 22, 7, 16, 16, 11, 14, 14, 7, 2, 0, 0, 0]"
966,<SOS>gregory<EOS>    ,boy,"['g', 'r', 'e', 'g', 'o', 'r', 'y']",7,1.0,"[1, 9, 20, 7, 9, 17, 20, 27, 2, 0, 0, 0, 0]"
1597,<SOS>laurel<EOS>     ,boy,"['l', 'a', 'u', 'r', 'e', 'l']",6,1.0,"[1, 14, 3, 23, 20, 7, 14, 2, 0, 0, 0, 0, 0]"
3406,<SOS>nikolai<EOS>    ,boy,"['n', 'i', 'k', 'o', 'l', 'a', 'i']",7,1.0,"[1, 16, 11, 13, 17, 14, 3, 11, 2, 0, 0, 0, 0]"
5352,<SOS>denice<EOS>     ,girl,"['d', 'e', 'n', 'i', 'c', 'e']",6,0.0,"[1, 6, 7, 16, 11, 5, 7, 2, 0, 0, 0, 0, 0]"
914,<SOS>alvia<EOS>      ,boy,"['a', 'l', 'v', 'i', 'a']",5,1.0,"[1, 3, 14, 24, 11, 3, 2, 0, 0, 0, 0, 0, 0]"
4176,<SOS>exie<EOS>       ,girl,"['e', 'x', 'i', 'e']",4,0.0,"[1, 7, 26, 11, 7, 2, 0, 0, 0, 0, 0, 0, 0]"
2157,<SOS>rayburn<EOS>    ,boy,"['r', 'a', 'y', 'b', 'u', 'r', 'n']",7,1.0,"[1, 20, 3, 27, 4, 23, 20, 16, 2, 0, 0, 0, 0]"
180,<SOS>harley<EOS>     ,boy,"['h', 'a', 'r', 'l', 'e', 'y']",6,1.0,"[1, 10, 3, 20, 14, 7, 27, 2, 0, 0, 0, 0, 0]"
4276,<SOS>amalie<EOS>     ,girl,"['a', 'm', 'a', 'l', 'i', 'e']",6,0.0,"[1, 3, 15, 3, 14, 11, 7, 2, 0, 0, 0, 0, 0]"
3645,<SOS>elsa<EOS>       ,girl,"['e', 'l', 's', 'a']",4,0.0,"[1, 7, 14, 21, 3, 2, 0, 0, 0, 0, 0, 0, 0]"
6480,<SOS>savana<EOS>     ,girl,"['s', 'a', 'v', 'a', 'n', 'a']",6,0.0,"[1, 21, 3, 24, 3, 16, 3, 2, 0, 0, 0, 0, 0]"
2691,<SOS>deandre<EOS>    ,boy,"['d', 'e', 'a', 'n', 'd', 'r', 'e']",7,1.0,"[1, 6, 7, 3, 16, 6, 20, 7, 2, 0, 0, 0, 0]"
5966,<SOS>adrianna<EOS>   ,girl,"['a', 'd', 'r', 'i', 'a', 'n', 'n', 'a']",8,0.0,"[1, 3, 6, 20, 11, 3, 16, 16, 3, 2, 0, 0, 0]"
6239,<SOS>mikayla<EOS>    ,girl,"['m', 'i', 'k', 'a', 'y', 'l', 'a']",7,0.0,"[1, 15, 11, 13, 3, 27, 14, 3, 2, 0, 0, 0, 0]"
417,<SOS>merritt<EOS>    ,boy,"['m', 'e', 'r', 'r', 'i', 't', 't']",7,1.0,"[1, 15, 7, 20, 20, 11, 22, 22, 2, 0, 0, 0, 0]"
2615,<SOS>giuseppe<EOS>   ,boy,"['g', 'i', 'u', 's', 'e', 'p', 'p', 'e']",8,1.0,"[1, 9, 11, 23, 21, 7, 18, 18, 7, 2, 0, 0, 0]"
1990,<SOS>sammy<EOS>      ,boy,"['s', 'a', 'm', 'm', 'y']",5,1.0,"[1, 21, 3, 15, 15, 27, 2, 0, 0, 0, 0, 0, 0]"
1272,<SOS>cortez<EOS>     ,boy,"['c', 'o', 'r', 't', 'e', 'z']",6,1.0,"[1, 5, 17, 20, 22, 7, 28, 2, 0, 0, 0, 0, 0]"
727,<SOS>press<EOS>      ,boy,"['p', 'r', 'e', 's', 's']",5,1.0,"[1, 18, 20, 7, 21, 21, 2, 0, 0, 0, 0, 0, 0]"
2577,<SOS>shon<EOS>       ,boy,"['s', 'h', 'o', 'n']",4,1.0,"[1, 21, 10, 17, 16, 2, 0, 0, 0, 0, 0, 0, 0]"
6405,<SOS>jayla<EOS>      ,girl,"['j', 'a', 'y', 'l', 'a']",5,0.0,"[1, 12, 3, 27, 14, 3, 2, 0, 0, 0, 0, 0, 0]"
4914,<SOS>antionette<EOS> ,girl,"['a', 'n', 't', 'i', 'o', 'n', 'e', 't', 't', 'e']",10,0.0,"[1, 3, 16, 22, 11, 17, 16, 7, 22, 22, 7, 2, 0]"
1231,<SOS>gerhard<EOS>    ,boy,"['g', 'e', 'r', 'h', 'a', 'r', 'd']",7,1.0,"[1, 9, 7, 20, 10, 3, 20, 6, 2, 0, 0, 0, 0]"
414,<SOS>jonathan<EOS>   ,boy,"['j', 'o', 'n', 'a', 't', 'h', 'a', 'n']",8,1.0,"[1, 12, 17, 16, 3, 22, 10, 3, 16, 2, 0, 0, 0]"
4396,<SOS>iza<EOS>        ,girl,"['i', 'z', 'a']",3,0.0,"[1, 11, 28, 3, 2, 0, 0, 0, 0, 0, 0, 0, 0]"
652,<SOS>freddie<EOS>    ,boy,"['f', 'r', 'e', 'd', 'd', 'i', 'e']",7,1.0,"[1, 8, 20, 7, 6, 6, 11, 7, 2, 0, 0, 0, 0]"
6337,<SOS>kenia<EOS>      ,girl,"['k', 'e', 'n', 'i', 'a']",5,0.0,"[1, 13, 7, 16, 11, 3, 2, 0, 0, 0, 0, 0, 0]"
3030,<SOS>brayden<EOS>    ,boy,"['b', 'r', 'a', 'y', 'd', 'e', 'n']",7,1.0,"[1, 4, 20, 3, 27, 6, 7, 16, 2, 0, 0, 0, 0]"
3899,<SOS>dillie<EOS>     ,girl,"['d', 'i', 'l', 'l', 'i', 'e']",6,0.0,"[1, 6, 11, 14, 14, 11, 7, 2, 0, 0, 0, 0, 0]"
3812,<SOS>althea<EOS>     ,girl,"['a', 'l', 't', 'h', 'e', 'a']",6,0.0,"[1, 3, 14, 22, 10, 7, 3, 2, 0, 0, 0, 0, 0]"
4727,<SOS>zeta<EOS>       ,girl,"['z', 'e', 't', 'a']",4,0.0,"[1, 28, 7, 22, 3, 2, 0, 0, 0, 0, 0, 0, 0]"
4615,<SOS>ebba<EOS>       ,girl,"['e', 'b', 'b', 'a']",4,0.0,"[1, 7, 4, 4, 3, 2, 0, 0, 0, 0, 0, 0, 0]"
1876,<SOS>rossie<EOS>     ,boy,"['r', 'o', 's', 's', 'i', 'e']",6,1.0,"[1, 20, 17, 21, 21, 11, 7, 2, 0, 0, 0, 0, 0]"
5619,<SOS>anjanette<EOS>  ,girl,"['a', 'n', 'j', 'a', 'n', 'e', 't', 't', 'e']",9,0.0,"[1, 3, 16, 12, 3, 16, 7, 22, 22, 7, 2, 0, 0]"
1934,<SOS>lupe<EOS>       ,boy,"['l', 'u', 'p', 'e']",4,1.0,"[1, 14, 23, 18, 7, 2, 0, 0, 0, 0, 0, 0, 0]"
2715,<SOS>jermain<EOS>    ,boy,"['j', 'e', 'r', 'm', 'a', 'i', 'n']",7,1.0,"[1, 12, 7, 20, 15, 3, 11, 16, 2, 0, 0, 0, 0]"
2623,<SOS>brenden<EOS>    ,boy,"['b', 'r', 'e', 'n', 'd', 'e', 'n']",7,1.0,"[1, 4, 20, 7, 16, 6, 7, 16, 2, 0, 0, 0, 0]"
236,<SOS>clark<EOS>      ,boy,"['c', 'l', 'a', 'r', 'k']",5,1.0,"[1, 5, 14, 3, 20, 13, 2, 0, 0, 0, 0, 0, 0]"
2787,<SOS>muhammad<EOS>   ,boy,"['m', 'u', 'h', 'a', 'm', 'm', 'a', 'd']",8,1.0,"[1, 15, 23, 10, 3, 15, 15, 3, 6, 2, 0, 0, 0]"
256,<SOS>neal<EOS>       ,boy,"['n', 'e', 'a', 'l']",4,1.0,"[1, 16, 7, 3, 14, 2, 0, 0, 0, 0, 0, 0, 0]"
1758,<SOS>beryl<EOS>      ,boy,"['b', 'e', 'r', 'y', 'l']",5,1.0,"[1, 4, 7, 20, 27, 14, 2, 0, 0, 0, 0, 0, 0]"
6562,<SOS>maryam<EOS>     ,girl,"['m', 'a', 'r', 'y', 'a', 'm']",6,0.0,"[1, 15, 3, 20, 27, 3, 15, 2, 0, 0, 0, 0, 0]"
2512,<SOS>darin<EOS>      ,boy,"['d', 'a', 'r', 'i', 'n']",5,1.0,"[1, 6, 3, 20, 11, 16, 2, 0, 0, 0, 0, 0, 0]"
4219,<SOS>sofia<EOS>      ,girl,"['s', 'o', 'f', 'i', 'a']",5,0.0,"[1, 21, 17, 8, 11, 3, 2, 0, 0, 0, 0, 0, 0]"
4158,<SOS>eulah<EOS>      ,girl,"['e', 'u', 'l', 'a', 'h']",5,0.0,"[1, 7, 23, 14, 3, 10, 2, 0, 0, 0, 0, 0, 0]"
182,<SOS>timothy<EOS>    ,boy,"['t', 'i', 'm', 'o', 't', 'h', 'y']",7,1.0,"[1, 22, 11, 15, 17, 22, 10, 27, 2, 0, 0, 0, 0]"
1082,<SOS>marian<EOS>     ,boy,"['m', 'a', 'r', 'i', 'a', 'n']",6,1.0,"[1, 15, 3, 20, 11, 3, 16, 2, 0, 0, 0, 0, 0]"
5852,<SOS>aisha<EOS>      ,girl,"['a', 'i', 's', 'h', 'a']",5,0.0,"[1, 3, 11, 21, 10, 3, 2, 0, 0, 0, 0, 0, 0]"
6015,<SOS>kacy<EOS>       ,girl,"['k', 'a', 'c', 'y']",4,0.0,"[1, 13, 3, 5, 27, 2, 0, 0, 0, 0, 0, 0, 0]"
3101,<SOS>khari<EOS>      ,boy,"['k', 'h', 'a', 'r', 'i']",5,1.0,"[1, 13, 10, 3, 20, 11, 2, 0, 0, 0, 0, 0, 0]"
1217,<SOS>weston<EOS>     ,boy,"['w', 'e', 's', 't', 'o', 'n']",6,1.0,"[1, 25, 7, 21, 22, 17, 16, 2, 0, 0, 0, 0, 0]"
3377,<SOS>yandel<EOS>     ,boy,"['y', 'a', 'n', 'd', 'e', 'l']",6,1.0,"[1, 27, 3, 16, 6, 7, 14, 2, 0, 0, 0, 0, 0]"
4446,<SOS>thresa<EOS>     ,girl,"['t', 'h', 'r', 'e', 's', 'a']",6,0.0,"[1, 22, 10, 20, 7, 21, 3, 2, 0, 0, 0, 0, 0]"
3987,<SOS>jennette<EOS>   ,girl,"['j', 'e', 'n', 'n', 'e', 't', 't', 'e']",8,0.0,"[1, 12, 7, 16, 16, 7, 22, 22, 7, 2, 0, 0, 0]"
2361,<SOS>garey<EOS>      ,boy,"['g', 'a', 'r', 'e', 'y']",5,1.0,"[1, 9, 3, 20, 7, 27, 2, 0, 0, 0, 0, 0, 0]"
2154,<SOS>kennith<EOS>    ,boy,"['k', 'e', 'n', 'n', 'i', 't', 'h']",7,1.0,"[1, 13, 7, 16, 16, 11, 22, 10, 2, 0, 0, 0, 0]"
199,<SOS>asa<EOS>        ,boy,"['a', 's', 'a']",3,1.0,"[1, 3, 21, 3, 2, 0, 0, 0, 0, 0, 0, 0, 0]"
1850,<SOS>orris<EOS>      ,boy,"['o', 'r', 'r', 'i', 's']",5,1.0,"[1, 17, 20, 20, 11, 21, 2, 0, 0, 0, 0, 0, 0]"
5014,<SOS>lorrayne<EOS>   ,girl,"['l', 'o', 'r', 'r', 'a', 'y', 'n', 'e']",8,0.0,"[1, 14, 17, 20, 20, 3, 27, 16, 7, 2, 0, 0, 0]"
5948,<SOS>qiana<EOS>      ,girl,"['q', 'i', 'a', 'n', 'a']",5,0.0,"[1, 19, 11, 3, 16, 3, 2, 0, 0, 0, 0, 0, 0]"
134,<SOS>elijah<EOS>     ,boy,"['e', 'l', 'i', 'j', 'a', 'h']",6,1.0,"[1, 7, 14, 11, 12, 3, 10, 2, 0, 0, 0, 0, 0]"
5341,<SOS>tonia<EOS>      ,girl,"['t', 'o', 'n', 'i', 'a']",5,0.0,"[1, 22, 17, 16, 11, 3, 2, 0, 0, 0, 0, 0, 0]"
3155,<SOS>abdullah<EOS>   ,boy,"['a', 'b', 'd', 'u', 'l', 'l', 'a', 'h']",8,1.0,"[1, 3, 4, 6, 23, 14, 14, 3, 10, 2, 0, 0, 0]"
3063,<SOS>dalvin<EOS>     ,boy,"['d', 'a', 'l', 'v', 'i', 'n']",6,1.0,"[1, 6, 3, 14, 24, 11, 16, 2, 0, 0, 0, 0, 0]"
6753,<SOS>allisson<EOS>   ,girl,"['a', 'l', 'l', 'i', 's', 's', 'o', 'n']",8,0.0,"[1, 3, 14, 14, 11, 21, 21, 17, 16, 2, 0, 0, 0]"
1967,<SOS>verna<EOS>      ,boy,"['v', 'e', 'r', 'n', 'a']",5,1.0,"[1, 24, 7, 20, 16, 3, 2, 0, 0, 0, 0, 0, 0]"
2597,<SOS>cedrick<EOS>    ,boy,"['c', 'e', 'd', 'r', 'i', 'c', 'k']",7,1.0,"[1, 5, 7, 6, 20, 11, 5, 13, 2, 0, 0, 0, 0]"
2648,<SOS>amy<EOS>        ,boy,"['a', 'm', 'y']",3,1.0,"[1, 3, 15, 27, 2, 0, 0, 0, 0, 0, 0, 0, 0]"
4266,<SOS>tiney<EOS>      ,girl,"['t', 'i', 'n', 'e', 'y']",5,0.0,"[1, 22, 11, 16, 7, 27, 2, 0, 0, 0, 0, 0, 0]"
2559,<SOS>trenton<EOS>    ,boy,"['t', 'r', 'e', 'n', 't', 'o', 'n']",7,1.0,"[1, 22, 20, 7, 16, 22, 17, 16, 2, 0, 0, 0, 0]"
1202,<SOS>harland<EOS>    ,boy,"['h', 'a', 'r', 'l', 'a', 'n', 'd']",7,1.0,"[1, 10, 3, 20, 14, 3, 16, 6, 2, 0, 0, 0, 0]"
5743,<SOS>dione<EOS>      ,girl,"['d', 'i', 'o', 'n', 'e']",5,0.0,"[1, 6, 11, 17, 16, 7, 2, 0, 0, 0, 0, 0, 0]"
1776,<SOS>bolden<EOS>     ,boy,"['b', 'o', 'l', 'd', 'e', 'n']",6,1.0,"[1, 4, 17, 14, 6, 7, 16, 2, 0, 0, 0, 0, 0]"
6173,<SOS>kortney<EOS>    ,girl,"['k', 'o', 'r', 't', 'n', 'e', 'y']",7,0.0,"[1, 13, 17, 20, 22, 16, 7, 27, 2, 0, 0, 0, 0]"
5807,<SOS>lashanda<EOS>   ,girl,"['l', 'a', 's', 'h', 'a', 'n', 'd', 'a']",8,0.0,"[1, 14, 3, 21, 10, 3, 16, 6, 3, 2, 0, 0, 0]"
509,<SOS>garrett<EOS>    ,boy,"['g', 'a', 'r', 'r', 'e', 't', 't']",7,1.0,"[1, 9, 3, 20, 20, 7, 22, 22, 2, 0, 0, 0, 0]"
5052,<SOS>jolene<EOS>     ,girl,"['j', 'o', 'l', 'e', 'n', 'e']",6,0.0,"[1, 12, 17, 14, 7, 16, 7, 2, 0, 0, 0, 0, 0]"
1206,<SOS>lora<EOS>       ,boy,"['l', 'o', 'r', 'a']",4,1.0,"[1, 14, 17, 20, 3, 2, 0, 0, 0, 0, 0, 0, 0]"
2047,<SOS>ardell<EOS>     ,boy,"['a', 'r', 'd', 'e', 'l', 'l']",6,1.0,"[1, 3, 20, 6, 7, 14, 14, 2, 0, 0, 0, 0, 0]"
6541,<SOS>izabella<EOS>   ,girl,"['i', 'z', 'a', 'b', 'e', 'l', 'l', 'a']",8,0.0,"[1, 11, 28, 3, 4, 7, 14, 14, 3, 2, 0, 0, 0]"
4032,<SOS>ana<EOS>        ,girl,"['a', 'n', 'a']",3,0.0,"[1, 3, 16, 3, 2, 0, 0, 0, 0, 0, 0, 0, 0]"
4552,<SOS>essa<EOS>       ,girl,"['e', 's', 's', 'a']",4,0.0,"[1, 7, 21, 21, 3, 2, 0, 0, 0, 0, 0, 0, 0]"
5424,<SOS>danette<EOS>    ,girl,"['d', 'a', 'n', 'e', 't', 't', 'e']",7,0.0,"[1, 6, 3, 16, 7, 22, 22, 7, 2, 0, 0, 0, 0]"
3299,<SOS>jaheem<EOS>     ,boy,"['j', 'a', 'h', 'e', 'e', 'm']",6,1.0,"[1, 12, 3, 10, 7, 7, 15, 2, 0, 0, 0, 0, 0]"
2320,<SOS>wilkie<EOS>     ,boy,"['w', 'i', 'l', 'k', 'i', 'e']",6,1.0,"[1, 25, 11, 14, 13, 11, 7, 2, 0, 0, 0, 0, 0]"
1604,<SOS>marie<EOS>      ,boy,"['m', 'a', 'r', 'i', 'e']",5,1.0,"[1, 15, 3, 20, 11, 7, 2, 0, 0, 0, 0, 0, 0]"
1122,<SOS>esequiel<EOS>   ,boy,"['e', 's', 'e', 'q', 'u', 'i', 'e', 'l']",8,1.0,"[1, 7, 21, 7, 19, 23, 11, 7, 14, 2, 0, 0, 0]"
3732,<SOS>loula<EOS>      ,girl,"['l', 'o', 'u', 'l', 'a']",5,0.0,"[1, 14, 17, 23, 14, 3, 2, 0, 0, 0, 0, 0, 0]"
1209,<SOS>nickolas<EOS>   ,boy,"['n', 'i', 'c', 'k', 'o', 'l', 'a', 's']",8,1.0,"[1, 16, 11, 5, 13, 17, 14, 3, 21, 2, 0, 0, 0]"
6241,<SOS>kirstie<EOS>    ,girl,"['k', 'i', 'r', 's', 't', 'i', 'e']",7,0.0,"[1, 13, 11, 20, 21, 22, 11, 7, 2, 0, 0, 0, 0]"
3143,<SOS>braeden<EOS>    ,boy,"['b', 'r', 'a', 'e', 'd', 'e', 'n']",7,1.0,"[1, 4, 20, 3, 7, 6, 7, 16, 2, 0, 0, 0, 0]"
4879,<SOS>vilma<EOS>      ,girl,"['v', 'i', 'l', 'm', 'a']",5,0.0,"[1, 24, 11, 14, 15, 3, 2, 0, 0, 0, 0, 0, 0]"
6169,<SOS>iliana<EOS>     ,girl,"['i', 'l', 'i', 'a', 'n', 'a']",6,0.0,"[1, 11, 14, 11, 3, 16, 3, 2, 0, 0, 0, 0, 0]"
1703,<SOS>sigurd<EOS>     ,boy,"['s', 'i', 'g', 'u', 'r', 'd']",6,1.0,"[1, 21, 11, 9, 23, 20, 6, 2, 0, 0, 0, 0, 0]"
731,<SOS>rich<EOS>       ,boy,"['r', 'i', 'c', 'h']",4,1.0,"[1, 20, 11, 5, 10, 2, 0, 0, 0, 0, 0, 0, 0]"
3287,<SOS>zavier<EOS>     ,boy,"['z', 'a', 'v', 'i', 'e', 'r']",6,1.0,"[1, 28, 3, 24, 11, 7, 20, 2, 0, 0, 0, 0, 0]"
3958,<SOS>carlotta<EOS>   ,girl,"['c', 'a', 'r', 'l', 'o', 't', 't', 'a']",8,0.0,"[1, 5, 3, 20, 14, 17, 22, 22, 3, 2, 0, 0, 0]"
5160,<SOS>marleen<EOS>    ,girl,"['m', 'a', 'r', 'l', 'e', 'e', 'n']",7,0.0,"[1, 15, 3, 20, 14, 7, 7, 16, 2, 0, 0, 0, 0]"
4403,<SOS>lynda<EOS>      ,girl,"['l', 'y', 'n', 'd', 'a']",5,0.0,"[1, 14, 27, 16, 6, 3, 2, 0, 0, 0, 0, 0, 0]"
5751,<SOS>sharonda<EOS>   ,girl,"['s', 'h', 'a', 'r', 'o', 'n', 'd', 'a']",8,0.0,"[1, 21, 10, 3, 20, 17, 16, 6, 3, 2, 0, 0, 0]"
2005,<SOS>raul<EOS>       ,boy,"['r', 'a', 'u', 'l']",4,1.0,"[1, 20, 3, 23, 14, 2, 0, 0, 0, 0, 0, 0, 0]"
3735,<SOS>mintie<EOS>     ,girl,"['m', 'i', 'n', 't', 'i', 'e']",6,0.0,"[1, 15, 11, 16, 22, 11, 7, 2, 0, 0, 0, 0, 0]"
3675,<SOS>alida<EOS>      ,girl,"['a', 'l', 'i', 'd', 'a']",5,0.0,"[1, 3, 14, 11, 6, 3, 2, 0, 0, 0, 0, 0, 0]"
3751,<SOS>jeanne<EOS>     ,girl,"['j', 'e', 'a', 'n', 'n', 'e']",6,0.0,"[1, 12, 7, 3, 16, 16, 7, 2, 0, 0, 0, 0, 0]"
296,<SOS>kenneth<EOS>    ,boy,"['k', 'e', 'n', 'n', 'e', 't', 'h']",7,1.0,"[1, 13, 7, 16, 16, 7, 22, 10, 2, 0, 0, 0, 0]"
1747,<SOS>reubin<EOS>     ,boy,"['r', 'e', 'u', 'b', 'i', 'n']",6,1.0,"[1, 20, 7, 23, 4, 11, 16, 2, 0, 0, 0, 0, 0]"
1485,<SOS>atha<EOS>       ,boy,"['a', 't', 'h', 'a']",4,1.0,"[1, 3, 22, 10, 3, 2, 0, 0, 0, 0, 0, 0, 0]"
4061,<SOS>isadora<EOS>    ,girl,"['i', 's', 'a', 'd', 'o', 'r', 'a']",7,0.0,"[1, 11, 21, 3, 6, 17, 20, 3, 2, 0, 0, 0, 0]"
5514,<SOS>nilda<EOS>      ,girl,"['n', 'i', 'l', 'd', 'a']",5,0.0,"[1, 16, 11, 14, 6, 3, 2, 0, 0, 0, 0, 0, 0]"
550,<SOS>miguel<EOS>     ,boy,"['m', 'i', 'g', 'u', 'e', 'l']",6,1.0,"[1, 15, 11, 9, 23, 7, 14, 2, 0, 0, 0, 0, 0]"
676,<SOS>ramon<EOS>      ,boy,"['r', 'a', 'm', 'o', 'n']",5,1.0,"[1, 20, 3, 15, 17, 16, 2, 0, 0, 0, 0, 0, 0]"
3321,<SOS>jahir<EOS>      ,boy,"['j', 'a', 'h', 'i', 'r']",5,1.0,"[1, 12, 3, 10, 11, 20, 2, 0, 0, 0, 0, 0, 0]"
927,<SOS>boston<EOS>     ,boy,"['b', 'o', 's', 't', 'o', 'n']",6,1.0,"[1, 4, 17, 21, 22, 17, 16, 2, 0, 0, 0, 0, 0]"
3220,<SOS>zaire<EOS>      ,boy,"['z', 'a', 'i', 'r', 'e']",5,1.0,"[1, 28, 3, 11, 20, 7, 2, 0, 0, 0, 0, 0, 0]"
716,<SOS>leopold<EOS>    ,boy,"['l', 'e', 'o', 'p', 'o', 'l', 'd']",7,1.0,"[1, 14, 7, 17, 18, 17, 14, 6, 2, 0, 0, 0, 0]"
4387,<SOS>dorthea<EOS>    ,girl,"['d', 'o', 'r', 't', 'h', 'e', 'a']",7,0.0,"[1, 6, 17, 20, 22, 10, 7, 3, 2, 0, 0, 0, 0]"
4616,<SOS>margarete<EOS>  ,girl,"['m', 'a', 'r', 'g', 'a', 'r', 'e', 't', 'e']",9,0.0,"[1, 15, 3, 20, 9, 3, 20, 7, 22, 7, 2, 0, 0]"
3807,<SOS>selina<EOS>     ,girl,"['s', 'e', 'l', 'i', 'n', 'a']",6,0.0,"[1, 21, 7, 14, 11, 16, 3, 2, 0, 0, 0, 0, 0]"
6063,<SOS>kaleena<EOS>    ,girl,"['k', 'a', 'l', 'e', 'e', 'n', 'a']",7,0.0,"[1, 13, 3, 14, 7, 7, 16, 3, 2, 0, 0, 0, 0]"
704,<SOS>florence<EOS>   ,boy,"['f', 'l', 'o', 'r', 'e', 'n', 'c', 'e']",8,1.0,"[1, 8, 14, 17, 20, 7, 16, 5, 7, 2, 0, 0, 0]"
4687,<SOS>ever<EOS>       ,girl,"['e', 'v', 'e', 'r']",4,0.0,"[1, 7, 24, 7, 20, 2, 0, 0, 0, 0, 0, 0, 0]"
3415,<SOS>aaden<EOS>      ,boy,"['a', 'a', 'd', 'e', 'n']",5,1.0,"[1, 3, 3, 6, 7, 16, 2, 0, 0, 0, 0, 0, 0]"
365,<SOS>irwin<EOS>      ,boy,"['i', 'r', 'w', 'i', 'n']",5,1.0,"[1, 11, 20, 25, 11, 16, 2, 0, 0, 0, 0, 0, 0]"
1361,<SOS>iva<EOS>        ,boy,"['i', 'v', 'a']",3,1.0,"[1, 11, 24, 3, 2, 0, 0, 0, 0, 0, 0, 0, 0]"
4853,<SOS>merna<EOS>      ,girl,"['m', 'e', 'r', 'n', 'a']",5,0.0,"[1, 15, 7, 20, 16, 3, 2, 0, 0, 0, 0, 0, 0]"
5802,<SOS>angelic<EOS>    ,girl,"['a', 'n', 'g', 'e', 'l', 'i', 'c']",7,0.0,"[1, 3, 16, 9, 7, 14, 11, 5, 2, 0, 0, 0, 0]"
3717,<SOS>mona<EOS>       ,girl,"['m', 'o', 'n', 'a']",4,0.0,"[1, 15, 17, 16, 3, 2, 0, 0, 0, 0, 0, 0, 0]"
5968,<SOS>tenisha<EOS>    ,girl,"['t', 'e', 'n', 'i', 's', 'h', 'a']",7,0.0,"[1, 22, 7, 16, 11, 21, 10, 3, 2, 0, 0, 0, 0]"
925,<SOS>bernie<EOS>     ,boy,"['b', 'e', 'r', 'n', 'i', 'e']",6,1.0,"[1, 4, 7, 20, 16, 11, 7, 2, 0, 0, 0, 0, 0]"
1927,<SOS>tallie<EOS>     ,boy,"['t', 'a', 'l', 'l', 'i', 'e']",6,1.0,"[1, 22, 3, 14, 14, 11, 7, 2, 0, 0, 0, 0, 0]"
5810,<SOS>shara<EOS>      ,girl,"['s', 'h', 'a', 'r', 'a']",5,0.0,"[1, 21, 10, 3, 20, 3, 2, 0, 0, 0, 0, 0, 0]"
1566,<SOS>peyton<EOS>     ,boy,"['p', 'e', 'y', 't', 'o', 'n']",6,1.0,"[1, 18, 7, 27, 22, 17, 16, 2, 0, 0, 0, 0, 0]"
4780,<SOS>lolita<EOS>     ,girl,"['l', 'o', 'l', 'i', 't', 'a']",6,0.0,"[1, 14, 17, 14, 11, 22, 3, 2, 0, 0, 0, 0, 0]"
2104,<SOS>garold<EOS>     ,boy,"['g', 'a', 'r', 'o', 'l', 'd']",6,1.0,"[1, 9, 3, 20, 17, 14, 6, 2, 0, 0, 0, 0, 0]"
5322,<SOS>cherryl<EOS>    ,girl,"['c', 'h', 'e', 'r', 'r', 'y', 'l']",7,0.0,"[1, 5, 10, 7, 20, 20, 27, 14, 2, 0, 0, 0, 0]"
2287,<SOS>sharon<EOS>     ,boy,"['s', 'h', 'a', 'r', 'o', 'n']",6,1.0,"[1, 21, 10, 3, 20, 17, 16, 2, 0, 0, 0, 0, 0]"
6256,<SOS>shaniqua<EOS>   ,girl,"['s', 'h', 'a', 'n', 'i', 'q', 'u', 'a']",8,0.0,"[1, 21, 10, 3, 16, 11, 19, 23, 3, 2, 0, 0, 0]"
1665,<SOS>rosendo<EOS>    ,boy,"['r', 'o', 's', 'e', 'n', 'd', 'o']",7,1.0,"[1, 20, 17, 21, 7, 16, 6, 17, 2, 0, 0, 0, 0]"
2135,<SOS>pershing<EOS>   ,boy,"['p', 'e', 'r', 's', 'h', 'i', 'n', 'g']",8,1.0,"[1, 18, 7, 20, 21, 10, 11, 16, 9, 2, 0, 0, 0]"
5265,<SOS>sunny<EOS>      ,girl,"['s', 'u', 'n', 'n', 'y']",5,0.0,"[1, 21, 23, 16, 16, 27, 2, 0, 0, 0, 0, 0, 0]"
251,<SOS>anderson<EOS>   ,boy,"['a', 'n', 'd', 'e', 'r', 's', 'o', 'n']",8,1.0,"[1, 3, 16, 6, 7, 20, 21, 17, 16, 2, 0, 0, 0]"
3138,<SOS>damarcus<EOS>   ,boy,"['d', 'a', 'm', 'a', 'r', 'c', 'u', 's']",8,1.0,"[1, 6, 3, 15, 3, 20, 5, 23, 21, 2, 0, 0, 0]"
2520,<SOS>leif<EOS>       ,boy,"['l', 'e', 'i', 'f']",4,1.0,"[1, 14, 7, 11, 8, 2, 0, 0, 0, 0, 0, 0, 0]"
3266,<SOS>isaak<EOS>      ,boy,"['i', 's', 'a', 'a', 'k']",5,1.0,"[1, 11, 21, 3, 3, 13, 2, 0, 0, 0, 0, 0, 0]"
2601,<SOS>garrick<EOS>    ,boy,"['g', 'a', 'r', 'r', 'i', 'c', 'k']",7,1.0,"[1, 9, 3, 20, 20, 11, 5, 13, 2, 0, 0, 0, 0]"
5009,<SOS>twyla<EOS>      ,girl,"['t', 'w', 'y', 'l', 'a']",5,0.0,"[1, 22, 25, 27, 14, 3, 2, 0, 0, 0, 0, 0, 0]"
6114,<SOS>markita<EOS>    ,girl,"['m', 'a', 'r', 'k', 'i', 't', 'a']",7,0.0,"[1, 15, 3, 20, 13, 11, 22, 3, 2, 0, 0, 0, 0]"
1569,<SOS>eva<EOS>        ,boy,"['e', 'v', 'a']",3,1.0,"[1, 7, 24, 3, 2, 0, 0, 0, 0, 0, 0, 0, 0]"
879,<SOS>mitchel<EOS>    ,boy,"['m', 'i', 't', 'c', 'h', 'e', 'l']",7,1.0,"[1, 15, 11, 22, 5, 10, 7, 14, 2, 0, 0, 0, 0]"
5519,<SOS>tamie<EOS>      ,girl,"['t', 'a', 'm', 'i', 'e']",5,0.0,"[1, 22, 3, 15, 11, 7, 2, 0, 0, 0, 0, 0, 0]"
297,<SOS>mitchell<EOS>   ,boy,"['m', 'i', 't', 'c', 'h', 'e', 'l', 'l']",8,1.0,"[1, 15, 11, 22, 5, 10, 7, 14, 14, 2, 0, 0, 0]"
905,<SOS>willian<EOS>    ,boy,"['w', 'i', 'l', 'l', 'i', 'a', 'n']",7,1.0,"[1, 25, 11, 14, 14, 11, 3, 16, 2, 0, 0, 0, 0]"
3033,<SOS>dijon<EOS>      ,boy,"['d', 'i', 'j', 'o', 'n']",5,1.0,"[1, 6, 11, 12, 17, 16, 2, 0, 0, 0, 0, 0, 0]"
695,<SOS>danial<EOS>     ,boy,"['d', 'a', 'n', 'i', 'a', 'l']",6,1.0,"[1, 6, 3, 16, 11, 3, 14, 2, 0, 0, 0, 0, 0]"
76,<SOS>jack<EOS>       ,boy,"['j', 'a', 'c', 'k']",4,1.0,"[1, 12, 3, 5, 13, 2, 0, 0, 0, 0, 0, 0, 0]"
522,<SOS>west<EOS>       ,boy,"['w', 'e', 's', 't']",4,1.0,"[1, 25, 7, 21, 22, 2, 0, 0, 0, 0, 0, 0, 0]"
1999,<SOS>arbie<EOS>      ,boy,"['a', 'r', 'b', 'i', 'e']",5,1.0,"[1, 3, 20, 4, 11, 7, 2, 0, 0, 0, 0, 0, 0]"
6704,<SOS>braelyn<EOS>    ,girl,"['b', 'r', 'a', 'e', 'l', 'y', 'n']",7,0.0,"[1, 4, 20, 3, 7, 14, 27, 16, 2, 0, 0, 0, 0]"
0,<SOS>john<EOS>       ,boy,"['j', 'o', 'h', 'n']",4,1.0,"[1, 12, 17, 10, 16, 2, 0, 0, 0, 0, 0, 0, 0]"
2424,<SOS>rudolfo<EOS>    ,boy,"['r', 'u', 'd', 'o', 'l', 'f', 'o']",7,1.0,"[1, 20, 23, 6, 17, 14, 8, 17, 2, 0, 0, 0, 0]"
4789,<SOS>loyce<EOS>      ,girl,"['l', 'o', 'y', 'c', 'e']",5,0.0,"[1, 14, 17, 27, 5, 7, 2, 0, 0, 0, 0, 0, 0]"
4175,<SOS>coral<EOS>      ,girl,"['c', 'o', 'r', 'a', 'l']",5,0.0,"[1, 5, 17, 20, 3, 14, 2, 0, 0, 0, 0, 0, 0]"
6030,<SOS>reyna<EOS>      ,girl,"['r', 'e', 'y', 'n', 'a']",5,0.0,"[1, 20, 7, 27, 16, 3, 2, 0, 0, 0, 0, 0, 0]"
708,<SOS>henery<EOS>     ,boy,"['h', 'e', 'n', 'e', 'r', 'y']",6,1.0,"[1, 10, 7, 16, 7, 20, 27, 2, 0, 0, 0, 0, 0]"
3489,<SOS>leila<EOS>      ,girl,"['l', 'e', 'i', 'l', 'a']",5,0.0,"[1, 14, 7, 11, 14, 3, 2, 0, 0, 0, 0, 0, 0]"
2769,<SOS>karim<EOS>      ,boy,"['k', 'a', 'r', 'i', 'm']",5,1.0,"[1, 13, 3, 20, 11, 15, 2, 0, 0, 0, 0, 0, 0]"
1983,<SOS>teddie<EOS>     ,boy,"['t', 'e', 'd', 'd', 'i', 'e']",6,1.0,"[1, 22, 7, 6, 6, 11, 7, 2, 0, 0, 0, 0, 0]"
1729,<SOS>roma<EOS>       ,boy,"['r', 'o', 'm', 'a']",4,1.0,"[1, 20, 17, 15, 3, 2, 0, 0, 0, 0, 0, 0, 0]"
6297,<SOS>delaney<EOS>    ,girl,"['d', 'e', 'l', 'a', 'n', 'e', 'y']",7,0.0,"[1, 6, 7, 14, 3, 16, 7, 27, 2, 0, 0, 0, 0]"
3808,<SOS>sena<EOS>       ,girl,"['s', 'e', 'n', 'a']",4,0.0,"[1, 21, 7, 16, 3, 2, 0, 0, 0, 0, 0, 0, 0]"
1588,<SOS>cassie<EOS>     ,boy,"['c', 'a', 's', 's', 'i', 'e']",6,1.0,"[1, 5, 3, 21, 21, 11, 7, 2, 0, 0, 0, 0, 0]"
6462,<SOS>julisa<EOS>     ,girl,"['j', 'u', 'l', 'i', 's', 'a']",6,0.0,"[1, 12, 23, 14, 11, 21, 3, 2, 0, 0, 0, 0, 0]"
3191,<SOS>tahj<EOS>       ,boy,"['t', 'a', 'h', 'j']",4,1.0,"[1, 22, 3, 10, 12, 2, 0, 0, 0, 0, 0, 0, 0]"
3844,<SOS>permelia<EOS>   ,girl,"['p', 'e', 'r', 'm', 'e', 'l', 'i', 'a']",8,0.0,"[1, 18, 7, 20, 15, 7, 14, 11, 3, 2, 0, 0, 0]"
4507,<SOS>olivine<EOS>    ,girl,"['o', 'l', 'i', 'v', 'i', 'n', 'e']",7,0.0,"[1, 17, 14, 11, 24, 11, 16, 7, 2, 0, 0, 0, 0]"
5133,<SOS>norita<EOS>     ,girl,"['n', 'o', 'r', 'i', 't', 'a']",6,0.0,"[1, 16, 17, 20, 11, 22, 3, 2, 0, 0, 0, 0, 0]"
6710,<SOS>mariyah<EOS>    ,girl,"['m', 'a', 'r', 'i', 'y', 'a', 'h']",7,0.0,"[1, 15, 3, 20, 11, 27, 3, 10, 2, 0, 0, 0, 0]"
6651,<SOS>sariah<EOS>     ,girl,"['s', 'a', 'r', 'i', 'a', 'h']",6,0.0,"[1, 21, 3, 20, 11, 3, 10, 2, 0, 0, 0, 0, 0]"
3065,<SOS>maximillian<EOS>,boy,"['m', 'a', 'x', 'i', 'm', 'i', 'l', 'l', 'i', 'a', 'n']",11,1.0,"[1, 15, 3, 26, 11, 15, 11, 14, 14, 11, 3, 16, 2]"
3166,<SOS>giovanny<EOS>   ,boy,"['g', 'i', 'o', 'v', 'a', 'n', 'n', 'y']",8,1.0,"[1, 9, 11, 17, 24, 3, 16, 16, 27, 2, 0, 0, 0]"
4849,<SOS>rosemarie<EOS>  ,girl,"['r', 'o', 's', 'e', 'm', 'a', 'r', 'i', 'e']",9,0.0,"[1, 20, 17, 21, 7, 15, 3, 20, 11, 7, 2, 0, 0]"
1487,<SOS>boyce<EOS>      ,boy,"['b', 'o', 'y', 'c', 'e']",5,1.0,"[1, 4, 17, 27, 5, 7, 2, 0, 0, 0, 0, 0, 0]"
5910,<SOS>kacey<EOS>      ,girl,"['k', 'a', 'c', 'e', 'y']",5,0.0,"[1, 13, 3, 5, 7, 27, 2, 0, 0, 0, 0, 0, 0]"
3818,<SOS>arie<EOS>       ,girl,"['a', 'r', 'i', 'e']",4,0.0,"[1, 3, 20, 11, 7, 2, 0, 0, 0, 0, 0, 0, 0]"
5240,<SOS>terri<EOS>      ,girl,"['t', 'e', 'r', 'r', 'i']",5,0.0,"[1, 22, 7, 20, 20, 11, 2, 0, 0, 0, 0, 0, 0]"
174,<SOS>augustus<EOS>   ,boy,"['a', 'u', 'g', 'u', 's', 't', 'u', 's']",8,1.0,"[1, 3, 23, 9, 23, 21, 22, 23, 21, 2, 0, 0, 0]"
5829,<SOS>keena<EOS>      ,girl,"['k', 'e', 'e', 'n', 'a']",5,0.0,"[1, 13, 7, 7, 16, 3, 2, 0, 0, 0, 0, 0, 0]"
3967,<SOS>debbie<EOS>     ,girl,"['d', 'e', 'b', 'b', 'i', 'e']",6,0.0,"[1, 6, 7, 4, 4, 11, 7, 2, 0, 0, 0, 0, 0]"
4833,<SOS>elease<EOS>     ,girl,"['e', 'l', 'e', 'a', 's', 'e']",6,0.0,"[1, 7, 14, 7, 3, 21, 7, 2, 0, 0, 0, 0, 0]"
1439,<SOS>lamar<EOS>      ,boy,"['l', 'a', 'm', 'a', 'r']",5,1.0,"[1, 14, 3, 15, 3, 20, 2, 0, 0, 0, 0, 0, 0]"
1054,<SOS>pearlie<EOS>    ,boy,"['p', 'e', 'a', 'r', 'l', 'i', 'e']",7,1.0,"[1, 18, 7, 3, 20, 14, 11, 7, 2, 0, 0, 0, 0]"
4819,<SOS>edra<EOS>       ,girl,"['e', 'd', 'r', 'a']",4,0.0,"[1, 7, 6, 20, 3, 2, 0, 0, 0, 0, 0, 0, 0]"
4053,<SOS>fronnie<EOS>    ,girl,"['f', 'r', 'o', 'n', 'n', 'i', 'e']",7,0.0,"[1, 8, 20, 17, 16, 16, 11, 7, 2, 0, 0, 0, 0]"
6116,<SOS>magen<EOS>      ,girl,"['m', 'a', 'g', 'e', 'n']",5,0.0,"[1, 15, 3, 9, 7, 16, 2, 0, 0, 0, 0, 0, 0]"
6038,<SOS>tatiana<EOS>    ,girl,"['t', 'a', 't', 'i', 'a', 'n', 'a']",7,0.0,"[1, 22, 3, 22, 11, 3, 16, 3, 2, 0, 0, 0, 0]"
6219,<SOS>kiersten<EOS>   ,girl,"['k', 'i', 'e', 'r', 's', 't', 'e', 'n']",8,0.0,"[1, 13, 11, 7, 20, 21, 22, 7, 16, 2, 0, 0, 0]"
2436,<SOS>michale<EOS>    ,boy,"['m', 'i', 'c', 'h', 'a', 'l', 'e']",7,1.0,"[1, 15, 11, 5, 10, 3, 14, 7, 2, 0, 0, 0, 0]"
1073,<SOS>dominick<EOS>   ,boy,"['d', 'o', 'm', 'i', 'n', 'i', 'c', 'k']",8,1.0,"[1, 6, 17, 15, 11, 16, 11, 5, 13, 2, 0, 0, 0]"
6485,<SOS>cali<EOS>       ,girl,"['c', 'a', 'l', 'i']",4,0.0,"[1, 5, 3, 14, 11, 2, 0, 0, 0, 0, 0, 0, 0]"
1058,<SOS>roswell<EOS>    ,boy,"['r', 'o', 's', 'w', 'e', 'l', 'l']",7,1.0,"[1, 20, 17, 21, 25, 7, 14, 14, 2, 0, 0, 0, 0]"
2666,<SOS>branden<EOS>    ,boy,"['b', 'r', 'a', 'n', 'd', 'e', 'n']",7,1.0,"[1, 4, 20, 3, 16, 6, 7, 16, 2, 0, 0, 0, 0]"
493,<SOS>mahlon<EOS>     ,boy,"['m', 'a', 'h', 'l', 'o', 'n']",6,1.0,"[1, 15, 3, 10, 14, 17, 16, 2, 0, 0, 0, 0, 0]"
6037,<SOS>jessi<EOS>      ,girl,"['j', 'e', 's', 's', 'i']",5,0.0,"[1, 12, 7, 21, 21, 11, 2, 0, 0, 0, 0, 0, 0]"
4697,<SOS>lurena<EOS>     ,girl,"['l', 'u', 'r', 'e', 'n', 'a']",6,0.0,"[1, 14, 23, 20, 7, 16, 3, 2, 0, 0, 0, 0, 0]"
5932,<SOS>torrie<EOS>     ,girl,"['t', 'o', 'r', 'r', 'i', 'e']",6,0.0,"[1, 22, 17, 20, 20, 11, 7, 2, 0, 0, 0, 0, 0]"
6529,<SOS>kyara<EOS>      ,girl,"['k', 'y', 'a', 'r', 'a']",5,0.0,"[1, 13, 27, 3, 20, 3, 2, 0, 0, 0, 0, 0, 0]"
4464,<SOS>hellen<EOS>     ,girl,"['h', 'e', 'l', 'l', 'e', 'n']",6,0.0,"[1, 10, 7, 14, 14, 7, 16, 2, 0, 0, 0, 0, 0]"
2730,<SOS>nathanael<EOS>  ,boy,"['n', 'a', 't', 'h', 'a', 'n', 'a', 'e', 'l']",9,1.0,"[1, 16, 3, 22, 10, 3, 16, 3, 7, 14, 2, 0, 0]"
432,<SOS>harve<EOS>      ,boy,"['h', 'a', 'r', 'v', 'e']",5,1.0,"[1, 10, 3, 20, 24, 7, 2, 0, 0, 0, 0, 0, 0]"
4090,<SOS>parthenia<EOS>  ,girl,"['p', 'a', 'r', 't', 'h', 'e', 'n', 'i', 'a']",9,0.0,"[1, 18, 3, 20, 22, 10, 7, 16, 11, 3, 2, 0, 0]"
4043,<SOS>delphine<EOS>   ,girl,"['d', 'e', 'l', 'p', 'h', 'i', 'n', 'e']",8,0.0,"[1, 6, 7, 14, 18, 10, 11, 16, 7, 2, 0, 0, 0]"
3276,<SOS>imanol<EOS>     ,boy,"['i', 'm', 'a', 'n', 'o', 'l']",6,1.0,"[1, 11, 15, 3, 16, 17, 14, 2, 0, 0, 0, 0, 0]"
2948,<SOS>dashawn<EOS>    ,boy,"['d', 'a', 's', 'h', 'a', 'w', 'n']",7,1.0,"[1, 6, 3, 21, 10, 3, 25, 16, 2, 0, 0, 0, 0]"
6168,<SOS>fabiola<EOS>    ,girl,"['f', 'a', 'b', 'i', 'o', 'l', 'a']",7,0.0,"[1, 8, 3, 4, 11, 17, 14, 3, 2, 0, 0, 0, 0]"
5753,<SOS>karina<EOS>     ,girl,"['k', 'a', 'r', 'i', 'n', 'a']",6,0.0,"[1, 13, 3, 20, 11, 16, 3, 2, 0, 0, 0, 0, 0]"
997,<SOS>lavern<EOS>     ,boy,"['l', 'a', 'v', 'e', 'r', 'n']",6,1.0,"[1, 14, 3, 24, 7, 20, 16, 2, 0, 0, 0, 0, 0]"
5570,<SOS>corina<EOS>     ,girl,"['c', 'o', 'r', 'i', 'n', 'a']",6,0.0,"[1, 5, 17, 20, 11, 16, 3, 2, 0, 0, 0, 0, 0]"
1509,<SOS>nehemiah<EOS>   ,boy,"['n', 'e', 'h', 'e', 'm', 'i', 'a', 'h']",8,1.0,"[1, 16, 7, 10, 7, 15, 11, 3, 10, 2, 0, 0, 0]"
3226,<SOS>xander<EOS>     ,boy,"['x', 'a', 'n', 'd', 'e', 'r']",6,1.0,"[1, 26, 3, 16, 6, 7, 20, 2, 0, 0, 0, 0, 0]"
4659,<SOS>delcie<EOS>     ,girl,"['d', 'e', 'l', 'c', 'i', 'e']",6,0.0,"[1, 6, 7, 14, 5, 11, 7, 2, 0, 0, 0, 0, 0]"
4555,<SOS>greta<EOS>      ,girl,"['g', 'r', 'e', 't', 'a']",5,0.0,"[1, 9, 20, 7, 22, 3, 2, 0, 0, 0, 0, 0, 0]"
4886,<SOS>lavonne<EOS>    ,girl,"['l', 'a', 'v', 'o', 'n', 'n', 'e']",7,0.0,"[1, 14, 3, 24, 17, 16, 16, 7, 2, 0, 0, 0, 0]"
721,<SOS>mart<EOS>       ,boy,"['m', 'a', 'r', 't']",4,1.0,"[1, 15, 3, 20, 22, 2, 0, 0, 0, 0, 0, 0, 0]"
906,<SOS>yee<EOS>        ,boy,"['y', 'e', 'e']",3,1.0,"[1, 27, 7, 7, 2, 0, 0, 0, 0, 0, 0, 0, 0]"
5749,<SOS>christen<EOS>   ,girl,"['c', 'h', 'r', 'i', 's', 't', 'e', 'n']",8,0.0,"[1, 5, 10, 20, 11, 21, 22, 7, 16, 2, 0, 0, 0]"
5870,<SOS>danyell<EOS>    ,girl,"['d', 'a', 'n', 'y', 'e', 'l', 'l']",7,0.0,"[1, 6, 3, 16, 27, 7, 14, 14, 2, 0, 0, 0, 0]"
6294,<SOS>chynna<EOS>     ,girl,"['c', 'h', 'y', 'n', 'n', 'a']",6,0.0,"[1, 5, 10, 27, 16, 16, 3, 2, 0, 0, 0, 0, 0]"
2413,<SOS>danniel<EOS>    ,boy,"['d', 'a', 'n', 'n', 'i', 'e', 'l']",7,1.0,"[1, 6, 3, 16, 16, 11, 7, 14, 2, 0, 0, 0, 0]"
2042,<SOS>rodger<EOS>     ,boy,"['r', 'o', 'd', 'g', 'e', 'r']",6,1.0,"[1, 20, 17, 6, 9, 7, 20, 2, 0, 0, 0, 0, 0]"
3037,<SOS>sawyer<EOS>     ,boy,"['s', 'a', 'w', 'y', 'e', 'r']",6,1.0,"[1, 21, 3, 25, 27, 7, 20, 2, 0, 0, 0, 0, 0]"
780,<SOS>lindsay<EOS>    ,boy,"['l', 'i', 'n', 'd', 's', 'a', 'y']",7,1.0,"[1, 14, 11, 16, 6, 21, 3, 27, 2, 0, 0, 0, 0]"
6325,<SOS>macey<EOS>      ,girl,"['m', 'a', 'c', 'e', 'y']",5,0.0,"[1, 15, 3, 5, 7, 27, 2, 0, 0, 0, 0, 0, 0]"
506,<SOS>carlton<EOS>    ,boy,"['c', 'a', 'r', 'l', 't', 'o', 'n']",7,1.0,"[1, 5, 3, 20, 14, 22, 17, 16, 2, 0, 0, 0, 0]"
6680,<SOS>anabelle<EOS>   ,girl,"['a', 'n', 'a', 'b', 'e', 'l', 'l', 'e']",8,0.0,"[1, 3, 16, 3, 4, 7, 14, 14, 7, 2, 0, 0, 0]"
5059,<SOS>beverlee<EOS>   ,girl,"['b', 'e', 'v', 'e', 'r', 'l', 'e', 'e']",8,0.0,"[1, 4, 7, 24, 7, 20, 14, 7, 7, 2, 0, 0, 0]"
1683,<SOS>sing<EOS>       ,boy,"['s', 'i', 'n', 'g']",4,1.0,"[1, 21, 11, 16, 9, 2, 0, 0, 0, 0, 0, 0, 0]"
5629,<SOS>delinda<EOS>    ,girl,"['d', 'e', 'l', 'i', 'n', 'd', 'a']",7,0.0,"[1, 6, 7, 14, 11, 16, 6, 3, 2, 0, 0, 0, 0]"
5189,<SOS>helaine<EOS>    ,girl,"['h', 'e', 'l', 'a', 'i', 'n', 'e']",7,0.0,"[1, 10, 7, 14, 3, 11, 16, 7, 2, 0, 0, 0, 0]"
3123,<SOS>stone<EOS>      ,boy,"['s', 't', 'o', 'n', 'e']",5,1.0,"[1, 21, 22, 17, 16, 7, 2, 0, 0, 0, 0, 0, 0]"
4683,<SOS>madelyn<EOS>    ,girl,"['m', 'a', 'd', 'e', 'l', 'y', 'n']",7,0.0,"[1, 15, 3, 6, 7, 14, 27, 16, 2, 0, 0, 0, 0]"
4359,<SOS>macie<EOS>      ,girl,"['m', 'a', 'c', 'i', 'e']",5,0.0,"[1, 15, 3, 5, 11, 7, 2, 0, 0, 0, 0, 0, 0]"
863,<SOS>hence<EOS>      ,boy,"['h', 'e', 'n', 'c', 'e']",5,1.0,"[1, 10, 7, 16, 5, 7, 2, 0, 0, 0, 0, 0, 0]"
1853,<SOS>virgel<EOS>     ,boy,"['v', 'i', 'r', 'g', 'e', 'l']",6,1.0,"[1, 24, 11, 20, 9, 7, 14, 2, 0, 0, 0, 0, 0]"
3108,<SOS>alek<EOS>       ,boy,"['a', 'l', 'e', 'k']",4,1.0,"[1, 3, 14, 7, 13, 2, 0, 0, 0, 0, 0, 0, 0]"
390,<SOS>orin<EOS>       ,boy,"['o', 'r', 'i', 'n']",4,1.0,"[1, 17, 20, 11, 16, 2, 0, 0, 0, 0, 0, 0, 0]"
1236,<SOS>landon<EOS>     ,boy,"['l', 'a', 'n', 'd', 'o', 'n']",6,1.0,"[1, 14, 3, 16, 6, 17, 16, 2, 0, 0, 0, 0, 0]"
4116,<SOS>adell<EOS>      ,girl,"['a', 'd', 'e', 'l', 'l']",5,0.0,"[1, 3, 6, 7, 14, 14, 2, 0, 0, 0, 0, 0, 0]"
1423,<SOS>simmie<EOS>     ,boy,"['s', 'i', 'm', 'm', 'i', 'e']",6,1.0,"[1, 21, 11, 15, 15, 11, 7, 2, 0, 0, 0, 0, 0]"
3447,<SOS>lulu<EOS>       ,girl,"['l', 'u', 'l', 'u']",4,0.0,"[1, 14, 23, 14, 23, 2, 0, 0, 0, 0, 0, 0, 0]"
4050,<SOS>ena<EOS>        ,girl,"['e', 'n', 'a']",3,0.0,"[1, 7, 16, 3, 2, 0, 0, 0, 0, 0, 0, 0, 0]"
5015,<SOS>janell<EOS>     ,girl,"['j', 'a', 'n', 'e', 'l', 'l']",6,0.0,"[1, 12, 3, 16, 7, 14, 14, 2, 0, 0, 0, 0, 0]"
255,<SOS>luke<EOS>       ,boy,"['l', 'u', 'k', 'e']",4,1.0,"[1, 14, 23, 13, 7, 2, 0, 0, 0, 0, 0, 0, 0]"
6404,<SOS>kaelyn<EOS>     ,girl,"['k', 'a', 'e', 'l', 'y', 'n']",6,0.0,"[1, 13, 3, 7, 14, 27, 16, 2, 0, 0, 0, 0, 0]"
2522,<SOS>lisa<EOS>       ,boy,"['l', 'i', 's', 'a']",4,1.0,"[1, 14, 11, 21, 3, 2, 0, 0, 0, 0, 0, 0, 0]"
3481,<SOS>harriett<EOS>   ,girl,"['h', 'a', 'r', 'r', 'i', 'e', 't', 't']",8,0.0,"[1, 10, 3, 20, 20, 11, 7, 22, 22, 2, 0, 0, 0]"
1177,<SOS>wood<EOS>       ,boy,"['w', 'o', 'o', 'd']",4,1.0,"[1, 25, 17, 17, 6, 2, 0, 0, 0, 0, 0, 0, 0]"
5198,<SOS>karon<EOS>      ,girl,"['k', 'a', 'r', 'o', 'n']",5,0.0,"[1, 13, 3, 20, 17, 16, 2, 0, 0, 0, 0, 0, 0]"
5020,<SOS>willodean<EOS>  ,girl,"['w', 'i', 'l', 'l', 'o', 'd', 'e', 'a', 'n']",9,0.0,"[1, 25, 11, 14, 14, 17, 6, 7, 3, 16, 2, 0, 0]"
4937,<SOS>lavelle<EOS>    ,girl,"['l', 'a', 'v', 'e', 'l', 'l', 'e']",7,0.0,"[1, 14, 3, 24, 7, 14, 14, 7, 2, 0, 0, 0, 0]"
5205,<SOS>hedy<EOS>       ,girl,"['h', 'e', 'd', 'y']",4,0.0,"[1, 10, 7, 6, 27, 2, 0, 0, 0, 0, 0, 0, 0]"
2004,<SOS>duard<EOS>      ,boy,"['d', 'u', 'a', 'r', 'd']",5,1.0,"[1, 6, 23, 3, 20, 6, 2, 0, 0, 0, 0, 0, 0]"
6633,<SOS>jaylyn<EOS>     ,girl,"['j', 'a', 'y', 'l', 'y', 'n']",6,0.0,"[1, 12, 3, 27, 14, 27, 16, 2, 0, 0, 0, 0, 0]"
5151,<SOS>ruthann<EOS>    ,girl,"['r', 'u', 't', 'h', 'a', 'n', 'n']",7,0.0,"[1, 20, 23, 22, 10, 3, 16, 16, 2, 0, 0, 0, 0]"
1459,<SOS>braxton<EOS>    ,boy,"['b', 'r', 'a', 'x', 't', 'o', 'n']",7,1.0,"[1, 4, 20, 3, 26, 22, 17, 16, 2, 0, 0, 0, 0]"
6378,<SOS>mckayla<EOS>    ,girl,"['m', 'c', 'k', 'a', 'y', 'l', 'a']",7,0.0,"[1, 15, 5, 13, 3, 27, 14, 3, 2, 0, 0, 0, 0]"
340,<SOS>dick<EOS>       ,boy,"['d', 'i', 'c', 'k']",4,1.0,"[1, 6, 11, 5, 13, 2, 0, 0, 0, 0, 0, 0, 0]"
6006,<SOS>breanne<EOS>    ,girl,"['b', 'r', 'e', 'a', 'n', 'n', 'e']",7,0.0,"[1, 4, 20, 7, 3, 16, 16, 7, 2, 0, 0, 0, 0]"
1416,<SOS>oley<EOS>       ,boy,"['o', 'l', 'e', 'y']",4,1.0,"[1, 17, 14, 7, 27, 2, 0, 0, 0, 0, 0, 0, 0]"
6533,<SOS>tatyanna<EOS>   ,girl,"['t', 'a', 't', 'y', 'a', 'n', 'n', 'a']",8,0.0,"[1, 22, 3, 22, 27, 3, 16, 16, 3, 2, 0, 0, 0]"
264,<SOS>riley<EOS>      ,boy,"['r', 'i', 'l', 'e', 'y']",5,1.0,"[1, 20, 11, 14, 7, 27, 2, 0, 0, 0, 0, 0, 0]"
5553,<SOS>lisha<EOS>      ,girl,"['l', 'i', 's', 'h', 'a']",5,0.0,"[1, 14, 11, 21, 10, 3, 2, 0, 0, 0, 0, 0, 0]"
3170,<SOS>jarett<EOS>     ,boy,"['j', 'a', 'r', 'e', 't', 't']",6,1.0,"[1, 12, 3, 20, 7, 22, 22, 2, 0, 0, 0, 0, 0]"
6392,<SOS>aleah<EOS>      ,girl,"['a', 'l', 'e', 'a', 'h']",5,0.0,"[1, 3, 14, 7, 3, 10, 2, 0, 0, 0, 0, 0, 0]"
5267,<SOS>ginny<EOS>      ,girl,"['g', 'i', 'n', 'n', 'y']",5,0.0,"[1, 9, 11, 16, 16, 27, 2, 0, 0, 0, 0, 0, 0]"
5475,<SOS>marisa<EOS>     ,girl,"['m', 'a', 'r', 'i', 's', 'a']",6,0.0,"[1, 15, 3, 20, 11, 21, 3, 2, 0, 0, 0, 0, 0]"
5977,<SOS>crissy<EOS>     ,girl,"['c', 'r', 'i', 's', 's', 'y']",6,0.0,"[1, 5, 20, 11, 21, 21, 27, 2, 0, 0, 0, 0, 0]"
2295,<SOS>ozell<EOS>      ,boy,"['o', 'z', 'e', 'l', 'l']",5,1.0,"[1, 17, 28, 7, 14, 14, 2, 0, 0, 0, 0, 0, 0]"
6776,<SOS>jamiya<EOS>     ,girl,"['j', 'a', 'm', 'i', 'y', 'a']",6,0.0,"[1, 12, 3, 15, 11, 27, 3, 2, 0, 0, 0, 0, 0]"
5402,<SOS>brinda<EOS>     ,girl,"['b', 'r', 'i', 'n', 'd', 'a']",6,0.0,"[1, 4, 20, 11, 16, 6, 3, 2, 0, 0, 0, 0, 0]"
5490,<SOS>kara<EOS>       ,girl,"['k', 'a', 'r', 'a']",4,0.0,"[1, 13, 3, 20, 3, 2, 0, 0, 0, 0, 0, 0, 0]"
3995,<SOS>lillis<EOS>     ,girl,"['l', 'i', 'l', 'l', 'i', 's']",6,0.0,"[1, 14, 11, 14, 14, 11, 21, 2, 0, 0, 0, 0, 0]"
4344,<SOS>capitola<EOS>   ,girl,"['c', 'a', 'p', 'i', 't', 'o', 'l', 'a']",8,0.0,"[1, 5, 3, 18, 11, 22, 17, 14, 3, 2, 0, 0, 0]"
6382,<SOS>maddison<EOS>   ,girl,"['m', 'a', 'd', 'd', 'i', 's', 'o', 'n']",8,0.0,"[1, 15, 3, 6, 6, 11, 21, 17, 16, 2, 0, 0, 0]"
5155,<SOS>sheryl<EOS>     ,girl,"['s', 'h', 'e', 'r', 'y', 'l']",6,0.0,"[1, 21, 10, 7, 20, 27, 14, 2, 0, 0, 0, 0, 0]"
2646,<SOS>ali<EOS>        ,boy,"['a', 'l', 'i']",3,1.0,"[1, 3, 14, 11, 2, 0, 0, 0, 0, 0, 0, 0, 0]"
353,<SOS>johnnie<EOS>    ,boy,"['j', 'o', 'h', 'n', 'n', 'i', 'e']",7,1.0,"[1, 12, 17, 10, 16, 16, 11, 7, 2, 0, 0, 0, 0]"
6759,<SOS>jazlene<EOS>    ,girl,"['j', 'a', 'z', 'l', 'e', 'n', 'e']",7,0.0,"[1, 12, 3, 28, 14, 7, 16, 7, 2, 0, 0, 0, 0]"
2938,<SOS>giancarlo<EOS>  ,boy,"['g', 'i', 'a', 'n', 'c', 'a', 'r', 'l', 'o']",9,1.0,"[1, 9, 11, 3, 16, 5, 3, 20, 14, 17, 2, 0, 0]"
6311,<SOS>giovanna<EOS>   ,girl,"['g', 'i', 'o', 'v', 'a', 'n', 'n', 'a']",8,0.0,"[1, 9, 11, 17, 24, 3, 16, 16, 3, 2, 0, 0, 0]"
696,<SOS>dayton<EOS>     ,boy,"['d', 'a', 'y', 't', 'o', 'n']",6,1.0,"[1, 6, 3, 27, 22, 17, 16, 2, 0, 0, 0, 0, 0]"
1749,<SOS>samson<EOS>     ,boy,"['s', 'a', 'm', 's', 'o', 'n']",6,1.0,"[1, 21, 3, 15, 21, 17, 16, 2, 0, 0, 0, 0, 0]"
1627,<SOS>holland<EOS>    ,boy,"['h', 'o', 'l', 'l', 'a', 'n', 'd']",7,1.0,"[1, 10, 17, 14, 14, 3, 16, 6, 2, 0, 0, 0, 0]"
3924,<SOS>maymie<EOS>     ,girl,"['m', 'a', 'y', 'm', 'i', 'e']",6,0.0,"[1, 15, 3, 27, 15, 11, 7, 2, 0, 0, 0, 0, 0]"
572,<SOS>baxter<EOS>     ,boy,"['b', 'a', 'x', 't', 'e', 'r']",6,1.0,"[1, 4, 3, 26, 22, 7, 20, 2, 0, 0, 0, 0, 0]"
1943,<SOS>olan<EOS>       ,boy,"['o', 'l', 'a', 'n']",4,1.0,"[1, 17, 14, 3, 16, 2, 0, 0, 0, 0, 0, 0, 0]"
2431,<SOS>trent<EOS>      ,boy,"['t', 'r', 'e', 'n', 't']",5,1.0,"[1, 22, 20, 7, 16, 22, 2, 0, 0, 0, 0, 0, 0]"
4631,<SOS>cressie<EOS>    ,girl,"['c', 'r', 'e', 's', 's', 'i', 'e']",7,0.0,"[1, 5, 20, 7, 21, 21, 11, 7, 2, 0, 0, 0, 0]"
4218,<SOS>rozella<EOS>    ,girl,"['r', 'o', 'z', 'e', 'l', 'l', 'a']",7,0.0,"[1, 20, 17, 28, 7, 14, 14, 3, 2, 0, 0, 0, 0]"
6045,<SOS>kaitlin<EOS>    ,girl,"['k', 'a', 'i', 't', 'l', 'i', 'n']",7,0.0,"[1, 13, 3, 11, 22, 14, 11, 16, 2, 0, 0, 0, 0]"
6524,<SOS>miya<EOS>       ,girl,"['m', 'i', 'y', 'a']",4,0.0,"[1, 15, 11, 27, 3, 2, 0, 0, 0, 0, 0, 0, 0]"
3928,<SOS>onie<EOS>       ,girl,"['o', 'n', 'i', 'e']",4,0.0,"[1, 17, 16, 11, 7, 2, 0, 0, 0, 0, 0, 0, 0]"
5100,<SOS>dorthey<EOS>    ,girl,"['d', 'o', 'r', 't', 'h', 'e', 'y']",7,0.0,"[1, 6, 17, 20, 22, 10, 7, 27, 2, 0, 0, 0, 0]"
2640,<SOS>ari<EOS>        ,boy,"['a', 'r', 'i']",3,1.0,"[1, 3, 20, 11, 2, 0, 0, 0, 0, 0, 0, 0, 0]"
1639,<SOS>gerard<EOS>     ,boy,"['g', 'e', 'r', 'a', 'r', 'd']",6,1.0,"[1, 9, 7, 20, 3, 20, 6, 2, 0, 0, 0, 0, 0]"
5207,<SOS>jannette<EOS>   ,girl,"['j', 'a', 'n', 'n', 'e', 't', 't', 'e']",8,0.0,"[1, 12, 3, 16, 16, 7, 22, 22, 7, 2, 0, 0, 0]"
3898,<SOS>delphia<EOS>    ,girl,"['d', 'e', 'l', 'p', 'h', 'i', 'a']",7,0.0,"[1, 6, 7, 14, 18, 10, 11, 3, 2, 0, 0, 0, 0]"
2490,<SOS>renard<EOS>     ,boy,"['r', 'e', 'n', 'a', 'r', 'd']",6,1.0,"[1, 20, 7, 16, 3, 20, 6, 2, 0, 0, 0, 0, 0]"
3781,<SOS>therese<EOS>    ,girl,"['t', 'h', 'e', 'r', 'e', 's', 'e']",7,0.0,"[1, 22, 10, 7, 20, 7, 21, 7, 2, 0, 0, 0, 0]"
115,<SOS>harold<EOS>     ,boy,"['h', 'a', 'r', 'o', 'l', 'd']",6,1.0,"[1, 10, 3, 20, 17, 14, 6, 2, 0, 0, 0, 0, 0]"
6589,<SOS>kya<EOS>        ,girl,"['k', 'y', 'a']",3,0.0,"[1, 13, 27, 3, 2, 0, 0, 0, 0, 0, 0, 0, 0]"
2677,<SOS>jeramy<EOS>     ,boy,"['j', 'e', 'r', 'a', 'm', 'y']",6,1.0,"[1, 12, 7, 20, 3, 15, 27, 2, 0, 0, 0, 0, 0]"
552,<SOS>nels<EOS>       ,boy,"['n', 'e', 'l', 's']",4,1.0,"[1, 16, 7, 14, 21, 2, 0, 0, 0, 0, 0, 0, 0]"
1230,<SOS>french<EOS>     ,boy,"['f', 'r', 'e', 'n', 'c', 'h']",6,1.0,"[1, 8, 20, 7, 16, 5, 10, 2, 0, 0, 0, 0, 0]"
6481,<SOS>madelynn<EOS>   ,girl,"['m', 'a', 'd', 'e', 'l', 'y', 'n', 'n']",8,0.0,"[1, 15, 3, 6, 7, 14, 27, 16, 16, 2, 0, 0, 0]"
5727,<SOS>rolanda<EOS>    ,girl,"['r', 'o', 'l', 'a', 'n', 'd', 'a']",7,0.0,"[1, 20, 17, 14, 3, 16, 6, 3, 2, 0, 0, 0, 0]"
3365,<SOS>leandro<EOS>    ,boy,"['l', 'e', 'a', 'n', 'd', 'r', 'o']",7,1.0,"[1, 14, 7, 3, 16, 6, 20, 17, 2, 0, 0, 0, 0]"
1523,<SOS>fuller<EOS>     ,boy,"['f', 'u', 'l', 'l', 'e', 'r']",6,1.0,"[1, 8, 23, 14, 14, 7, 20, 2, 0, 0, 0, 0, 0]"
2347,<SOS>les<EOS>        ,boy,"['l', 'e', 's']",3,1.0,"[1, 14, 7, 21, 2, 0, 0, 0, 0, 0, 0, 0, 0]"
4389,<SOS>fairy<EOS>      ,girl,"['f', 'a', 'i', 'r', 'y']",5,0.0,"[1, 8, 3, 11, 20, 27, 2, 0, 0, 0, 0, 0, 0]"
5601,<SOS>shana<EOS>      ,girl,"['s', 'h', 'a', 'n', 'a']",5,0.0,"[1, 21, 10, 3, 16, 3, 2, 0, 0, 0, 0, 0, 0]"
1709,<SOS>carmine<EOS>    ,boy,"['c', 'a', 'r', 'm', 'i', 'n', 'e']",7,1.0,"[1, 5, 3, 20, 15, 11, 16, 7, 2, 0, 0, 0, 0]"
5843,<SOS>felisha<EOS>    ,girl,"['f', 'e', 'l', 'i', 's', 'h', 'a']",7,0.0,"[1, 8, 7, 14, 11, 21, 10, 3, 2, 0, 0, 0, 0]"
6510,<SOS>tayla<EOS>      ,girl,"['t', 'a', 'y', 'l', 'a']",5,0.0,"[1, 22, 3, 27, 14, 3, 2, 0, 0, 0, 0, 0, 0]"
1395,<SOS>sullivan<EOS>   ,boy,"['s', 'u', 'l', 'l', 'i', 'v', 'a', 'n']",8,1.0,"[1, 21, 23, 14, 14, 11, 24, 3, 16, 2, 0, 0, 0]"
2145,<SOS>winifred<EOS>   ,boy,"['w', 'i', 'n', 'i', 'f', 'r', 'e', 'd']",8,1.0,"[1, 25, 11, 16, 11, 8, 20, 7, 6, 2, 0, 0, 0]"
3745,<SOS>dessa<EOS>      ,girl,"['d', 'e', 's', 's', 'a']",5,0.0,"[1, 6, 7, 21, 21, 3, 2, 0, 0, 0, 0, 0, 0]"
5998,<SOS>star<EOS>       ,girl,"['s', 't', 'a', 'r']",4,0.0,"[1, 21, 22, 3, 20, 2, 0, 0, 0, 0, 0, 0, 0]"
698,<SOS>elder<EOS>      ,boy,"['e', 'l', 'd', 'e', 'r']",5,1.0,"[1, 7, 14, 6, 7, 20, 2, 0, 0, 0, 0, 0, 0]"
646,<SOS>eben<EOS>       ,boy,"['e', 'b', 'e', 'n']",4,1.0,"[1, 7, 4, 7, 16, 2, 0, 0, 0, 0, 0, 0, 0]"
1464,<SOS>emiliano<EOS>   ,boy,"['e', 'm', 'i', 'l', 'i', 'a', 'n', 'o']",8,1.0,"[1, 7, 15, 11, 14, 11, 3, 16, 17, 2, 0, 0, 0]"
1710,<SOS>jonnie<EOS>     ,boy,"['j', 'o', 'n', 'n', 'i', 'e']",6,1.0,"[1, 12, 17, 16, 16, 11, 7, 2, 0, 0, 0, 0, 0]"
3391,<SOS>landan<EOS>     ,boy,"['l', 'a', 'n', 'd', 'a', 'n']",6,1.0,"[1, 14, 3, 16, 6, 3, 16, 2, 0, 0, 0, 0, 0]"
2565,<SOS>rigoberto<EOS>  ,boy,"['r', 'i', 'g', 'o', 'b', 'e', 'r', 't', 'o']",9,1.0,"[1, 20, 11, 9, 17, 4, 7, 20, 22, 17, 2, 0, 0]"
1241,<SOS>linn<EOS>       ,boy,"['l', 'i', 'n', 'n']",4,1.0,"[1, 14, 11, 16, 16, 2, 0, 0, 0, 0, 0, 0, 0]"
345,<SOS>judge<EOS>      ,boy,"['j', 'u', 'd', 'g', 'e']",5,1.0,"[1, 12, 23, 6, 9, 7, 2, 0, 0, 0, 0, 0, 0]"
4065,<SOS>lavonia<EOS>    ,girl,"['l', 'a', 'v', 'o', 'n', 'i', 'a']",7,0.0,"[1, 14, 3, 24, 17, 16, 11, 3, 2, 0, 0, 0, 0]"
2567,<SOS>destry<EOS>     ,boy,"['d', 'e', 's', 't', 'r', 'y']",6,1.0,"[1, 6, 7, 21, 22, 20, 27, 2, 0, 0, 0, 0, 0]"
2211,<SOS>davey<EOS>      ,boy,"['d', 'a', 'v', 'e', 'y']",5,1.0,"[1, 6, 3, 24, 7, 27, 2, 0, 0, 0, 0, 0, 0]"
6729,<SOS>jaslene<EOS>    ,girl,"['j', 'a', 's', 'l', 'e', 'n', 'e']",7,0.0,"[1, 12, 3, 21, 14, 7, 16, 7, 2, 0, 0, 0, 0]"
892,<SOS>salomon<EOS>    ,boy,"['s', 'a', 'l', 'o', 'm', 'o', 'n']",7,1.0,"[1, 21, 3, 14, 17, 15, 17, 16, 2, 0, 0, 0, 0]"
1113,<SOS>dennie<EOS>     ,boy,"['d', 'e', 'n', 'n', 'i', 'e']",6,1.0,"[1, 6, 7, 16, 16, 11, 7, 2, 0, 0, 0, 0, 0]"
3488,<SOS>isabelle<EOS>   ,girl,"['i', 's', 'a', 'b', 'e', 'l', 'l', 'e']",8,0.0,"[1, 11, 21, 3, 4, 7, 14, 14, 7, 2, 0, 0, 0]"
3180,<SOS>jajuan<EOS>     ,boy,"['j', 'a', 'j', 'u', 'a', 'n']",6,1.0,"[1, 12, 3, 12, 23, 3, 16, 2, 0, 0, 0, 0, 0]"
6266,<SOS>symone<EOS>     ,girl,"['s', 'y', 'm', 'o', 'n', 'e']",6,0.0,"[1, 21, 27, 15, 17, 16, 7, 2, 0, 0, 0, 0, 0]"
6446,<SOS>jailene<EOS>    ,girl,"['j', 'a', 'i', 'l', 'e', 'n', 'e']",7,0.0,"[1, 12, 3, 11, 14, 7, 16, 7, 2, 0, 0, 0, 0]"
5169,<SOS>deanne<EOS>     ,girl,"['d', 'e', 'a', 'n', 'n', 'e']",6,0.0,"[1, 6, 7, 3, 16, 16, 7, 2, 0, 0, 0, 0, 0]"
166,<SOS>leslie<EOS>     ,boy,"['l', 'e', 's', 'l', 'i', 'e']",6,1.0,"[1, 14, 7, 21, 14, 11, 7, 2, 0, 0, 0, 0, 0]"
3405,<SOS>raiden<EOS>     ,boy,"['r', 'a', 'i', 'd', 'e', 'n']",6,1.0,"[1, 20, 3, 11, 6, 7, 16, 2, 0, 0, 0, 0, 0]"
2552,<SOS>jayson<EOS>     ,boy,"['j', 'a', 'y', 's', 'o', 'n']",6,1.0,"[1, 12, 3, 27, 21, 17, 16, 2, 0, 0, 0, 0, 0]"
762,<SOS>creed<EOS>      ,boy,"['c', 'r', 'e', 'e', 'd']",5,1.0,"[1, 5, 20, 7, 7, 6, 2, 0, 0, 0, 0, 0, 0]"
2912,<SOS>durell<EOS>     ,boy,"['d', 'u', 'r', 'e', 'l', 'l']",6,1.0,"[1, 6, 23, 20, 7, 14, 14, 2, 0, 0, 0, 0, 0]"
2011,<SOS>graydon<EOS>    ,boy,"['g', 'r', 'a', 'y', 'd', 'o', 'n']",7,1.0,"[1, 9, 20, 3, 27, 6, 17, 16, 2, 0, 0, 0, 0]"
3851,<SOS>almira<EOS>     ,girl,"['a', 'l', 'm', 'i', 'r', 'a']",6,0.0,"[1, 3, 14, 15, 11, 20, 3, 2, 0, 0, 0, 0, 0]"
1482,<SOS>zenas<EOS>      ,boy,"['z', 'e', 'n', 'a', 's']",5,1.0,"[1, 28, 7, 16, 3, 21, 2, 0, 0, 0, 0, 0, 0]"
5779,<SOS>dyan<EOS>       ,girl,"['d', 'y', 'a', 'n']",4,0.0,"[1, 6, 27, 3, 16, 2, 0, 0, 0, 0, 0, 0, 0]"
1783,<SOS>moises<EOS>     ,boy,"['m', 'o', 'i', 's', 'e', 's']",6,1.0,"[1, 15, 17, 11, 21, 7, 21, 2, 0, 0, 0, 0, 0]"
5745,<SOS>kyra<EOS>       ,girl,"['k', 'y', 'r', 'a']",4,0.0,"[1, 13, 27, 20, 3, 2, 0, 0, 0, 0, 0, 0, 0]"
5606,<SOS>tonda<EOS>      ,girl,"['t', 'o', 'n', 'd', 'a']",5,0.0,"[1, 22, 17, 16, 6, 3, 2, 0, 0, 0, 0, 0, 0]"
4726,<SOS>zela<EOS>       ,girl,"['z', 'e', 'l', 'a']",4,0.0,"[1, 28, 7, 14, 3, 2, 0, 0, 0, 0, 0, 0, 0]"
30,<SOS>peter<EOS>      ,boy,"['p', 'e', 't', 'e', 'r']",5,1.0,"[1, 18, 7, 22, 7, 20, 2, 0, 0, 0, 0, 0, 0]"
6551,<SOS>hailie<EOS>     ,girl,"['h', 'a', 'i', 'l', 'i', 'e']",6,0.0,"[1, 10, 3, 11, 14, 11, 7, 2, 0, 0, 0, 0, 0]"
3806,<SOS>philomena<EOS>  ,girl,"['p', 'h', 'i', 'l', 'o', 'm', 'e', 'n', 'a']",9,0.0,"[1, 18, 10, 11, 14, 17, 15, 7, 16, 3, 2, 0, 0]"
6527,<SOS>aniyah<EOS>     ,girl,"['a', 'n', 'i', 'y', 'a', 'h']",6,0.0,"[1, 3, 16, 11, 27, 3, 10, 2, 0, 0, 0, 0, 0]"
27,<SOS>jesse<EOS>      ,boy,"['j', 'e', 's', 's', 'e']",5,1.0,"[1, 12, 7, 21, 21, 7, 2, 0, 0, 0, 0, 0, 0]"
4143,<SOS>coralie<EOS>    ,girl,"['c', 'o', 'r', 'a', 'l', 'i', 'e']",7,0.0,"[1, 5, 17, 20, 3, 14, 11, 7, 2, 0, 0, 0, 0]"
2582,<SOS>darian<EOS>     ,boy,"['d', 'a', 'r', 'i', 'a', 'n']",6,1.0,"[1, 6, 3, 20, 11, 3, 16, 2, 0, 0, 0, 0, 0]"
3453,<SOS>hannah<EOS>     ,girl,"['h', 'a', 'n', 'n', 'a', 'h']",6,0.0,"[1, 10, 3, 16, 16, 3, 10, 2, 0, 0, 0, 0, 0]"
4533,<SOS>ragna<EOS>      ,girl,"['r', 'a', 'g', 'n', 'a']",5,0.0,"[1, 20, 3, 9, 16, 3, 2, 0, 0, 0, 0, 0, 0]"
2998,<SOS>trevon<EOS>     ,boy,"['t', 'r', 'e', 'v', 'o', 'n']",6,1.0,"[1, 22, 20, 7, 24, 17, 16, 2, 0, 0, 0, 0, 0]"
3551,<SOS>angie<EOS>      ,girl,"['a', 'n', 'g', 'i', 'e']",5,0.0,"[1, 3, 16, 9, 11, 7, 2, 0, 0, 0, 0, 0, 0]"
3236,<SOS>braiden<EOS>    ,boy,"['b', 'r', 'a', 'i', 'd', 'e', 'n']",7,1.0,"[1, 4, 20, 3, 11, 6, 7, 16, 2, 0, 0, 0, 0]"
2111,<SOS>merwin<EOS>     ,boy,"['m', 'e', 'r', 'w', 'i', 'n']",6,1.0,"[1, 15, 7, 20, 25, 11, 16, 2, 0, 0, 0, 0, 0]"
6178,<SOS>skye<EOS>       ,girl,"['s', 'k', 'y', 'e']",4,0.0,"[1, 21, 13, 27, 7, 2, 0, 0, 0, 0, 0, 0, 0]"
6512,<SOS>jaycee<EOS>     ,girl,"['j', 'a', 'y', 'c', 'e', 'e']",6,0.0,"[1, 12, 3, 27, 5, 7, 7, 2, 0, 0, 0, 0, 0]"
1918,<SOS>eunice<EOS>     ,boy,"['e', 'u', 'n', 'i', 'c', 'e']",6,1.0,"[1, 7, 23, 16, 11, 5, 7, 2, 0, 0, 0, 0, 0]"
3372,<SOS>camryn<EOS>     ,boy,"['c', 'a', 'm', 'r', 'y', 'n']",6,1.0,"[1, 5, 3, 15, 20, 27, 16, 2, 0, 0, 0, 0, 0]"
756,<SOS>burley<EOS>     ,boy,"['b', 'u', 'r', 'l', 'e', 'y']",6,1.0,"[1, 4, 23, 20, 14, 7, 27, 2, 0, 0, 0, 0, 0]"
1366,<SOS>linton<EOS>     ,boy,"['l', 'i', 'n', 't', 'o', 'n']",6,1.0,"[1, 14, 11, 16, 22, 17, 16, 2, 0, 0, 0, 0, 0]"
6545,<SOS>litzy<EOS>      ,girl,"['l', 'i', 't', 'z', 'y']",5,0.0,"[1, 14, 11, 22, 28, 27, 2, 0, 0, 0, 0, 0, 0]"
4374,<SOS>affie<EOS>      ,girl,"['a', 'f', 'f', 'i', 'e']",5,0.0,"[1, 3, 8, 8, 11, 7, 2, 0, 0, 0, 0, 0, 0]"
3472,<SOS>lela<EOS>       ,girl,"['l', 'e', 'l', 'a']",4,0.0,"[1, 14, 7, 14, 3, 2, 0, 0, 0, 0, 0, 0, 0]"
2645,<SOS>chandler<EOS>   ,boy,"['c', 'h', 'a', 'n', 'd', 'l', 'e', 'r']",8,1.0,"[1, 5, 10, 3, 16, 6, 14, 7, 20, 2, 0, 0, 0]"
4401,<SOS>loda<EOS>       ,girl,"['l', 'o', 'd', 'a']",4,0.0,"[1, 14, 17, 6, 3, 2, 0, 0, 0, 0, 0, 0, 0]"
359,<SOS>simeon<EOS>     ,boy,"['s', 'i', 'm', 'e', 'o', 'n']",6,1.0,"[1, 21, 11, 15, 7, 17, 16, 2, 0, 0, 0, 0, 0]"
4166,<SOS>glennie<EOS>    ,girl,"['g', 'l', 'e', 'n', 'n', 'i', 'e']",7,0.0,"[1, 9, 14, 7, 16, 16, 11, 7, 2, 0, 0, 0, 0]"
5313,<SOS>bettina<EOS>    ,girl,"['b', 'e', 't', 't', 'i', 'n', 'a']",7,0.0,"[1, 4, 7, 22, 22, 11, 16, 3, 2, 0, 0, 0, 0]"
3527,<SOS>lina<EOS>       ,girl,"['l', 'i', 'n', 'a']",4,0.0,"[1, 14, 11, 16, 3, 2, 0, 0, 0, 0, 0, 0, 0]"
4942,<SOS>victory<EOS>    ,girl,"['v', 'i', 'c', 't', 'o', 'r', 'y']",7,0.0,"[1, 24, 11, 5, 22, 17, 20, 27, 2, 0, 0, 0, 0]"
608,<SOS>denis<EOS>      ,boy,"['d', 'e', 'n', 'i', 's']",5,1.0,"[1, 6, 7, 16, 11, 21, 2, 0, 0, 0, 0, 0, 0]"
2598,<SOS>dereck<EOS>     ,boy,"['d', 'e', 'r', 'e', 'c', 'k']",6,1.0,"[1, 6, 7, 20, 7, 5, 13, 2, 0, 0, 0, 0, 0]"
4110,<SOS>thursa<EOS>     ,girl,"['t', 'h', 'u', 'r', 's', 'a']",6,0.0,"[1, 22, 10, 23, 20, 21, 3, 2, 0, 0, 0, 0, 0]"
4585,<SOS>lethia<EOS>     ,girl,"['l', 'e', 't', 'h', 'i', 'a']",6,0.0,"[1, 14, 7, 22, 10, 11, 3, 2, 0, 0, 0, 0, 0]"
4745,<SOS>berneice<EOS>   ,girl,"['b', 'e', 'r', 'n', 'e', 'i', 'c', 'e']",8,0.0,"[1, 4, 7, 20, 16, 7, 11, 5, 7, 2, 0, 0, 0]"
2330,<SOS>jeffry<EOS>     ,boy,"['j', 'e', 'f', 'f', 'r', 'y']",6,1.0,"[1, 12, 7, 8, 8, 20, 27, 2, 0, 0, 0, 0, 0]"
4452,<SOS>arletta<EOS>    ,girl,"['a', 'r', 'l', 'e', 't', 't', 'a']",7,0.0,"[1, 3, 20, 14, 7, 22, 22, 3, 2, 0, 0, 0, 0]"
4703,<SOS>verla<EOS>      ,girl,"['v', 'e', 'r', 'l', 'a']",5,0.0,"[1, 24, 7, 20, 14, 3, 2, 0, 0, 0, 0, 0, 0]"
6407,<SOS>emely<EOS>      ,girl,"['e', 'm', 'e', 'l', 'y']",5,0.0,"[1, 7, 15, 7, 14, 27, 2, 0, 0, 0, 0, 0, 0]"
58,<SOS>charley<EOS>    ,boy,"['c', 'h', 'a', 'r', 'l', 'e', 'y']",7,1.0,"[1, 5, 10, 3, 20, 14, 7, 27, 2, 0, 0, 0, 0]"
5738,<SOS>kisha<EOS>      ,girl,"['k', 'i', 's', 'h', 'a']",5,0.0,"[1, 13, 11, 21, 10, 3, 2, 0, 0, 0, 0, 0, 0]"
3625,<SOS>eda<EOS>        ,girl,"['e', 'd', 'a']",3,0.0,"[1, 7, 6, 3, 2, 0, 0, 0, 0, 0, 0, 0, 0]"
4112,<SOS>vannie<EOS>     ,girl,"['v', 'a', 'n', 'n', 'i', 'e']",6,0.0,"[1, 24, 3, 16, 16, 11, 7, 2, 0, 0, 0, 0, 0]"
3211,<SOS>rahul<EOS>      ,boy,"['r', 'a', 'h', 'u', 'l']",5,1.0,"[1, 20, 3, 10, 23, 14, 2, 0, 0, 0, 0, 0, 0]"
1869,<SOS>georgia<EOS>    ,boy,"['g', 'e', 'o', 'r', 'g', 'i', 'a']",7,1.0,"[1, 9, 7, 17, 20, 9, 11, 3, 2, 0, 0, 0, 0]"
5971,<SOS>karissa<EOS>    ,girl,"['k', 'a', 'r', 'i', 's', 's', 'a']",7,0.0,"[1, 13, 3, 20, 11, 21, 21, 3, 2, 0, 0, 0, 0]"
6269,<SOS>lucero<EOS>     ,girl,"['l', 'u', 'c', 'e', 'r', 'o']",6,0.0,"[1, 14, 23, 5, 7, 20, 17, 2, 0, 0, 0, 0, 0]"
4748,<SOS>marybelle<EOS>  ,girl,"['m', 'a', 'r', 'y', 'b', 'e', 'l', 'l', 'e']",9,0.0,"[1, 15, 3, 20, 27, 4, 7, 14, 14, 7, 2, 0, 0]"
614,<SOS>evans<EOS>      ,boy,"['e', 'v', 'a', 'n', 's']",5,1.0,"[1, 7, 24, 3, 16, 21, 2, 0, 0, 0, 0, 0, 0]"
6326,<SOS>tatyana<EOS>    ,girl,"['t', 'a', 't', 'y', 'a', 'n', 'a']",7,0.0,"[1, 22, 3, 22, 27, 3, 16, 3, 2, 0, 0, 0, 0]"
4837,<SOS>charlene<EOS>   ,girl,"['c', 'h', 'a', 'r', 'l', 'e', 'n', 'e']",8,0.0,"[1, 5, 10, 3, 20, 14, 7, 16, 7, 2, 0, 0, 0]"
3714,<SOS>hortense<EOS>   ,girl,"['h', 'o', 'r', 't', 'e', 'n', 's', 'e']",8,0.0,"[1, 10, 17, 20, 22, 7, 16, 21, 7, 2, 0, 0, 0]"
2794,<SOS>torry<EOS>      ,boy,"['t', 'o', 'r', 'r', 'y']",5,1.0,"[1, 22, 17, 20, 20, 27, 2, 0, 0, 0, 0, 0, 0]"
6401,<SOS>shania<EOS>     ,girl,"['s', 'h', 'a', 'n', 'i', 'a']",6,0.0,"[1, 21, 10, 3, 16, 11, 3, 2, 0, 0, 0, 0, 0]"
3961,<SOS>cinda<EOS>      ,girl,"['c', 'i', 'n', 'd', 'a']",5,0.0,"[1, 5, 11, 16, 6, 3, 2, 0, 0, 0, 0, 0, 0]"
952,<SOS>ely<EOS>        ,boy,"['e', 'l', 'y']",3,1.0,"[1, 7, 14, 27, 2, 0, 0, 0, 0, 0, 0, 0, 0]"
447,<SOS>foster<EOS>     ,boy,"['f', 'o', 's', 't', 'e', 'r']",6,1.0,"[1, 8, 17, 21, 22, 7, 20, 2, 0, 0, 0, 0, 0]"
443,<SOS>bryant<EOS>     ,boy,"['b', 'r', 'y', 'a', 'n', 't']",6,1.0,"[1, 4, 20, 27, 3, 16, 22, 2, 0, 0, 0, 0, 0]"
5716,<SOS>kirstin<EOS>    ,girl,"['k', 'i', 'r', 's', 't', 'i', 'n']",7,0.0,"[1, 13, 11, 20, 21, 22, 11, 16, 2, 0, 0, 0, 0]"
4904,<SOS>esperanza<EOS>  ,girl,"['e', 's', 'p', 'e', 'r', 'a', 'n', 'z', 'a']",9,0.0,"[1, 7, 21, 18, 7, 20, 3, 16, 28, 3, 2, 0, 0]"
4118,<SOS>alcie<EOS>      ,girl,"['a', 'l', 'c', 'i', 'e']",5,0.0,"[1, 3, 14, 5, 11, 7, 2, 0, 0, 0, 0, 0, 0]"
3923,<SOS>magdalen<EOS>   ,girl,"['m', 'a', 'g', 'd', 'a', 'l', 'e', 'n']",8,0.0,"[1, 15, 3, 9, 6, 3, 14, 7, 16, 2, 0, 0, 0]"
3172,<SOS>paxton<EOS>     ,boy,"['p', 'a', 'x', 't', 'o', 'n']",6,1.0,"[1, 18, 3, 26, 22, 17, 16, 2, 0, 0, 0, 0, 0]"
5398,<SOS>esmeralda<EOS>  ,girl,"['e', 's', 'm', 'e', 'r', 'a', 'l', 'd', 'a']",9,0.0,"[1, 7, 21, 15, 7, 20, 3, 14, 6, 3, 2, 0, 0]"
2468,<SOS>tad<EOS>        ,boy,"['t', 'a', 'd']",3,1.0,"[1, 22, 3, 6, 2, 0, 0, 0, 0, 0, 0, 0, 0]"
2842,<SOS>amit<EOS>       ,boy,"['a', 'm', 'i', 't']",4,1.0,"[1, 3, 15, 11, 22, 2, 0, 0, 0, 0, 0, 0, 0]"
4595,<SOS>octavie<EOS>    ,girl,"['o', 'c', 't', 'a', 'v', 'i', 'e']",7,0.0,"[1, 17, 5, 22, 3, 24, 11, 7, 2, 0, 0, 0, 0]"
4763,<SOS>luvinia<EOS>    ,girl,"['l', 'u', 'v', 'i', 'n', 'i', 'a']",7,0.0,"[1, 14, 23, 24, 11, 16, 11, 3, 2, 0, 0, 0, 0]"
6678,<SOS>siena<EOS>      ,girl,"['s', 'i', 'e', 'n', 'a']",5,0.0,"[1, 21, 11, 7, 16, 3, 2, 0, 0, 0, 0, 0, 0]"
6727,<SOS>mylee<EOS>      ,girl,"['m', 'y', 'l', 'e', 'e']",5,0.0,"[1, 15, 27, 14, 7, 7, 2, 0, 0, 0, 0, 0, 0]"
4556,<SOS>ica<EOS>        ,girl,"['i', 'c', 'a']",3,0.0,"[1, 11, 5, 3, 2, 0, 0, 0, 0, 0, 0, 0, 0]"
4314,<SOS>beckie<EOS>     ,girl,"['b', 'e', 'c', 'k', 'i', 'e']",6,0.0,"[1, 4, 7, 5, 13, 11, 7, 2, 0, 0, 0, 0, 0]"
232,<SOS>gordon<EOS>     ,boy,"['g', 'o', 'r', 'd', 'o', 'n']",6,1.0,"[1, 9, 17, 20, 6, 17, 16, 2, 0, 0, 0, 0, 0]"
595,<SOS>turner<EOS>     ,boy,"['t', 'u', 'r', 'n', 'e', 'r']",6,1.0,"[1, 22, 23, 20, 16, 7, 20, 2, 0, 0, 0, 0, 0]"
407,<SOS>fritz<EOS>      ,boy,"['f', 'r', 'i', 't', 'z']",5,1.0,"[1, 8, 20, 11, 22, 28, 2, 0, 0, 0, 0, 0, 0]"
1744,<SOS>fidel<EOS>      ,boy,"['f', 'i', 'd', 'e', 'l']",5,1.0,"[1, 8, 11, 6, 7, 14, 2, 0, 0, 0, 0, 0, 0]"
6764,<SOS>brynlee<EOS>    ,girl,"['b', 'r', 'y', 'n', 'l', 'e', 'e']",7,0.0,"[1, 4, 20, 27, 16, 14, 7, 7, 2, 0, 0, 0, 0]"
1181,<SOS>cleve<EOS>      ,boy,"['c', 'l', 'e', 'v', 'e']",5,1.0,"[1, 5, 14, 7, 24, 7, 2, 0, 0, 0, 0, 0, 0]"
3698,<SOS>constance<EOS>  ,girl,"['c', 'o', 'n', 's', 't', 'a', 'n', 'c', 'e']",9,0.0,"[1, 5, 17, 16, 21, 22, 3, 16, 5, 7, 2, 0, 0]"
5934,<SOS>carina<EOS>     ,girl,"['c', 'a', 'r', 'i', 'n', 'a']",6,0.0,"[1, 5, 3, 20, 11, 16, 3, 2, 0, 0, 0, 0, 0]"
3572,<SOS>nona<EOS>       ,girl,"['n', 'o', 'n', 'a']",4,0.0,"[1, 16, 17, 16, 3, 2, 0, 0, 0, 0, 0, 0, 0]"
1238,<SOS>leonidas<EOS>   ,boy,"['l', 'e', 'o', 'n', 'i', 'd', 'a', 's']",8,1.0,"[1, 14, 7, 17, 16, 11, 6, 3, 21, 2, 0, 0, 0]"
5851,<SOS>carly<EOS>      ,girl,"['c', 'a', 'r', 'l', 'y']",5,0.0,"[1, 5, 3, 20, 14, 27, 2, 0, 0, 0, 0, 0, 0]"
6478,<SOS>keeley<EOS>     ,girl,"['k', 'e', 'e', 'l', 'e', 'y']",6,0.0,"[1, 13, 7, 7, 14, 7, 27, 2, 0, 0, 0, 0, 0]"
248,<SOS>barney<EOS>     ,boy,"['b', 'a', 'r', 'n', 'e', 'y']",6,1.0,"[1, 4, 3, 20, 16, 7, 27, 2, 0, 0, 0, 0, 0]"
4237,<SOS>georgine<EOS>   ,girl,"['g', 'e', 'o', 'r', 'g', 'i', 'n', 'e']",8,0.0,"[1, 9, 7, 17, 20, 9, 11, 16, 7, 2, 0, 0, 0]"
4265,<SOS>texanna<EOS>    ,girl,"['t', 'e', 'x', 'a', 'n', 'n', 'a']",7,0.0,"[1, 22, 7, 26, 3, 16, 16, 3, 2, 0, 0, 0, 0]"
2690,<SOS>jeremey<EOS>    ,boy,"['j', 'e', 'r', 'e', 'm', 'e', 'y']",7,1.0,"[1, 12, 7, 20, 7, 15, 7, 27, 2, 0, 0, 0, 0]"
1767,<SOS>estel<EOS>      ,boy,"['e', 's', 't', 'e', 'l']",5,1.0,"[1, 7, 21, 22, 7, 14, 2, 0, 0, 0, 0, 0, 0]"
5269,<SOS>tana<EOS>       ,girl,"['t', 'a', 'n', 'a']",4,0.0,"[1, 22, 3, 16, 3, 2, 0, 0, 0, 0, 0, 0, 0]"
4957,<SOS>toshiko<EOS>    ,girl,"['t', 'o', 's', 'h', 'i', 'k', 'o']",7,0.0,"[1, 22, 17, 21, 10, 11, 13, 17, 2, 0, 0, 0, 0]"
3774,<SOS>malvina<EOS>    ,girl,"['m', 'a', 'l', 'v', 'i', 'n', 'a']",7,0.0,"[1, 15, 3, 14, 24, 11, 16, 3, 2, 0, 0, 0, 0]"
4610,<SOS>eloisa<EOS>     ,girl,"['e', 'l', 'o', 'i', 's', 'a']",6,0.0,"[1, 7, 14, 17, 11, 21, 3, 2, 0, 0, 0, 0, 0]"
6610,<SOS>keila<EOS>      ,girl,"['k', 'e', 'i', 'l', 'a']",5,0.0,"[1, 13, 7, 11, 14, 3, 2, 0, 0, 0, 0, 0, 0]"
5436,<SOS>valinda<EOS>    ,girl,"['v', 'a', 'l', 'i', 'n', 'd', 'a']",7,0.0,"[1, 24, 3, 14, 11, 16, 6, 3, 2, 0, 0, 0, 0]"
4636,<SOS>chessie<EOS>    ,girl,"['c', 'h', 'e', 's', 's', 'i', 'e']",7,0.0,"[1, 5, 10, 7, 21, 21, 11, 7, 2, 0, 0, 0, 0]"
1557,<SOS>irl<EOS>        ,boy,"['i', 'r', 'l']",3,1.0,"[1, 11, 20, 14, 2, 0, 0, 0, 0, 0, 0, 0, 0]"
1045,<SOS>cas<EOS>        ,boy,"['c', 'a', 's']",3,1.0,"[1, 5, 3, 21, 2, 0, 0, 0, 0, 0, 0, 0, 0]"
2546,<SOS>anibal<EOS>     ,boy,"['a', 'n', 'i', 'b', 'a', 'l']",6,1.0,"[1, 3, 16, 11, 4, 3, 14, 2, 0, 0, 0, 0, 0]"
3121,<SOS>draven<EOS>     ,boy,"['d', 'r', 'a', 'v', 'e', 'n']",6,1.0,"[1, 6, 20, 3, 24, 7, 16, 2, 0, 0, 0, 0, 0]"
902,<SOS>vernie<EOS>     ,boy,"['v', 'e', 'r', 'n', 'i', 'e']",6,1.0,"[1, 24, 7, 20, 16, 11, 7, 2, 0, 0, 0, 0, 0]"
5813,<SOS>cher<EOS>       ,girl,"['c', 'h', 'e', 'r']",4,0.0,"[1, 5, 10, 7, 20, 2, 0, 0, 0, 0, 0, 0, 0]"
1031,<SOS>ola<EOS>        ,boy,"['o', 'l', 'a']",3,1.0,"[1, 17, 14, 3, 2, 0, 0, 0, 0, 0, 0, 0, 0]"
6032,<SOS>kaci<EOS>       ,girl,"['k', 'a', 'c', 'i']",4,0.0,"[1, 13, 3, 5, 11, 2, 0, 0, 0, 0, 0, 0, 0]"
2660,<SOS>dax<EOS>        ,boy,"['d', 'a', 'x']",3,1.0,"[1, 6, 3, 26, 2, 0, 0, 0, 0, 0, 0, 0, 0]"
2913,<SOS>durrell<EOS>    ,boy,"['d', 'u', 'r', 'r', 'e', 'l', 'l']",7,1.0,"[1, 6, 23, 20, 20, 7, 14, 14, 2, 0, 0, 0, 0]"
3854,<SOS>becky<EOS>      ,girl,"['b', 'e', 'c', 'k', 'y']",5,0.0,"[1, 4, 7, 5, 13, 27, 2, 0, 0, 0, 0, 0, 0]"
2763,<SOS>marques<EOS>    ,boy,"['m', 'a', 'r', 'q', 'u', 'e', 's']",7,1.0,"[1, 15, 3, 20, 19, 23, 7, 21, 2, 0, 0, 0, 0]"
3776,<SOS>mazie<EOS>      ,girl,"['m', 'a', 'z', 'i', 'e']",5,0.0,"[1, 15, 3, 28, 11, 7, 2, 0, 0, 0, 0, 0, 0]"
6637,<SOS>janiyah<EOS>    ,girl,"['j', 'a', 'n', 'i', 'y', 'a', 'h']",7,0.0,"[1, 12, 3, 16, 11, 27, 3, 10, 2, 0, 0, 0, 0]"
1053,<SOS>helen<EOS>      ,boy,"['h', 'e', 'l', 'e', 'n']",5,1.0,"[1, 10, 7, 14, 7, 16, 2, 0, 0, 0, 0, 0, 0]"
6010,<SOS>breanna<EOS>    ,girl,"['b', 'r', 'e', 'a', 'n', 'n', 'a']",7,0.0,"[1, 4, 20, 7, 3, 16, 16, 3, 2, 0, 0, 0, 0]"
560,<SOS>thaddeus<EOS>   ,boy,"['t', 'h', 'a', 'd', 'd', 'e', 'u', 's']",8,1.0,"[1, 22, 10, 3, 6, 6, 7, 23, 21, 2, 0, 0, 0]"
1225,<SOS>clabe<EOS>      ,boy,"['c', 'l', 'a', 'b', 'e']",5,1.0,"[1, 5, 14, 3, 4, 7, 2, 0, 0, 0, 0, 0, 0]"
3867,<SOS>faye<EOS>       ,girl,"['f', 'a', 'y', 'e']",4,0.0,"[1, 8, 3, 27, 7, 2, 0, 0, 0, 0, 0, 0, 0]"
861,<SOS>harrie<EOS>     ,boy,"['h', 'a', 'r', 'r', 'i', 'e']",6,1.0,"[1, 10, 3, 20, 20, 11, 7, 2, 0, 0, 0, 0, 0]"
404,<SOS>bertram<EOS>    ,boy,"['b', 'e', 'r', 't', 'r', 'a', 'm']",7,1.0,"[1, 4, 7, 20, 22, 20, 3, 15, 2, 0, 0, 0, 0]"
2679,<SOS>kenya<EOS>      ,boy,"['k', 'e', 'n', 'y', 'a']",5,1.0,"[1, 13, 7, 16, 27, 3, 2, 0, 0, 0, 0, 0, 0]"
1538,<SOS>reid<EOS>       ,boy,"['r', 'e', 'i', 'd']",4,1.0,"[1, 20, 7, 11, 6, 2, 0, 0, 0, 0, 0, 0, 0]"
4508,<SOS>rutha<EOS>      ,girl,"['r', 'u', 't', 'h', 'a']",5,0.0,"[1, 20, 23, 22, 10, 3, 2, 0, 0, 0, 0, 0, 0]"
6140,<SOS>jessika<EOS>    ,girl,"['j', 'e', 's', 's', 'i', 'k', 'a']",7,0.0,"[1, 12, 7, 21, 21, 11, 13, 3, 2, 0, 0, 0, 0]"
2703,<SOS>kasey<EOS>      ,boy,"['k', 'a', 's', 'e', 'y']",5,1.0,"[1, 13, 3, 21, 7, 27, 2, 0, 0, 0, 0, 0, 0]"
68,<SOS>oliver<EOS>     ,boy,"['o', 'l', 'i', 'v', 'e', 'r']",6,1.0,"[1, 17, 14, 11, 24, 7, 20, 2, 0, 0, 0, 0, 0]"
3008,<SOS>kevon<EOS>      ,boy,"['k', 'e', 'v', 'o', 'n']",5,1.0,"[1, 13, 7, 24, 17, 16, 2, 0, 0, 0, 0, 0, 0]"
1822,<SOS>arvil<EOS>      ,boy,"['a', 'r', 'v', 'i', 'l']",5,1.0,"[1, 3, 20, 24, 11, 14, 2, 0, 0, 0, 0, 0, 0]"
574,<SOS>buford<EOS>     ,boy,"['b', 'u', 'f', 'o', 'r', 'd']",6,1.0,"[1, 4, 23, 8, 17, 20, 6, 2, 0, 0, 0, 0, 0]"
1016,<SOS>orange<EOS>     ,boy,"['o', 'r', 'a', 'n', 'g', 'e']",6,1.0,"[1, 17, 20, 3, 16, 9, 7, 2, 0, 0, 0, 0, 0]"
602,<SOS>anson<EOS>      ,boy,"['a', 'n', 's', 'o', 'n']",5,1.0,"[1, 3, 16, 21, 17, 16, 2, 0, 0, 0, 0, 0, 0]"
4632,<SOS>erla<EOS>       ,girl,"['e', 'r', 'l', 'a']",4,0.0,"[1, 7, 20, 14, 3, 2, 0, 0, 0, 0, 0, 0, 0]"
1985,<SOS>hilbert<EOS>    ,boy,"['h', 'i', 'l', 'b', 'e', 'r', 't']",7,1.0,"[1, 10, 11, 14, 4, 7, 20, 22, 2, 0, 0, 0, 0]"
6414,<SOS>brooklynn<EOS>  ,girl,"['b', 'r', 'o', 'o', 'k', 'l', 'y', 'n', 'n']",9,0.0,"[1, 4, 20, 17, 17, 13, 14, 27, 16, 16, 2, 0, 0]"
1411,<SOS>moody<EOS>      ,boy,"['m', 'o', 'o', 'd', 'y']",5,1.0,"[1, 15, 17, 17, 6, 27, 2, 0, 0, 0, 0, 0, 0]"
3506,<SOS>johanna<EOS>    ,girl,"['j', 'o', 'h', 'a', 'n', 'n', 'a']",7,0.0,"[1, 12, 17, 10, 3, 16, 16, 3, 2, 0, 0, 0, 0]"
6632,<SOS>kiya<EOS>       ,girl,"['k', 'i', 'y', 'a']",4,0.0,"[1, 13, 11, 27, 3, 2, 0, 0, 0, 0, 0, 0, 0]"
3062,<SOS>davonta<EOS>    ,boy,"['d', 'a', 'v', 'o', 'n', 't', 'a']",7,1.0,"[1, 6, 3, 24, 17, 16, 22, 3, 2, 0, 0, 0, 0]"
4732,<SOS>vlasta<EOS>     ,girl,"['v', 'l', 'a', 's', 't', 'a']",6,0.0,"[1, 24, 14, 3, 21, 22, 3, 2, 0, 0, 0, 0, 0]"
98,<SOS>jerry<EOS>      ,boy,"['j', 'e', 'r', 'r', 'y']",5,1.0,"[1, 12, 7, 20, 20, 27, 2, 0, 0, 0, 0, 0, 0]"
847,<SOS>elihu<EOS>      ,boy,"['e', 'l', 'i', 'h', 'u']",5,1.0,"[1, 7, 14, 11, 10, 23, 2, 0, 0, 0, 0, 0, 0]"
2489,<SOS>desi<EOS>       ,boy,"['d', 'e', 's', 'i']",4,1.0,"[1, 6, 7, 21, 11, 2, 0, 0, 0, 0, 0, 0, 0]"
6543,<SOS>saige<EOS>      ,girl,"['s', 'a', 'i', 'g', 'e']",5,0.0,"[1, 21, 3, 11, 9, 7, 2, 0, 0, 0, 0, 0, 0]"
205,<SOS>scott<EOS>      ,boy,"['s', 'c', 'o', 't', 't']",5,1.0,"[1, 21, 5, 17, 22, 22, 2, 0, 0, 0, 0, 0, 0]"
4007,<SOS>nealie<EOS>     ,girl,"['n', 'e', 'a', 'l', 'i', 'e']",6,0.0,"[1, 16, 7, 3, 14, 11, 7, 2, 0, 0, 0, 0, 0]"
5091,<SOS>belia<EOS>      ,girl,"['b', 'e', 'l', 'i', 'a']",5,0.0,"[1, 4, 7, 14, 11, 3, 2, 0, 0, 0, 0, 0, 0]"
6623,<SOS>maleah<EOS>     ,girl,"['m', 'a', 'l', 'e', 'a', 'h']",6,0.0,"[1, 15, 3, 14, 7, 3, 10, 2, 0, 0, 0, 0, 0]"
2225,<SOS>derl<EOS>       ,boy,"['d', 'e', 'r', 'l']",4,1.0,"[1, 6, 7, 20, 14, 2, 0, 0, 0, 0, 0, 0, 0]"
1124,<SOS>esta<EOS>       ,boy,"['e', 's', 't', 'a']",4,1.0,"[1, 7, 21, 22, 3, 2, 0, 0, 0, 0, 0, 0, 0]"
2178,<SOS>refugio<EOS>    ,boy,"['r', 'e', 'f', 'u', 'g', 'i', 'o']",7,1.0,"[1, 20, 7, 8, 23, 9, 11, 17, 2, 0, 0, 0, 0]"
941,<SOS>daisy<EOS>      ,boy,"['d', 'a', 'i', 's', 'y']",5,1.0,"[1, 6, 3, 11, 21, 27, 2, 0, 0, 0, 0, 0, 0]"
3196,<SOS>jacquez<EOS>    ,boy,"['j', 'a', 'c', 'q', 'u', 'e', 'z']",7,1.0,"[1, 12, 3, 5, 19, 23, 7, 28, 2, 0, 0, 0, 0]"
5602,<SOS>delisa<EOS>     ,girl,"['d', 'e', 'l', 'i', 's', 'a']",6,0.0,"[1, 6, 7, 14, 11, 21, 3, 2, 0, 0, 0, 0, 0]"
4587,<SOS>rubye<EOS>      ,girl,"['r', 'u', 'b', 'y', 'e']",5,0.0,"[1, 20, 23, 4, 27, 7, 2, 0, 0, 0, 0, 0, 0]"
5850,<SOS>alethea<EOS>    ,girl,"['a', 'l', 'e', 't', 'h', 'e', 'a']",7,0.0,"[1, 3, 14, 7, 22, 10, 7, 3, 2, 0, 0, 0, 0]"
2571,<SOS>kipp<EOS>       ,boy,"['k', 'i', 'p', 'p']",4,1.0,"[1, 13, 11, 18, 18, 2, 0, 0, 0, 0, 0, 0, 0]"
6514,<SOS>kennedi<EOS>    ,girl,"['k', 'e', 'n', 'n', 'e', 'd', 'i']",7,0.0,"[1, 13, 7, 16, 16, 7, 6, 11, 2, 0, 0, 0, 0]"
4680,<SOS>maurine<EOS>    ,girl,"['m', 'a', 'u', 'r', 'i', 'n', 'e']",7,0.0,"[1, 15, 3, 23, 20, 11, 16, 7, 2, 0, 0, 0, 0]"
1095,<SOS>alto<EOS>       ,boy,"['a', 'l', 't', 'o']",4,1.0,"[1, 3, 14, 22, 17, 2, 0, 0, 0, 0, 0, 0, 0]"
4952,<SOS>doreen<EOS>     ,girl,"['d', 'o', 'r', 'e', 'e', 'n']",6,0.0,"[1, 6, 17, 20, 7, 7, 16, 2, 0, 0, 0, 0, 0]"
2083,<SOS>wyman<EOS>      ,boy,"['w', 'y', 'm', 'a', 'n']",5,1.0,"[1, 25, 27, 15, 3, 16, 2, 0, 0, 0, 0, 0, 0]"
1602,<SOS>horton<EOS>     ,boy,"['h', 'o', 'r', 't', 'o', 'n']",6,1.0,"[1, 10, 17, 20, 22, 17, 16, 2, 0, 0, 0, 0, 0]"
3044,<SOS>bilal<EOS>      ,boy,"['b', 'i', 'l', 'a', 'l']",5,1.0,"[1, 4, 11, 14, 3, 14, 2, 0, 0, 0, 0, 0, 0]"
1673,<SOS>boone<EOS>      ,boy,"['b', 'o', 'o', 'n', 'e']",5,1.0,"[1, 4, 17, 17, 16, 7, 2, 0, 0, 0, 0, 0, 0]"
2230,<SOS>wally<EOS>      ,boy,"['w', 'a', 'l', 'l', 'y']",5,1.0,"[1, 25, 3, 14, 14, 27, 2, 0, 0, 0, 0, 0, 0]"
5647,<SOS>brigid<EOS>     ,girl,"['b', 'r', 'i', 'g', 'i', 'd']",6,0.0,"[1, 4, 20, 11, 9, 11, 6, 2, 0, 0, 0, 0, 0]"
1100,<SOS>belton<EOS>     ,boy,"['b', 'e', 'l', 't', 'o', 'n']",6,1.0,"[1, 4, 7, 14, 22, 17, 16, 2, 0, 0, 0, 0, 0]"
970,<SOS>hardie<EOS>     ,boy,"['h', 'a', 'r', 'd', 'i', 'e']",6,1.0,"[1, 10, 3, 20, 6, 11, 7, 2, 0, 0, 0, 0, 0]"
6569,<SOS>janiya<EOS>     ,girl,"['j', 'a', 'n', 'i', 'y', 'a']",6,0.0,"[1, 12, 3, 16, 11, 27, 3, 2, 0, 0, 0, 0, 0]"
2588,<SOS>jarrod<EOS>     ,boy,"['j', 'a', 'r', 'r', 'o', 'd']",6,1.0,"[1, 12, 3, 20, 20, 17, 6, 2, 0, 0, 0, 0, 0]"
201,<SOS>enoch<EOS>      ,boy,"['e', 'n', 'o', 'c', 'h']",5,1.0,"[1, 7, 16, 17, 5, 10, 2, 0, 0, 0, 0, 0, 0]"
307,<SOS>forest<EOS>     ,boy,"['f', 'o', 'r', 'e', 's', 't']",6,1.0,"[1, 8, 17, 20, 7, 21, 22, 2, 0, 0, 0, 0, 0]"
4012,<SOS>ottilie<EOS>    ,girl,"['o', 't', 't', 'i', 'l', 'i', 'e']",7,0.0,"[1, 17, 22, 22, 11, 14, 11, 7, 2, 0, 0, 0, 0]"
4392,<SOS>francina<EOS>   ,girl,"['f', 'r', 'a', 'n', 'c', 'i', 'n', 'a']",8,0.0,"[1, 8, 20, 3, 16, 5, 11, 16, 3, 2, 0, 0, 0]"
2146,<SOS>edsel<EOS>      ,boy,"['e', 'd', 's', 'e', 'l']",5,1.0,"[1, 7, 6, 21, 7, 14, 2, 0, 0, 0, 0, 0, 0]"
4658,<SOS>signa<EOS>      ,girl,"['s', 'i', 'g', 'n', 'a']",5,0.0,"[1, 21, 11, 9, 16, 3, 2, 0, 0, 0, 0, 0, 0]"
4005,<SOS>minda<EOS>      ,girl,"['m', 'i', 'n', 'd', 'a']",5,0.0,"[1, 15, 11, 16, 6, 3, 2, 0, 0, 0, 0, 0, 0]"
2285,<SOS>donnell<EOS>    ,boy,"['d', 'o', 'n', 'n', 'e', 'l', 'l']",7,1.0,"[1, 6, 17, 16, 16, 7, 14, 14, 2, 0, 0, 0, 0]"
1385,<SOS>tollie<EOS>     ,boy,"['t', 'o', 'l', 'l', 'i', 'e']",6,1.0,"[1, 22, 17, 14, 14, 11, 7, 2, 0, 0, 0, 0, 0]"
6506,<SOS>caleigh<EOS>    ,girl,"['c', 'a', 'l', 'e', 'i', 'g', 'h']",7,0.0,"[1, 5, 3, 14, 7, 11, 9, 10, 2, 0, 0, 0, 0]"
5527,<SOS>karrie<EOS>     ,girl,"['k', 'a', 'r', 'r', 'i', 'e']",6,0.0,"[1, 13, 3, 20, 20, 11, 7, 2, 0, 0, 0, 0, 0]"
2033,<SOS>rodolfo<EOS>    ,boy,"['r', 'o', 'd', 'o', 'l', 'f', 'o']",7,1.0,"[1, 20, 17, 6, 17, 14, 8, 17, 2, 0, 0, 0, 0]"
3656,<SOS>lutie<EOS>      ,girl,"['l', 'u', 't', 'i', 'e']",5,0.0,"[1, 14, 23, 22, 11, 7, 2, 0, 0, 0, 0, 0, 0]"
6201,<SOS>stephani<EOS>   ,girl,"['s', 't', 'e', 'p', 'h', 'a', 'n', 'i']",8,0.0,"[1, 21, 22, 7, 18, 10, 3, 16, 11, 2, 0, 0, 0]"
5788,<SOS>ayanna<EOS>     ,girl,"['a', 'y', 'a', 'n', 'n', 'a']",6,0.0,"[1, 3, 27, 3, 16, 16, 3, 2, 0, 0, 0, 0, 0]"
655,<SOS>hamp<EOS>       ,boy,"['h', 'a', 'm', 'p']",4,1.0,"[1, 10, 3, 15, 18, 2, 0, 0, 0, 0, 0, 0, 0]"
5732,<SOS>cinnamon<EOS>   ,girl,"['c', 'i', 'n', 'n', 'a', 'm', 'o', 'n']",8,0.0,"[1, 5, 11, 16, 16, 3, 15, 17, 16, 2, 0, 0, 0]"
2402,<SOS>ezzard<EOS>     ,boy,"['e', 'z', 'z', 'a', 'r', 'd']",6,1.0,"[1, 7, 28, 28, 3, 20, 6, 2, 0, 0, 0, 0, 0]"
1590,<SOS>diego<EOS>      ,boy,"['d', 'i', 'e', 'g', 'o']",5,1.0,"[1, 6, 11, 7, 9, 17, 2, 0, 0, 0, 0, 0, 0]"
4814,<SOS>madalyn<EOS>    ,girl,"['m', 'a', 'd', 'a', 'l', 'y', 'n']",7,0.0,"[1, 15, 3, 6, 3, 14, 27, 16, 2, 0, 0, 0, 0]"
3494,<SOS>katharine<EOS>  ,girl,"['k', 'a', 't', 'h', 'a', 'r', 'i', 'n', 'e']",9,0.0,"[1, 13, 3, 22, 10, 3, 20, 11, 16, 7, 2, 0, 0]"
7,<SOS>thomas<EOS>     ,boy,"['t', 'h', 'o', 'm', 'a', 's']",6,1.0,"[1, 22, 10, 17, 15, 3, 21, 2, 0, 0, 0, 0, 0]"
2659,<SOS>bronson<EOS>    ,boy,"['b', 'r', 'o', 'n', 's', 'o', 'n']",7,1.0,"[1, 4, 20, 17, 16, 21, 17, 16, 2, 0, 0, 0, 0]"
6457,<SOS>joslyn<EOS>     ,girl,"['j', 'o', 's', 'l', 'y', 'n']",6,0.0,"[1, 12, 17, 21, 14, 27, 16, 2, 0, 0, 0, 0, 0]"
1078,<SOS>heber<EOS>      ,boy,"['h', 'e', 'b', 'e', 'r']",5,1.0,"[1, 10, 7, 4, 7, 20, 2, 0, 0, 0, 0, 0, 0]"
465,<SOS>casper<EOS>     ,boy,"['c', 'a', 's', 'p', 'e', 'r']",6,1.0,"[1, 5, 3, 21, 18, 7, 20, 2, 0, 0, 0, 0, 0]"
781,<SOS>lonie<EOS>      ,boy,"['l', 'o', 'n', 'i', 'e']",5,1.0,"[1, 14, 17, 16, 11, 7, 2, 0, 0, 0, 0, 0, 0]"
399,<SOS>vern<EOS>       ,boy,"['v', 'e', 'r', 'n']",4,1.0,"[1, 24, 7, 20, 16, 2, 0, 0, 0, 0, 0, 0, 0]"
1834,<SOS>ovila<EOS>      ,boy,"['o', 'v', 'i', 'l', 'a']",5,1.0,"[1, 17, 24, 11, 14, 3, 2, 0, 0, 0, 0, 0, 0]"
3132,<SOS>greyson<EOS>    ,boy,"['g', 'r', 'e', 'y', 's', 'o', 'n']",7,1.0,"[1, 9, 20, 7, 27, 21, 17, 16, 2, 0, 0, 0, 0]"
3558,<SOS>lilla<EOS>      ,girl,"['l', 'i', 'l', 'l', 'a']",5,0.0,"[1, 14, 11, 14, 14, 3, 2, 0, 0, 0, 0, 0, 0]"
1551,<SOS>calhoun<EOS>    ,boy,"['c', 'a', 'l', 'h', 'o', 'u', 'n']",7,1.0,"[1, 5, 3, 14, 10, 17, 23, 16, 2, 0, 0, 0, 0]"
6373,<SOS>hana<EOS>       ,girl,"['h', 'a', 'n', 'a']",4,0.0,"[1, 10, 3, 16, 3, 2, 0, 0, 0, 0, 0, 0, 0]"
5334,<SOS>michaele<EOS>   ,girl,"['m', 'i', 'c', 'h', 'a', 'e', 'l', 'e']",8,0.0,"[1, 15, 11, 5, 10, 3, 7, 14, 7, 2, 0, 0, 0]"
4325,<SOS>dellie<EOS>     ,girl,"['d', 'e', 'l', 'l', 'i', 'e']",6,0.0,"[1, 6, 7, 14, 14, 11, 7, 2, 0, 0, 0, 0, 0]"
2212,<SOS>derald<EOS>     ,boy,"['d', 'e', 'r', 'a', 'l', 'd']",6,1.0,"[1, 6, 7, 20, 3, 14, 6, 2, 0, 0, 0, 0, 0]"
6423,<SOS>annika<EOS>     ,girl,"['a', 'n', 'n', 'i', 'k', 'a']",6,0.0,"[1, 3, 16, 16, 11, 13, 3, 2, 0, 0, 0, 0, 0]"
3742,<SOS>celestine<EOS>  ,girl,"['c', 'e', 'l', 'e', 's', 't', 'i', 'n', 'e']",9,0.0,"[1, 5, 7, 14, 7, 21, 22, 11, 16, 7, 2, 0, 0]"
6181,<SOS>tiera<EOS>      ,girl,"['t', 'i', 'e', 'r', 'a']",5,0.0,"[1, 22, 11, 7, 20, 3, 2, 0, 0, 0, 0, 0, 0]"
6648,<SOS>karyme<EOS>     ,girl,"['k', 'a', 'r', 'y', 'm', 'e']",6,0.0,"[1, 13, 3, 20, 27, 15, 7, 2, 0, 0, 0, 0, 0]"
3997,<SOS>madie<EOS>      ,girl,"['m', 'a', 'd', 'i', 'e']",5,0.0,"[1, 15, 3, 6, 11, 7, 2, 0, 0, 0, 0, 0, 0]"
3678,<SOS>evie<EOS>       ,girl,"['e', 'v', 'i', 'e']",4,0.0,"[1, 7, 24, 11, 7, 2, 0, 0, 0, 0, 0, 0, 0]"
2820,<SOS>nicholaus<EOS>  ,boy,"['n', 'i', 'c', 'h', 'o', 'l', 'a', 'u', 's']",9,1.0,"[1, 16, 11, 5, 10, 17, 14, 3, 23, 21, 2, 0, 0]"
3922,<SOS>lular<EOS>      ,girl,"['l', 'u', 'l', 'a', 'r']",5,0.0,"[1, 14, 23, 14, 3, 20, 2, 0, 0, 0, 0, 0, 0]"
5494,<SOS>jami<EOS>       ,girl,"['j', 'a', 'm', 'i']",4,0.0,"[1, 12, 3, 15, 11, 2, 0, 0, 0, 0, 0, 0, 0]"
1290,<SOS>gaylord<EOS>    ,boy,"['g', 'a', 'y', 'l', 'o', 'r', 'd']",7,1.0,"[1, 9, 3, 27, 14, 17, 20, 6, 2, 0, 0, 0, 0]"
3247,<SOS>sincere<EOS>    ,boy,"['s', 'i', 'n', 'c', 'e', 'r', 'e']",7,1.0,"[1, 21, 11, 16, 5, 7, 20, 7, 2, 0, 0, 0, 0]"
5611,<SOS>deneen<EOS>     ,girl,"['d', 'e', 'n', 'e', 'e', 'n']",6,0.0,"[1, 6, 7, 16, 7, 7, 16, 2, 0, 0, 0, 0, 0]"
6153,<SOS>shardae<EOS>    ,girl,"['s', 'h', 'a', 'r', 'd', 'a', 'e']",7,0.0,"[1, 21, 10, 3, 20, 6, 3, 7, 2, 0, 0, 0, 0]"
5822,<SOS>camisha<EOS>    ,girl,"['c', 'a', 'm', 'i', 's', 'h', 'a']",7,0.0,"[1, 5, 3, 15, 11, 21, 10, 3, 2, 0, 0, 0, 0]"
5683,<SOS>josette<EOS>    ,girl,"['j', 'o', 's', 'e', 't', 't', 'e']",7,0.0,"[1, 12, 17, 21, 7, 22, 22, 7, 2, 0, 0, 0, 0]"
5212,<SOS>lonna<EOS>      ,girl,"['l', 'o', 'n', 'n', 'a']",5,0.0,"[1, 14, 17, 16, 16, 3, 2, 0, 0, 0, 0, 0, 0]"
3450,<SOS>belle<EOS>      ,girl,"['b', 'e', 'l', 'l', 'e']",5,0.0,"[1, 4, 7, 14, 14, 7, 2, 0, 0, 0, 0, 0, 0]"
3791,<SOS>diana<EOS>      ,girl,"['d', 'i', 'a', 'n', 'a']",5,0.0,"[1, 6, 11, 3, 16, 3, 2, 0, 0, 0, 0, 0, 0]"
3989,<SOS>kathryne<EOS>   ,girl,"['k', 'a', 't', 'h', 'r', 'y', 'n', 'e']",8,0.0,"[1, 13, 3, 22, 10, 20, 27, 16, 7, 2, 0, 0, 0]"
935,<SOS>chalmers<EOS>   ,boy,"['c', 'h', 'a', 'l', 'm', 'e', 'r', 's']",8,1.0,"[1, 5, 10, 3, 14, 15, 7, 20, 21, 2, 0, 0, 0]"
6393,<SOS>shyann<EOS>     ,girl,"['s', 'h', 'y', 'a', 'n', 'n']",6,0.0,"[1, 21, 10, 27, 3, 16, 16, 2, 0, 0, 0, 0, 0]"
4260,<SOS>rosey<EOS>      ,girl,"['r', 'o', 's', 'e', 'y']",5,0.0,"[1, 20, 17, 21, 7, 27, 2, 0, 0, 0, 0, 0, 0]"
2315,<SOS>lawrance<EOS>   ,boy,"['l', 'a', 'w', 'r', 'a', 'n', 'c', 'e']",8,1.0,"[1, 14, 3, 25, 20, 3, 16, 5, 7, 2, 0, 0, 0]"
3659,<SOS>rita<EOS>       ,girl,"['r', 'i', 't', 'a']",4,0.0,"[1, 20, 11, 22, 3, 2, 0, 0, 0, 0, 0, 0, 0]"
257,<SOS>burt<EOS>       ,boy,"['b', 'u', 'r', 't']",4,1.0,"[1, 4, 23, 20, 22, 2, 0, 0, 0, 0, 0, 0, 0]"
2051,<SOS>mariano<EOS>    ,boy,"['m', 'a', 'r', 'i', 'a', 'n', 'o']",7,1.0,"[1, 15, 3, 20, 11, 3, 16, 17, 2, 0, 0, 0, 0]"
2991,<SOS>kiara<EOS>      ,boy,"['k', 'i', 'a', 'r', 'a']",5,1.0,"[1, 13, 11, 3, 20, 3, 2, 0, 0, 0, 0, 0, 0]"
3161,<SOS>jaret<EOS>      ,boy,"['j', 'a', 'r', 'e', 't']",5,1.0,"[1, 12, 3, 20, 7, 22, 2, 0, 0, 0, 0, 0, 0]"
3611,<SOS>adah<EOS>       ,girl,"['a', 'd', 'a', 'h']",4,0.0,"[1, 3, 6, 3, 10, 2, 0, 0, 0, 0, 0, 0, 0]"
4594,<SOS>gunda<EOS>      ,girl,"['g', 'u', 'n', 'd', 'a']",5,0.0,"[1, 9, 23, 16, 6, 3, 2, 0, 0, 0, 0, 0, 0]"
6028,<SOS>kacie<EOS>      ,girl,"['k', 'a', 'c', 'i', 'e']",5,0.0,"[1, 13, 3, 5, 11, 7, 2, 0, 0, 0, 0, 0, 0]"
1136,<SOS>joesph<EOS>     ,boy,"['j', 'o', 'e', 's', 'p', 'h']",6,1.0,"[1, 12, 17, 7, 21, 18, 10, 2, 0, 0, 0, 0, 0]"
486,<SOS>cicero<EOS>     ,boy,"['c', 'i', 'c', 'e', 'r', 'o']",6,1.0,"[1, 5, 11, 5, 7, 20, 17, 2, 0, 0, 0, 0, 0]"
3546,<SOS>lucile<EOS>     ,girl,"['l', 'u', 'c', 'i', 'l', 'e']",6,0.0,"[1, 14, 23, 5, 11, 14, 7, 2, 0, 0, 0, 0, 0]"
4563,<SOS>vergie<EOS>     ,girl,"['v', 'e', 'r', 'g', 'i', 'e']",6,0.0,"[1, 24, 7, 20, 9, 11, 7, 2, 0, 0, 0, 0, 0]"
1370,<SOS>loring<EOS>     ,boy,"['l', 'o', 'r', 'i', 'n', 'g']",6,1.0,"[1, 14, 17, 20, 11, 16, 9, 2, 0, 0, 0, 0, 0]"
3314,<SOS>osbaldo<EOS>    ,boy,"['o', 's', 'b', 'a', 'l', 'd', 'o']",7,1.0,"[1, 17, 21, 4, 3, 14, 6, 17, 2, 0, 0, 0, 0]"
1137,<SOS>johnathan<EOS>  ,boy,"['j', 'o', 'h', 'n', 'a', 't', 'h', 'a', 'n']",9,1.0,"[1, 12, 17, 10, 16, 3, 22, 10, 3, 16, 2, 0, 0]"
494,<SOS>nat<EOS>        ,boy,"['n', 'a', 't']",3,1.0,"[1, 16, 3, 22, 2, 0, 0, 0, 0, 0, 0, 0, 0]"
2133,<SOS>berlin<EOS>     ,boy,"['b', 'e', 'r', 'l', 'i', 'n']",6,1.0,"[1, 4, 7, 20, 14, 11, 16, 2, 0, 0, 0, 0, 0]"
2127,<SOS>hughes<EOS>     ,boy,"['h', 'u', 'g', 'h', 'e', 's']",6,1.0,"[1, 10, 23, 9, 10, 7, 21, 2, 0, 0, 0, 0, 0]"
4593,<SOS>zelia<EOS>      ,girl,"['z', 'e', 'l', 'i', 'a']",5,0.0,"[1, 28, 7, 14, 11, 3, 2, 0, 0, 0, 0, 0, 0]"
3866,<SOS>evelina<EOS>    ,girl,"['e', 'v', 'e', 'l', 'i', 'n', 'a']",7,0.0,"[1, 7, 24, 7, 14, 11, 16, 3, 2, 0, 0, 0, 0]"
4333,<SOS>prudie<EOS>     ,girl,"['p', 'r', 'u', 'd', 'i', 'e']",6,0.0,"[1, 18, 20, 23, 6, 11, 7, 2, 0, 0, 0, 0, 0]"
4605,<SOS>vicie<EOS>      ,girl,"['v', 'i', 'c', 'i', 'e']",5,0.0,"[1, 24, 11, 5, 11, 7, 2, 0, 0, 0, 0, 0, 0]"
4312,<SOS>pennie<EOS>     ,girl,"['p', 'e', 'n', 'n', 'i', 'e']",6,0.0,"[1, 18, 7, 16, 16, 11, 7, 2, 0, 0, 0, 0, 0]"
3430,<SOS>kyson<EOS>      ,boy,"['k', 'y', 's', 'o', 'n']",5,1.0,"[1, 13, 27, 21, 17, 16, 2, 0, 0, 0, 0, 0, 0]"
1519,<SOS>elby<EOS>       ,boy,"['e', 'l', 'b', 'y']",4,1.0,"[1, 7, 14, 4, 27, 2, 0, 0, 0, 0, 0, 0, 0]"
2171,<SOS>ramiro<EOS>     ,boy,"['r', 'a', 'm', 'i', 'r', 'o']",6,1.0,"[1, 20, 3, 15, 11, 20, 17, 2, 0, 0, 0, 0, 0]"
1620,<SOS>casey<EOS>      ,boy,"['c', 'a', 's', 'e', 'y']",5,1.0,"[1, 5, 3, 21, 7, 27, 2, 0, 0, 0, 0, 0, 0]"
1988,<SOS>ozzie<EOS>      ,boy,"['o', 'z', 'z', 'i', 'e']",5,1.0,"[1, 17, 28, 28, 11, 7, 2, 0, 0, 0, 0, 0, 0]"
3422,<SOS>urijah<EOS>     ,boy,"['u', 'r', 'i', 'j', 'a', 'h']",6,1.0,"[1, 23, 20, 11, 12, 3, 10, 2, 0, 0, 0, 0, 0]"
6665,<SOS>gracelyn<EOS>   ,girl,"['g', 'r', 'a', 'c', 'e', 'l', 'y', 'n']",8,0.0,"[1, 9, 20, 3, 5, 7, 14, 27, 16, 2, 0, 0, 0]"
1598,<SOS>carlisle<EOS>   ,boy,"['c', 'a', 'r', 'l', 'i', 's', 'l', 'e']",8,1.0,"[1, 5, 3, 20, 14, 11, 21, 14, 7, 2, 0, 0, 0]"
4204,<SOS>carry<EOS>      ,girl,"['c', 'a', 'r', 'r', 'y']",5,0.0,"[1, 5, 3, 20, 20, 27, 2, 0, 0, 0, 0, 0, 0]"
5537,<SOS>tori<EOS>       ,girl,"['t', 'o', 'r', 'i']",4,0.0,"[1, 22, 17, 20, 11, 2, 0, 0, 0, 0, 0, 0, 0]"
794,<SOS>roderick<EOS>   ,boy,"['r', 'o', 'd', 'e', 'r', 'i', 'c', 'k']",8,1.0,"[1, 20, 17, 6, 7, 20, 11, 5, 13, 2, 0, 0, 0]"
6047,<SOS>kassandra<EOS>  ,girl,"['k', 'a', 's', 's', 'a', 'n', 'd', 'r', 'a']",9,0.0,"[1, 13, 3, 21, 21, 3, 16, 6, 20, 3, 2, 0, 0]"
2364,<SOS>gil<EOS>        ,boy,"['g', 'i', 'l']",3,1.0,"[1, 9, 11, 14, 2, 0, 0, 0, 0, 0, 0, 0, 0]"
4738,<SOS>imelda<EOS>     ,girl,"['i', 'm', 'e', 'l', 'd', 'a']",6,0.0,"[1, 11, 15, 7, 14, 6, 3, 2, 0, 0, 0, 0, 0]"
1071,<SOS>dale<EOS>       ,boy,"['d', 'a', 'l', 'e']",4,1.0,"[1, 6, 3, 14, 7, 2, 0, 0, 0, 0, 0, 0, 0]"
5605,<SOS>michell<EOS>    ,girl,"['m', 'i', 'c', 'h', 'e', 'l', 'l']",7,0.0,"[1, 15, 11, 5, 10, 7, 14, 14, 2, 0, 0, 0, 0]"
1135,<SOS>jere<EOS>       ,boy,"['j', 'e', 'r', 'e']",4,1.0,"[1, 12, 7, 20, 7, 2, 0, 0, 0, 0, 0, 0, 0]"
3988,<SOS>joella<EOS>     ,girl,"['j', 'o', 'e', 'l', 'l', 'a']",6,0.0,"[1, 12, 17, 7, 14, 14, 3, 2, 0, 0, 0, 0, 0]"
6553,<SOS>amara<EOS>      ,girl,"['a', 'm', 'a', 'r', 'a']",5,0.0,"[1, 3, 15, 3, 20, 3, 2, 0, 0, 0, 0, 0, 0]"
5190,<SOS>maryjo<EOS>     ,girl,"['m', 'a', 'r', 'y', 'j', 'o']",6,0.0,"[1, 15, 3, 20, 27, 12, 17, 2, 0, 0, 0, 0, 0]"
1314,<SOS>irvine<EOS>     ,boy,"['i', 'r', 'v', 'i', 'n', 'e']",6,1.0,"[1, 11, 20, 24, 11, 16, 7, 2, 0, 0, 0, 0, 0]"
2636,<SOS>lazaro<EOS>     ,boy,"['l', 'a', 'z', 'a', 'r', 'o']",6,1.0,"[1, 14, 3, 28, 3, 20, 17, 2, 0, 0, 0, 0, 0]"
5183,<SOS>marolyn<EOS>    ,girl,"['m', 'a', 'r', 'o', 'l', 'y', 'n']",7,0.0,"[1, 15, 3, 20, 17, 14, 27, 16, 2, 0, 0, 0, 0]"
1307,<SOS>rogers<EOS>     ,boy,"['r', 'o', 'g', 'e', 'r', 's']",6,1.0,"[1, 20, 17, 9, 7, 20, 21, 2, 0, 0, 0, 0, 0]"
6734,<SOS>madilynn<EOS>   ,girl,"['m', 'a', 'd', 'i', 'l', 'y', 'n', 'n']",8,0.0,"[1, 15, 3, 6, 11, 14, 27, 16, 16, 2, 0, 0, 0]"
4772,<SOS>jeane<EOS>      ,girl,"['j', 'e', 'a', 'n', 'e']",5,0.0,"[1, 12, 7, 3, 16, 7, 2, 0, 0, 0, 0, 0, 0]"
1442,<SOS>nicolas<EOS>    ,boy,"['n', 'i', 'c', 'o', 'l', 'a', 's']",7,1.0,"[1, 16, 11, 5, 17, 14, 3, 21, 2, 0, 0, 0, 0]"
2581,<SOS>trace<EOS>      ,boy,"['t', 'r', 'a', 'c', 'e']",5,1.0,"[1, 22, 20, 3, 5, 7, 2, 0, 0, 0, 0, 0, 0]"
5042,<SOS>jeannine<EOS>   ,girl,"['j', 'e', 'a', 'n', 'n', 'i', 'n', 'e']",8,0.0,"[1, 12, 7, 3, 16, 16, 11, 16, 7, 2, 0, 0, 0]"
3308,<SOS>cason<EOS>      ,boy,"['c', 'a', 's', 'o', 'n']",5,1.0,"[1, 5, 3, 21, 17, 16, 2, 0, 0, 0, 0, 0, 0]"
5863,<SOS>danyelle<EOS>   ,girl,"['d', 'a', 'n', 'y', 'e', 'l', 'l', 'e']",8,0.0,"[1, 6, 3, 16, 27, 7, 14, 14, 7, 2, 0, 0, 0]"
2812,<SOS>samir<EOS>      ,boy,"['s', 'a', 'm', 'i', 'r']",5,1.0,"[1, 21, 3, 15, 11, 20, 2, 0, 0, 0, 0, 0, 0]"
3109,<SOS>destin<EOS>     ,boy,"['d', 'e', 's', 't', 'i', 'n']",6,1.0,"[1, 6, 7, 21, 22, 11, 16, 2, 0, 0, 0, 0, 0]"
5508,<SOS>cyndi<EOS>      ,girl,"['c', 'y', 'n', 'd', 'i']",5,0.0,"[1, 5, 27, 16, 6, 11, 2, 0, 0, 0, 0, 0, 0]"
5642,<SOS>lavonda<EOS>    ,girl,"['l', 'a', 'v', 'o', 'n', 'd', 'a']",7,0.0,"[1, 14, 3, 24, 17, 16, 6, 3, 2, 0, 0, 0, 0]"
6014,<SOS>sharee<EOS>     ,girl,"['s', 'h', 'a', 'r', 'e', 'e']",6,0.0,"[1, 21, 10, 3, 20, 7, 7, 2, 0, 0, 0, 0, 0]"
84,<SOS>chester<EOS>    ,boy,"['c', 'h', 'e', 's', 't', 'e', 'r']",7,1.0,"[1, 5, 10, 7, 21, 22, 7, 20, 2, 0, 0, 0, 0]"
5981,<SOS>krissy<EOS>     ,girl,"['k', 'r', 'i', 's', 's', 'y']",6,0.0,"[1, 13, 20, 11, 21, 21, 27, 2, 0, 0, 0, 0, 0]"
6020,<SOS>shaneka<EOS>    ,girl,"['s', 'h', 'a', 'n', 'e', 'k', 'a']",7,0.0,"[1, 21, 10, 3, 16, 7, 13, 3, 2, 0, 0, 0, 0]"
3387,<SOS>aidyn<EOS>      ,boy,"['a', 'i', 'd', 'y', 'n']",5,1.0,"[1, 3, 11, 6, 27, 16, 2, 0, 0, 0, 0, 0, 0]"
6690,<SOS>yuridia<EOS>    ,girl,"['y', 'u', 'r', 'i', 'd', 'i', 'a']",7,0.0,"[1, 27, 23, 20, 11, 6, 11, 3, 2, 0, 0, 0, 0]"
2953,<SOS>jaren<EOS>      ,boy,"['j', 'a', 'r', 'e', 'n']",5,1.0,"[1, 12, 3, 20, 7, 16, 2, 0, 0, 0, 0, 0, 0]"
6676,<SOS>arleth<EOS>     ,girl,"['a', 'r', 'l', 'e', 't', 'h']",6,0.0,"[1, 3, 20, 14, 7, 22, 10, 2, 0, 0, 0, 0, 0]"
2767,<SOS>cristobal<EOS>  ,boy,"['c', 'r', 'i', 's', 't', 'o', 'b', 'a', 'l']",9,1.0,"[1, 5, 20, 11, 21, 22, 17, 4, 3, 14, 2, 0, 0]"
5939,<SOS>eboni<EOS>      ,girl,"['e', 'b', 'o', 'n', 'i']",5,0.0,"[1, 7, 4, 17, 16, 11, 2, 0, 0, 0, 0, 0, 0]"
2377,<SOS>lyn<EOS>        ,boy,"['l', 'y', 'n']",3,1.0,"[1, 14, 27, 16, 2, 0, 0, 0, 0, 0, 0, 0, 0]"
6128,<SOS>brittny<EOS>    ,girl,"['b', 'r', 'i', 't', 't', 'n', 'y']",7,0.0,"[1, 4, 20, 11, 22, 22, 16, 27, 2, 0, 0, 0, 0]"
4031,<SOS>alys<EOS>       ,girl,"['a', 'l', 'y', 's']",4,0.0,"[1, 3, 14, 27, 21, 2, 0, 0, 0, 0, 0, 0, 0]"
2531,<SOS>devon<EOS>      ,boy,"['d', 'e', 'v', 'o', 'n']",5,1.0,"[1, 6, 7, 24, 17, 16, 2, 0, 0, 0, 0, 0, 0]"
5858,<SOS>nyree<EOS>      ,girl,"['n', 'y', 'r', 'e', 'e']",5,0.0,"[1, 16, 27, 20, 7, 7, 2, 0, 0, 0, 0, 0, 0]"
5831,<SOS>nikita<EOS>     ,girl,"['n', 'i', 'k', 'i', 't', 'a']",6,0.0,"[1, 16, 11, 13, 11, 22, 3, 2, 0, 0, 0, 0, 0]"
221,<SOS>chas<EOS>       ,boy,"['c', 'h', 'a', 's']",4,1.0,"[1, 5, 10, 3, 21, 2, 0, 0, 0, 0, 0, 0, 0]"
3160,<SOS>gianni<EOS>     ,boy,"['g', 'i', 'a', 'n', 'n', 'i']",6,1.0,"[1, 9, 11, 3, 16, 16, 11, 2, 0, 0, 0, 0, 0]"
1910,<SOS>vic<EOS>        ,boy,"['v', 'i', 'c']",3,1.0,"[1, 24, 11, 5, 2, 0, 0, 0, 0, 0, 0, 0, 0]"
1848,<SOS>milburn<EOS>    ,boy,"['m', 'i', 'l', 'b', 'u', 'r', 'n']",7,1.0,"[1, 15, 11, 14, 4, 23, 20, 16, 2, 0, 0, 0, 0]"
5577,<SOS>barbie<EOS>     ,girl,"['b', 'a', 'r', 'b', 'i', 'e']",6,0.0,"[1, 4, 3, 20, 4, 11, 7, 2, 0, 0, 0, 0, 0]"
634,<SOS>valentine<EOS>  ,boy,"['v', 'a', 'l', 'e', 'n', 't', 'i', 'n', 'e']",9,1.0,"[1, 24, 3, 14, 7, 16, 22, 11, 16, 7, 2, 0, 0]"
4771,<SOS>ingeborg<EOS>   ,girl,"['i', 'n', 'g', 'e', 'b', 'o', 'r', 'g']",8,0.0,"[1, 11, 16, 9, 7, 4, 17, 20, 9, 2, 0, 0, 0]"
3118,<SOS>raekwon<EOS>    ,boy,"['r', 'a', 'e', 'k', 'w', 'o', 'n']",7,1.0,"[1, 20, 3, 7, 13, 25, 17, 16, 2, 0, 0, 0, 0]"
5162,<SOS>harlene<EOS>    ,girl,"['h', 'a', 'r', 'l', 'e', 'n', 'e']",7,0.0,"[1, 10, 3, 20, 14, 7, 16, 7, 2, 0, 0, 0, 0]"
4181,<SOS>theresia<EOS>   ,girl,"['t', 'h', 'e', 'r', 'e', 's', 'i', 'a']",8,0.0,"[1, 22, 10, 7, 20, 7, 21, 11, 3, 2, 0, 0, 0]"
5315,<SOS>sharyl<EOS>     ,girl,"['s', 'h', 'a', 'r', 'y', 'l']",6,0.0,"[1, 21, 10, 3, 20, 27, 14, 2, 0, 0, 0, 0, 0]"
6621,<SOS>keyla<EOS>      ,girl,"['k', 'e', 'y', 'l', 'a']",5,0.0,"[1, 13, 7, 27, 14, 3, 2, 0, 0, 0, 0, 0, 0]"
854,<SOS>friend<EOS>     ,boy,"['f', 'r', 'i', 'e', 'n', 'd']",6,1.0,"[1, 8, 20, 11, 7, 16, 6, 2, 0, 0, 0, 0, 0]"
4308,<SOS>nelly<EOS>      ,girl,"['n', 'e', 'l', 'l', 'y']",5,0.0,"[1, 16, 7, 14, 14, 27, 2, 0, 0, 0, 0, 0, 0]"
6044,<SOS>evita<EOS>      ,girl,"['e', 'v', 'i', 't', 'a']",5,0.0,"[1, 7, 24, 11, 22, 3, 2, 0, 0, 0, 0, 0, 0]"
5434,<SOS>sheree<EOS>     ,girl,"['s', 'h', 'e', 'r', 'e', 'e']",6,0.0,"[1, 21, 10, 7, 20, 7, 7, 2, 0, 0, 0, 0, 0]"
4611,<SOS>eppie<EOS>      ,girl,"['e', 'p', 'p', 'i', 'e']",5,0.0,"[1, 7, 18, 18, 11, 7, 2, 0, 0, 0, 0, 0, 0]"
4905,<SOS>madelene<EOS>   ,girl,"['m', 'a', 'd', 'e', 'l', 'e', 'n', 'e']",8,0.0,"[1, 15, 3, 6, 7, 14, 7, 16, 7, 2, 0, 0, 0]"
1807,<SOS>vinton<EOS>     ,boy,"['v', 'i', 'n', 't', 'o', 'n']",6,1.0,"[1, 24, 11, 16, 22, 17, 16, 2, 0, 0, 0, 0, 0]"
3935,<SOS>rosanna<EOS>    ,girl,"['r', 'o', 's', 'a', 'n', 'n', 'a']",7,0.0,"[1, 20, 17, 21, 3, 16, 16, 3, 2, 0, 0, 0, 0]"
5032,<SOS>sonya<EOS>      ,girl,"['s', 'o', 'n', 'y', 'a']",5,0.0,"[1, 21, 17, 16, 27, 3, 2, 0, 0, 0, 0, 0, 0]"
2257,<SOS>lanny<EOS>      ,boy,"['l', 'a', 'n', 'n', 'y']",5,1.0,"[1, 14, 3, 16, 16, 27, 2, 0, 0, 0, 0, 0, 0]"
1966,<SOS>oneal<EOS>      ,boy,"['o', 'n', 'e', 'a', 'l']",5,1.0,"[1, 17, 16, 7, 3, 14, 2, 0, 0, 0, 0, 0, 0]"
6595,<SOS>aubrie<EOS>     ,girl,"['a', 'u', 'b', 'r', 'i', 'e']",6,0.0,"[1, 3, 23, 4, 20, 11, 7, 2, 0, 0, 0, 0, 0]"
5197,<SOS>karel<EOS>      ,girl,"['k', 'a', 'r', 'e', 'l']",5,0.0,"[1, 13, 3, 20, 7, 14, 2, 0, 0, 0, 0, 0, 0]"
1777,<SOS>dannie<EOS>     ,boy,"['d', 'a', 'n', 'n', 'i', 'e']",6,1.0,"[1, 6, 3, 16, 16, 11, 7, 2, 0, 0, 0, 0, 0]"
2472,<SOS>jefferey<EOS>   ,boy,"['j', 'e', 'f', 'f', 'e', 'r', 'e', 'y']",8,1.0,"[1, 12, 7, 8, 8, 7, 20, 7, 27, 2, 0, 0, 0]"
5656,<SOS>tabatha<EOS>    ,girl,"['t', 'a', 'b', 'a', 't', 'h', 'a']",7,0.0,"[1, 22, 3, 4, 3, 22, 10, 3, 2, 0, 0, 0, 0]"
4800,<SOS>girtha<EOS>     ,girl,"['g', 'i', 'r', 't', 'h', 'a']",6,0.0,"[1, 9, 11, 20, 22, 10, 3, 2, 0, 0, 0, 0, 0]"
4501,<SOS>laila<EOS>      ,girl,"['l', 'a', 'i', 'l', 'a']",5,0.0,"[1, 14, 3, 11, 14, 3, 2, 0, 0, 0, 0, 0, 0]"
3500,<SOS>fanny<EOS>      ,girl,"['f', 'a', 'n', 'n', 'y']",5,0.0,"[1, 8, 3, 16, 16, 27, 2, 0, 0, 0, 0, 0, 0]"
6495,<SOS>felicity<EOS>   ,girl,"['f', 'e', 'l', 'i', 'c', 'i', 't', 'y']",8,0.0,"[1, 8, 7, 14, 11, 5, 11, 22, 27, 2, 0, 0, 0]"
6486,<SOS>serenity<EOS>   ,girl,"['s', 'e', 'r', 'e', 'n', 'i', 't', 'y']",8,0.0,"[1, 21, 7, 20, 7, 16, 11, 22, 27, 2, 0, 0, 0]"
3473,<SOS>rosie<EOS>      ,girl,"['r', 'o', 's', 'i', 'e']",5,0.0,"[1, 20, 17, 21, 11, 7, 2, 0, 0, 0, 0, 0, 0]"
1780,<SOS>jeffie<EOS>     ,boy,"['j', 'e', 'f', 'f', 'i', 'e']",6,1.0,"[1, 12, 7, 8, 8, 11, 7, 2, 0, 0, 0, 0, 0]"
3368,<SOS>karter<EOS>     ,boy,"['k', 'a', 'r', 't', 'e', 'r']",6,1.0,"[1, 13, 3, 20, 22, 7, 20, 2, 0, 0, 0, 0, 0]"
3642,<SOS>pinkie<EOS>     ,girl,"['p', 'i', 'n', 'k', 'i', 'e']",6,0.0,"[1, 18, 11, 16, 13, 11, 7, 2, 0, 0, 0, 0, 0]"
6679,<SOS>jaelynn<EOS>    ,girl,"['j', 'a', 'e', 'l', 'y', 'n', 'n']",7,0.0,"[1, 12, 3, 7, 14, 27, 16, 16, 2, 0, 0, 0, 0]"
1267,<SOS>burnett<EOS>    ,boy,"['b', 'u', 'r', 'n', 'e', 't', 't']",7,1.0,"[1, 4, 23, 20, 16, 7, 22, 22, 2, 0, 0, 0, 0]"
6722,<SOS>dahlia<EOS>     ,girl,"['d', 'a', 'h', 'l', 'i', 'a']",6,0.0,"[1, 6, 3, 10, 14, 11, 3, 2, 0, 0, 0, 0, 0]"
326,<SOS>caleb<EOS>      ,boy,"['c', 'a', 'l', 'e', 'b']",5,1.0,"[1, 5, 3, 14, 7, 4, 2, 0, 0, 0, 0, 0, 0]"
1247,<SOS>ott<EOS>        ,boy,"['o', 't', 't']",3,1.0,"[1, 17, 22, 22, 2, 0, 0, 0, 0, 0, 0, 0, 0]"
3839,<SOS>maudie<EOS>     ,girl,"['m', 'a', 'u', 'd', 'i', 'e']",6,0.0,"[1, 15, 3, 23, 6, 11, 7, 2, 0, 0, 0, 0, 0]"
5493,<SOS>dori<EOS>       ,girl,"['d', 'o', 'r', 'i']",4,0.0,"[1, 6, 17, 20, 11, 2, 0, 0, 0, 0, 0, 0, 0]"
5407,<SOS>lauri<EOS>      ,girl,"['l', 'a', 'u', 'r', 'i']",5,0.0,"[1, 14, 3, 23, 20, 11, 2, 0, 0, 0, 0, 0, 0]"
5437,<SOS>sherie<EOS>     ,girl,"['s', 'h', 'e', 'r', 'i', 'e']",6,0.0,"[1, 21, 10, 7, 20, 11, 7, 2, 0, 0, 0, 0, 0]"
2096,<SOS>gilberto<EOS>   ,boy,"['g', 'i', 'l', 'b', 'e', 'r', 't', 'o']",8,1.0,"[1, 9, 11, 14, 4, 7, 20, 22, 17, 2, 0, 0, 0]"
1264,<SOS>benny<EOS>      ,boy,"['b', 'e', 'n', 'n', 'y']",5,1.0,"[1, 4, 7, 16, 16, 27, 2, 0, 0, 0, 0, 0, 0]"
4315,<SOS>buna<EOS>       ,girl,"['b', 'u', 'n', 'a']",4,0.0,"[1, 4, 23, 16, 3, 2, 0, 0, 0, 0, 0, 0, 0]"
1068,<SOS>casimiro<EOS>   ,boy,"['c', 'a', 's', 'i', 'm', 'i', 'r', 'o']",8,1.0,"[1, 5, 3, 21, 11, 15, 11, 20, 17, 2, 0, 0, 0]"
2528,<SOS>stephon<EOS>    ,boy,"['s', 't', 'e', 'p', 'h', 'o', 'n']",7,1.0,"[1, 21, 22, 7, 18, 10, 17, 16, 2, 0, 0, 0, 0]"
4292,<SOS>daisye<EOS>     ,girl,"['d', 'a', 'i', 's', 'y', 'e']",6,0.0,"[1, 6, 3, 11, 21, 27, 7, 2, 0, 0, 0, 0, 0]"
5455,<SOS>gisele<EOS>     ,girl,"['g', 'i', 's', 'e', 'l', 'e']",6,0.0,"[1, 9, 11, 21, 7, 14, 7, 2, 0, 0, 0, 0, 0]"
5445,<SOS>bambi<EOS>      ,girl,"['b', 'a', 'm', 'b', 'i']",5,0.0,"[1, 4, 3, 15, 4, 11, 2, 0, 0, 0, 0, 0, 0]"
3010,<SOS>aidan<EOS>      ,boy,"['a', 'i', 'd', 'a', 'n']",5,1.0,"[1, 3, 11, 6, 3, 16, 2, 0, 0, 0, 0, 0, 0]"
127,<SOS>jess<EOS>       ,boy,"['j', 'e', 's', 's']",4,1.0,"[1, 12, 7, 21, 21, 2, 0, 0, 0, 0, 0, 0, 0]"
1330,<SOS>alphonsus<EOS>  ,boy,"['a', 'l', 'p', 'h', 'o', 'n', 's', 'u', 's']",9,1.0,"[1, 3, 14, 18, 10, 17, 16, 21, 23, 21, 2, 0, 0]"
6544,<SOS>jakayla<EOS>    ,girl,"['j', 'a', 'k', 'a', 'y', 'l', 'a']",7,0.0,"[1, 12, 3, 13, 3, 27, 14, 3, 2, 0, 0, 0, 0]"
5528,<SOS>lissa<EOS>      ,girl,"['l', 'i', 's', 's', 'a']",5,0.0,"[1, 14, 11, 21, 21, 3, 2, 0, 0, 0, 0, 0, 0]"
2933,<SOS>jayce<EOS>      ,boy,"['j', 'a', 'y', 'c', 'e']",5,1.0,"[1, 12, 3, 27, 5, 7, 2, 0, 0, 0, 0, 0, 0]"
726,<SOS>otha<EOS>       ,boy,"['o', 't', 'h', 'a']",4,1.0,"[1, 17, 22, 10, 3, 2, 0, 0, 0, 0, 0, 0, 0]"
1286,<SOS>florencio<EOS>  ,boy,"['f', 'l', 'o', 'r', 'e', 'n', 'c', 'i', 'o']",9,1.0,"[1, 8, 14, 17, 20, 7, 16, 5, 11, 17, 2, 0, 0]"
1178,<SOS>wright<EOS>     ,boy,"['w', 'r', 'i', 'g', 'h', 't']",6,1.0,"[1, 25, 20, 11, 9, 10, 22, 2, 0, 0, 0, 0, 0]"
4360,<SOS>mahalie<EOS>    ,girl,"['m', 'a', 'h', 'a', 'l', 'i', 'e']",7,0.0,"[1, 15, 3, 10, 3, 14, 11, 7, 2, 0, 0, 0, 0]"
6571,<SOS>neha<EOS>       ,girl,"['n', 'e', 'h', 'a']",4,0.0,"[1, 16, 7, 10, 3, 2, 0, 0, 0, 0, 0, 0, 0]"
380,<SOS>allan<EOS>      ,boy,"['a', 'l', 'l', 'a', 'n']",5,1.0,"[1, 3, 14, 14, 3, 16, 2, 0, 0, 0, 0, 0, 0]"
835,<SOS>coy<EOS>        ,boy,"['c', 'o', 'y']",3,1.0,"[1, 5, 17, 27, 2, 0, 0, 0, 0, 0, 0, 0, 0]"
4948,<SOS>jacquelyn<EOS>  ,girl,"['j', 'a', 'c', 'q', 'u', 'e', 'l', 'y', 'n']",9,0.0,"[1, 12, 3, 5, 19, 23, 7, 14, 27, 16, 2, 0, 0]"
5927,<SOS>farah<EOS>      ,girl,"['f', 'a', 'r', 'a', 'h']",5,0.0,"[1, 8, 3, 20, 3, 10, 2, 0, 0, 0, 0, 0, 0]"
5704,<SOS>cherise<EOS>    ,girl,"['c', 'h', 'e', 'r', 'i', 's', 'e']",7,0.0,"[1, 5, 10, 7, 20, 11, 21, 7, 2, 0, 0, 0, 0]"
1728,<SOS>rexford<EOS>    ,boy,"['r', 'e', 'x', 'f', 'o', 'r', 'd']",7,1.0,"[1, 20, 7, 26, 8, 17, 20, 6, 2, 0, 0, 0, 0]"
2866,<SOS>johathan<EOS>   ,boy,"['j', 'o', 'h', 'a', 't', 'h', 'a', 'n']",8,1.0,"[1, 12, 17, 10, 3, 22, 10, 3, 16, 2, 0, 0, 0]"
2890,<SOS>jakob<EOS>      ,boy,"['j', 'a', 'k', 'o', 'b']",5,1.0,"[1, 12, 3, 13, 17, 4, 2, 0, 0, 0, 0, 0, 0]"
1005,<SOS>bee<EOS>        ,boy,"['b', 'e', 'e']",3,1.0,"[1, 4, 7, 7, 2, 0, 0, 0, 0, 0, 0, 0, 0]"
4131,<SOS>cammie<EOS>     ,girl,"['c', 'a', 'm', 'm', 'i', 'e']",6,0.0,"[1, 5, 3, 15, 15, 11, 7, 2, 0, 0, 0, 0, 0]"
1901,<SOS>odus<EOS>       ,boy,"['o', 'd', 'u', 's']",4,1.0,"[1, 17, 6, 23, 21, 2, 0, 0, 0, 0, 0, 0, 0]"
4316,<SOS>caldonia<EOS>   ,girl,"['c', 'a', 'l', 'd', 'o', 'n', 'i', 'a']",8,0.0,"[1, 5, 3, 14, 6, 17, 16, 11, 3, 2, 0, 0, 0]"
273,<SOS>lucius<EOS>     ,boy,"['l', 'u', 'c', 'i', 'u', 's']",6,1.0,"[1, 14, 23, 5, 11, 23, 21, 2, 0, 0, 0, 0, 0]"
3248,<SOS>maximus<EOS>    ,boy,"['m', 'a', 'x', 'i', 'm', 'u', 's']",7,1.0,"[1, 15, 3, 26, 11, 15, 23, 21, 2, 0, 0, 0, 0]"
6461,<SOS>aylin<EOS>      ,girl,"['a', 'y', 'l', 'i', 'n']",5,0.0,"[1, 3, 27, 14, 11, 16, 2, 0, 0, 0, 0, 0, 0]"
3930,<SOS>otelia<EOS>     ,girl,"['o', 't', 'e', 'l', 'i', 'a']",6,0.0,"[1, 17, 22, 7, 14, 11, 3, 2, 0, 0, 0, 0, 0]"
6123,<SOS>brittni<EOS>    ,girl,"['b', 'r', 'i', 't', 't', 'n', 'i']",7,0.0,"[1, 4, 20, 11, 22, 22, 16, 11, 2, 0, 0, 0, 0]"
3203,<SOS>jelani<EOS>     ,boy,"['j', 'e', 'l', 'a', 'n', 'i']",6,1.0,"[1, 12, 7, 14, 3, 16, 11, 2, 0, 0, 0, 0, 0]"
6385,<SOS>bailee<EOS>     ,girl,"['b', 'a', 'i', 'l', 'e', 'e']",6,0.0,"[1, 4, 3, 11, 14, 7, 7, 2, 0, 0, 0, 0, 0]"
5017,<SOS>nada<EOS>       ,girl,"['n', 'a', 'd', 'a']",4,0.0,"[1, 16, 3, 6, 3, 2, 0, 0, 0, 0, 0, 0, 0]"
2,<SOS>james<EOS>      ,boy,"['j', 'a', 'm', 'e', 's']",5,1.0,"[1, 12, 3, 15, 7, 21, 2, 0, 0, 0, 0, 0, 0]"
1313,<SOS>hilton<EOS>     ,boy,"['h', 'i', 'l', 't', 'o', 'n']",6,1.0,"[1, 10, 11, 14, 22, 17, 16, 2, 0, 0, 0, 0, 0]"
1424,<SOS>stanislaus<EOS> ,boy,"['s', 't', 'a', 'n', 'i', 's', 'l', 'a', 'u', 's']",10,1.0,"[1, 21, 22, 3, 16, 11, 21, 14, 3, 23, 21, 2, 0]"
1413,<SOS>namon<EOS>      ,boy,"['n', 'a', 'm', 'o', 'n']",5,1.0,"[1, 16, 3, 15, 17, 16, 2, 0, 0, 0, 0, 0, 0]"
2920,<SOS>mackenzie<EOS>  ,boy,"['m', 'a', 'c', 'k', 'e', 'n', 'z', 'i', 'e']",9,1.0,"[1, 15, 3, 5, 13, 7, 16, 28, 11, 7, 2, 0, 0]"
2841,<SOS>garett<EOS>     ,boy,"['g', 'a', 'r', 'e', 't', 't']",6,1.0,"[1, 9, 3, 20, 7, 22, 22, 2, 0, 0, 0, 0, 0]"
569,<SOS>wylie<EOS>      ,boy,"['w', 'y', 'l', 'i', 'e']",5,1.0,"[1, 25, 27, 14, 11, 7, 2, 0, 0, 0, 0, 0, 0]"
1270,<SOS>claudie<EOS>    ,boy,"['c', 'l', 'a', 'u', 'd', 'i', 'e']",7,1.0,"[1, 5, 14, 3, 23, 6, 11, 7, 2, 0, 0, 0, 0]"
719,<SOS>marquis<EOS>    ,boy,"['m', 'a', 'r', 'q', 'u', 'i', 's']",7,1.0,"[1, 15, 3, 20, 19, 23, 11, 21, 2, 0, 0, 0, 0]"
5703,<SOS>cristy<EOS>     ,girl,"['c', 'r', 'i', 's', 't', 'y']",6,0.0,"[1, 5, 20, 11, 21, 22, 27, 2, 0, 0, 0, 0, 0]"
2969,<SOS>ridge<EOS>      ,boy,"['r', 'i', 'd', 'g', 'e']",5,1.0,"[1, 20, 11, 6, 9, 7, 2, 0, 0, 0, 0, 0, 0]"
4568,<SOS>janey<EOS>      ,girl,"['j', 'a', 'n', 'e', 'y']",5,0.0,"[1, 12, 3, 16, 7, 27, 2, 0, 0, 0, 0, 0, 0]"
2739,<SOS>donta<EOS>      ,boy,"['d', 'o', 'n', 't', 'a']",5,1.0,"[1, 6, 17, 16, 22, 3, 2, 0, 0, 0, 0, 0, 0]"
6643,<SOS>tamya<EOS>      ,girl,"['t', 'a', 'm', 'y', 'a']",5,0.0,"[1, 22, 3, 15, 27, 3, 2, 0, 0, 0, 0, 0, 0]"
4816,<SOS>edrie<EOS>      ,girl,"['e', 'd', 'r', 'i', 'e']",5,0.0,"[1, 7, 6, 20, 11, 7, 2, 0, 0, 0, 0, 0, 0]"
6275,<SOS>imani<EOS>      ,girl,"['i', 'm', 'a', 'n', 'i']",5,0.0,"[1, 11, 15, 3, 16, 11, 2, 0, 0, 0, 0, 0, 0]"
4006,<SOS>monica<EOS>     ,girl,"['m', 'o', 'n', 'i', 'c', 'a']",6,0.0,"[1, 15, 17, 16, 11, 5, 3, 2, 0, 0, 0, 0, 0]"
5986,<SOS>abbey<EOS>      ,girl,"['a', 'b', 'b', 'e', 'y']",5,0.0,"[1, 3, 4, 4, 7, 27, 2, 0, 0, 0, 0, 0, 0]"
3670,<SOS>liza<EOS>       ,girl,"['l', 'i', 'z', 'a']",4,0.0,"[1, 14, 11, 28, 3, 2, 0, 0, 0, 0, 0, 0, 0]"
741,<SOS>troy<EOS>       ,boy,"['t', 'r', 'o', 'y']",4,1.0,"[1, 22, 20, 17, 27, 2, 0, 0, 0, 0, 0, 0, 0]"
6161,<SOS>cherelle<EOS>   ,girl,"['c', 'h', 'e', 'r', 'e', 'l', 'l', 'e']",8,0.0,"[1, 5, 10, 7, 20, 7, 14, 14, 7, 2, 0, 0, 0]"
335,<SOS>carroll<EOS>    ,boy,"['c', 'a', 'r', 'r', 'o', 'l', 'l']",7,1.0,"[1, 5, 3, 20, 20, 17, 14, 14, 2, 0, 0, 0, 0]"
2622,<SOS>damion<EOS>     ,boy,"['d', 'a', 'm', 'i', 'o', 'n']",6,1.0,"[1, 6, 3, 15, 11, 17, 16, 2, 0, 0, 0, 0, 0]"
2562,<SOS>pamela<EOS>     ,boy,"['p', 'a', 'm', 'e', 'l', 'a']",6,1.0,"[1, 18, 3, 15, 7, 14, 3, 2, 0, 0, 0, 0, 0]"
5997,<SOS>ashleigh<EOS>   ,girl,"['a', 's', 'h', 'l', 'e', 'i', 'g', 'h']",8,0.0,"[1, 3, 21, 10, 14, 7, 11, 9, 10, 2, 0, 0, 0]"
282,<SOS>burton<EOS>     ,boy,"['b', 'u', 'r', 't', 'o', 'n']",6,1.0,"[1, 4, 23, 20, 22, 17, 16, 2, 0, 0, 0, 0, 0]"
4262,<SOS>siddie<EOS>     ,girl,"['s', 'i', 'd', 'd', 'i', 'e']",6,0.0,"[1, 21, 11, 6, 6, 11, 7, 2, 0, 0, 0, 0, 0]"
5206,<SOS>mari<EOS>       ,girl,"['m', 'a', 'r', 'i']",4,0.0,"[1, 15, 3, 20, 11, 2, 0, 0, 0, 0, 0, 0, 0]"
3242,<SOS>kayden<EOS>     ,boy,"['k', 'a', 'y', 'd', 'e', 'n']",6,1.0,"[1, 13, 3, 27, 6, 7, 16, 2, 0, 0, 0, 0, 0]"
2942,<SOS>payton<EOS>     ,boy,"['p', 'a', 'y', 't', 'o', 'n']",6,1.0,"[1, 18, 3, 27, 22, 17, 16, 2, 0, 0, 0, 0, 0]"
2219,<SOS>genaro<EOS>     ,boy,"['g', 'e', 'n', 'a', 'r', 'o']",6,1.0,"[1, 9, 7, 16, 3, 20, 17, 2, 0, 0, 0, 0, 0]"
4575,<SOS>metha<EOS>      ,girl,"['m', 'e', 't', 'h', 'a']",5,0.0,"[1, 15, 7, 22, 10, 3, 2, 0, 0, 0, 0, 0, 0]"
654,<SOS>guss<EOS>       ,boy,"['g', 'u', 's', 's']",4,1.0,"[1, 9, 23, 21, 21, 2, 0, 0, 0, 0, 0, 0, 0]"
3137,<SOS>branson<EOS>    ,boy,"['b', 'r', 'a', 'n', 's', 'o', 'n']",7,1.0,"[1, 4, 20, 3, 16, 21, 17, 16, 2, 0, 0, 0, 0]"
2940,<SOS>spenser<EOS>    ,boy,"['s', 'p', 'e', 'n', 's', 'e', 'r']",7,1.0,"[1, 21, 18, 7, 16, 21, 7, 20, 2, 0, 0, 0, 0]"
755,<SOS>bruno<EOS>      ,boy,"['b', 'r', 'u', 'n', 'o']",5,1.0,"[1, 4, 20, 23, 16, 17, 2, 0, 0, 0, 0, 0, 0]"
3842,<SOS>patty<EOS>      ,girl,"['p', 'a', 't', 't', 'y']",5,0.0,"[1, 18, 3, 22, 22, 27, 2, 0, 0, 0, 0, 0, 0]"
104,<SOS>amos<EOS>       ,boy,"['a', 'm', 'o', 's']",4,1.0,"[1, 3, 15, 17, 21, 2, 0, 0, 0, 0, 0, 0, 0]"
332,<SOS>merton<EOS>     ,boy,"['m', 'e', 'r', 't', 'o', 'n']",6,1.0,"[1, 15, 7, 20, 22, 17, 16, 2, 0, 0, 0, 0, 0]"
4215,<SOS>mora<EOS>       ,girl,"['m', 'o', 'r', 'a']",4,0.0,"[1, 15, 17, 20, 3, 2, 0, 0, 0, 0, 0, 0, 0]"
328,<SOS>dudley<EOS>     ,boy,"['d', 'u', 'd', 'l', 'e', 'y']",6,1.0,"[1, 6, 23, 6, 14, 7, 27, 2, 0, 0, 0, 0, 0]"
4637,<SOS>daphne<EOS>     ,girl,"['d', 'a', 'p', 'h', 'n', 'e']",6,0.0,"[1, 6, 3, 18, 10, 16, 7, 2, 0, 0, 0, 0, 0]"
3051,<SOS>devontae<EOS>   ,boy,"['d', 'e', 'v', 'o', 'n', 't', 'a', 'e']",8,1.0,"[1, 6, 7, 24, 17, 16, 22, 3, 7, 2, 0, 0, 0]"
3794,<SOS>florida<EOS>    ,girl,"['f', 'l', 'o', 'r', 'i', 'd', 'a']",7,0.0,"[1, 8, 14, 17, 20, 11, 6, 3, 2, 0, 0, 0, 0]"
2683,<SOS>nigel<EOS>      ,boy,"['n', 'i', 'g', 'e', 'l']",5,1.0,"[1, 16, 11, 9, 7, 14, 2, 0, 0, 0, 0, 0, 0]"
6444,<SOS>kaylah<EOS>     ,girl,"['k', 'a', 'y', 'l', 'a', 'h']",6,0.0,"[1, 13, 3, 27, 14, 3, 10, 2, 0, 0, 0, 0, 0]"
1321,<SOS>robt<EOS>       ,boy,"['r', 'o', 'b', 't']",4,1.0,"[1, 20, 17, 4, 22, 2, 0, 0, 0, 0, 0, 0, 0]"
6383,<SOS>kianna<EOS>     ,girl,"['k', 'i', 'a', 'n', 'n', 'a']",6,0.0,"[1, 13, 11, 3, 16, 16, 3, 2, 0, 0, 0, 0, 0]"
12,<SOS>walter<EOS>     ,boy,"['w', 'a', 'l', 't', 'e', 'r']",6,1.0,"[1, 25, 3, 14, 22, 7, 20, 2, 0, 0, 0, 0, 0]"
3386,<SOS>kasen<EOS>      ,boy,"['k', 'a', 's', 'e', 'n']",5,1.0,"[1, 13, 3, 21, 7, 16, 2, 0, 0, 0, 0, 0, 0]"
3697,<SOS>velma<EOS>      ,girl,"['v', 'e', 'l', 'm', 'a']",5,0.0,"[1, 24, 7, 14, 15, 3, 2, 0, 0, 0, 0, 0, 0]"
4742,<SOS>gwen<EOS>       ,girl,"['g', 'w', 'e', 'n']",4,0.0,"[1, 9, 25, 7, 16, 2, 0, 0, 0, 0, 0, 0, 0]"
4465,<SOS>icey<EOS>       ,girl,"['i', 'c', 'e', 'y']",4,0.0,"[1, 11, 5, 7, 27, 2, 0, 0, 0, 0, 0, 0, 0]"
4291,<SOS>cyntha<EOS>     ,girl,"['c', 'y', 'n', 't', 'h', 'a']",6,0.0,"[1, 5, 27, 16, 22, 10, 3, 2, 0, 0, 0, 0, 0]"
4140,<SOS>christiana<EOS> ,girl,"['c', 'h', 'r', 'i', 's', 't', 'i', 'a', 'n', 'a']",10,0.0,"[1, 5, 10, 20, 11, 21, 22, 11, 3, 16, 3, 2, 0]"
6292,<SOS>estefania<EOS>  ,girl,"['e', 's', 't', 'e', 'f', 'a', 'n', 'i', 'a']",9,0.0,"[1, 7, 21, 22, 7, 8, 3, 16, 11, 3, 2, 0, 0]"
5372,<SOS>tara<EOS>       ,girl,"['t', 'a', 'r', 'a']",4,0.0,"[1, 22, 3, 20, 3, 2, 0, 0, 0, 0, 0, 0, 0]"
3353,<SOS>rhys<EOS>       ,boy,"['r', 'h', 'y', 's']",4,1.0,"[1, 20, 10, 27, 21, 2, 0, 0, 0, 0, 0, 0, 0]"
1367,<SOS>linzy<EOS>      ,boy,"['l', 'i', 'n', 'z', 'y']",5,1.0,"[1, 14, 11, 16, 28, 27, 2, 0, 0, 0, 0, 0, 0]"
2858,<SOS>bjorn<EOS>      ,boy,"['b', 'j', 'o', 'r', 'n']",5,1.0,"[1, 4, 12, 17, 20, 16, 2, 0, 0, 0, 0, 0, 0]"
3589,<SOS>leora<EOS>      ,girl,"['l', 'e', 'o', 'r', 'a']",5,0.0,"[1, 14, 7, 17, 20, 3, 2, 0, 0, 0, 0, 0, 0]"
6102,<SOS>maira<EOS>      ,girl,"['m', 'a', 'i', 'r', 'a']",5,0.0,"[1, 15, 3, 11, 20, 3, 2, 0, 0, 0, 0, 0, 0]"
1623,<SOS>della<EOS>      ,boy,"['d', 'e', 'l', 'l', 'a']",5,1.0,"[1, 6, 7, 14, 14, 3, 2, 0, 0, 0, 0, 0, 0]"
6338,<SOS>destini<EOS>    ,girl,"['d', 'e', 's', 't', 'i', 'n', 'i']",7,0.0,"[1, 6, 7, 21, 22, 11, 16, 11, 2, 0, 0, 0, 0]"
405,<SOS>clay<EOS>       ,boy,"['c', 'l', 'a', 'y']",4,1.0,"[1, 5, 14, 3, 27, 2, 0, 0, 0, 0, 0, 0, 0]"
6445,<SOS>sarahi<EOS>     ,girl,"['s', 'a', 'r', 'a', 'h', 'i']",6,0.0,"[1, 21, 3, 20, 3, 10, 11, 2, 0, 0, 0, 0, 0]"
4047,<SOS>ellar<EOS>      ,girl,"['e', 'l', 'l', 'a', 'r']",5,0.0,"[1, 7, 14, 14, 3, 20, 2, 0, 0, 0, 0, 0, 0]"
993,<SOS>katherine<EOS>  ,boy,"['k', 'a', 't', 'h', 'e', 'r', 'i', 'n', 'e']",9,1.0,"[1, 13, 3, 22, 10, 7, 20, 11, 16, 7, 2, 0, 0]"
3373,<SOS>gauge<EOS>      ,boy,"['g', 'a', 'u', 'g', 'e']",5,1.0,"[1, 9, 3, 23, 9, 7, 2, 0, 0, 0, 0, 0, 0]"
4741,<SOS>irva<EOS>       ,girl,"['i', 'r', 'v', 'a']",4,0.0,"[1, 11, 20, 24, 3, 2, 0, 0, 0, 0, 0, 0, 0]"
1466,<SOS>franklyn<EOS>   ,boy,"['f', 'r', 'a', 'n', 'k', 'l', 'y', 'n']",8,1.0,"[1, 8, 20, 3, 16, 13, 14, 27, 16, 2, 0, 0, 0]"
2428,<SOS>greggory<EOS>   ,boy,"['g', 'r', 'e', 'g', 'g', 'o', 'r', 'y']",8,1.0,"[1, 9, 20, 7, 9, 9, 17, 20, 27, 2, 0, 0, 0]"
4762,<SOS>jaunita<EOS>    ,girl,"['j', 'a', 'u', 'n', 'i', 't', 'a']",7,0.0,"[1, 12, 3, 23, 16, 11, 22, 3, 2, 0, 0, 0, 0]"
5768,<SOS>trista<EOS>     ,girl,"['t', 'r', 'i', 's', 't', 'a']",6,0.0,"[1, 22, 20, 11, 21, 22, 3, 2, 0, 0, 0, 0, 0]"
5428,<SOS>lesa<EOS>       ,girl,"['l', 'e', 's', 'a']",4,0.0,"[1, 14, 7, 21, 3, 2, 0, 0, 0, 0, 0, 0, 0]"
6226,<SOS>jalissa<EOS>    ,girl,"['j', 'a', 'l', 'i', 's', 's', 'a']",7,0.0,"[1, 12, 3, 14, 11, 21, 21, 3, 2, 0, 0, 0, 0]"
4586,<SOS>louisiana<EOS>  ,girl,"['l', 'o', 'u', 'i', 's', 'i', 'a', 'n', 'a']",9,0.0,"[1, 14, 17, 23, 11, 21, 11, 3, 16, 3, 2, 0, 0]"
6265,<SOS>mariela<EOS>    ,girl,"['m', 'a', 'r', 'i', 'e', 'l', 'a']",7,0.0,"[1, 15, 3, 20, 11, 7, 14, 3, 2, 0, 0, 0, 0]"
6271,<SOS>alysa<EOS>      ,girl,"['a', 'l', 'y', 's', 'a']",5,0.0,"[1, 3, 14, 27, 21, 3, 2, 0, 0, 0, 0, 0, 0]"
1008,<SOS>byrd<EOS>       ,boy,"['b', 'y', 'r', 'd']",4,1.0,"[1, 4, 27, 20, 6, 2, 0, 0, 0, 0, 0, 0, 0]"
5635,<SOS>gabriela<EOS>   ,girl,"['g', 'a', 'b', 'r', 'i', 'e', 'l', 'a']",8,0.0,"[1, 9, 3, 4, 20, 11, 7, 14, 3, 2, 0, 0, 0]"
2628,<SOS>melissa<EOS>    ,boy,"['m', 'e', 'l', 'i', 's', 's', 'a']",7,1.0,"[1, 15, 7, 14, 11, 21, 21, 3, 2, 0, 0, 0, 0]"
2694,<SOS>sedrick<EOS>    ,boy,"['s', 'e', 'd', 'r', 'i', 'c', 'k']",7,1.0,"[1, 21, 7, 6, 20, 11, 5, 13, 2, 0, 0, 0, 0]"
3210,<SOS>jensen<EOS>     ,boy,"['j', 'e', 'n', 's', 'e', 'n']",6,1.0,"[1, 12, 7, 16, 21, 7, 16, 2, 0, 0, 0, 0, 0]"
3374,<SOS>jax<EOS>        ,boy,"['j', 'a', 'x']",3,1.0,"[1, 12, 3, 26, 2, 0, 0, 0, 0, 0, 0, 0, 0]"
1245,<SOS>mattie<EOS>     ,boy,"['m', 'a', 't', 't', 'i', 'e']",6,1.0,"[1, 15, 3, 22, 22, 11, 7, 2, 0, 0, 0, 0, 0]"
3237,<SOS>kadin<EOS>      ,boy,"['k', 'a', 'd', 'i', 'n']",5,1.0,"[1, 13, 3, 6, 11, 16, 2, 0, 0, 0, 0, 0, 0]"
6175,<SOS>ayla<EOS>       ,girl,"['a', 'y', 'l', 'a']",4,0.0,"[1, 3, 27, 14, 3, 2, 0, 0, 0, 0, 0, 0, 0]"
3369,<SOS>damari<EOS>     ,boy,"['d', 'a', 'm', 'a', 'r', 'i']",6,1.0,"[1, 6, 3, 15, 3, 20, 11, 2, 0, 0, 0, 0, 0]"
4635,<SOS>rosalind<EOS>   ,girl,"['r', 'o', 's', 'a', 'l', 'i', 'n', 'd']",8,0.0,"[1, 20, 17, 21, 3, 14, 11, 16, 6, 2, 0, 0, 0]"
4713,<SOS>alleen<EOS>     ,girl,"['a', 'l', 'l', 'e', 'e', 'n']",6,0.0,"[1, 3, 14, 14, 7, 7, 16, 2, 0, 0, 0, 0, 0]"
2406,<SOS>scot<EOS>       ,boy,"['s', 'c', 'o', 't']",4,1.0,"[1, 21, 5, 17, 22, 2, 0, 0, 0, 0, 0, 0, 0]"
3498,<SOS>dollie<EOS>     ,girl,"['d', 'o', 'l', 'l', 'i', 'e']",6,0.0,"[1, 6, 17, 14, 14, 11, 7, 2, 0, 0, 0, 0, 0]"
1954,<SOS>rosario<EOS>    ,boy,"['r', 'o', 's', 'a', 'r', 'i', 'o']",7,1.0,"[1, 20, 17, 21, 3, 20, 11, 17, 2, 0, 0, 0, 0]"
1561,<SOS>frazier<EOS>    ,boy,"['f', 'r', 'a', 'z', 'i', 'e', 'r']",7,1.0,"[1, 8, 20, 3, 28, 11, 7, 20, 2, 0, 0, 0, 0]"
4460,<SOS>elberta<EOS>    ,girl,"['e', 'l', 'b', 'e', 'r', 't', 'a']",7,0.0,"[1, 7, 14, 4, 7, 20, 22, 3, 2, 0, 0, 0, 0]"
4975,<SOS>inell<EOS>      ,girl,"['i', 'n', 'e', 'l', 'l']",5,0.0,"[1, 11, 16, 7, 14, 14, 2, 0, 0, 0, 0, 0, 0]"
5211,<SOS>suellen<EOS>    ,girl,"['s', 'u', 'e', 'l', 'l', 'e', 'n']",7,0.0,"[1, 21, 23, 7, 14, 14, 7, 16, 2, 0, 0, 0, 0]"
5295,<SOS>graciela<EOS>   ,girl,"['g', 'r', 'a', 'c', 'i', 'e', 'l', 'a']",8,0.0,"[1, 9, 20, 3, 5, 11, 7, 14, 3, 2, 0, 0, 0]"
3667,<SOS>gracie<EOS>     ,girl,"['g', 'r', 'a', 'c', 'i', 'e']",6,0.0,"[1, 9, 20, 3, 5, 11, 7, 2, 0, 0, 0, 0, 0]"
2662,<SOS>kenyatta<EOS>   ,boy,"['k', 'e', 'n', 'y', 'a', 't', 't', 'a']",8,1.0,"[1, 13, 7, 16, 27, 3, 22, 22, 3, 2, 0, 0, 0]"
2344,<SOS>noe<EOS>        ,boy,"['n', 'o', 'e']",3,1.0,"[1, 16, 17, 7, 2, 0, 0, 0, 0, 0, 0, 0, 0]"
4153,<SOS>ela<EOS>        ,girl,"['e', 'l', 'a']",3,0.0,"[1, 7, 14, 3, 2, 0, 0, 0, 0, 0, 0, 0, 0]"
5457,<SOS>debi<EOS>       ,girl,"['d', 'e', 'b', 'i']",4,0.0,"[1, 6, 7, 4, 11, 2, 0, 0, 0, 0, 0, 0, 0]"
5027,<SOS>lita<EOS>       ,girl,"['l', 'i', 't', 'a']",4,0.0,"[1, 14, 11, 22, 3, 2, 0, 0, 0, 0, 0, 0, 0]"
2947,<SOS>cordaro<EOS>    ,boy,"['c', 'o', 'r', 'd', 'a', 'r', 'o']",7,1.0,"[1, 5, 17, 20, 6, 3, 20, 17, 2, 0, 0, 0, 0]"
3070,<SOS>jaylen<EOS>     ,boy,"['j', 'a', 'y', 'l', 'e', 'n']",6,1.0,"[1, 12, 3, 27, 14, 7, 16, 2, 0, 0, 0, 0, 0]"
3567,<SOS>corinne<EOS>    ,girl,"['c', 'o', 'r', 'i', 'n', 'n', 'e']",7,0.0,"[1, 5, 17, 20, 11, 16, 16, 7, 2, 0, 0, 0, 0]"
3998,<SOS>mai<EOS>        ,girl,"['m', 'a', 'i']",3,0.0,"[1, 15, 3, 11, 2, 0, 0, 0, 0, 0, 0, 0, 0]"
5783,<SOS>treena<EOS>     ,girl,"['t', 'r', 'e', 'e', 'n', 'a']",6,0.0,"[1, 22, 20, 7, 7, 16, 3, 2, 0, 0, 0, 0, 0]"
3090,<SOS>demonte<EOS>    ,boy,"['d', 'e', 'm', 'o', 'n', 't', 'e']",7,1.0,"[1, 6, 7, 15, 17, 16, 22, 7, 2, 0, 0, 0, 0]"
2722,<SOS>jabbar<EOS>     ,boy,"['j', 'a', 'b', 'b', 'a', 'r']",6,1.0,"[1, 12, 3, 4, 4, 3, 20, 2, 0, 0, 0, 0, 0]"
3341,<SOS>landyn<EOS>     ,boy,"['l', 'a', 'n', 'd', 'y', 'n']",6,1.0,"[1, 14, 3, 16, 6, 27, 16, 2, 0, 0, 0, 0, 0]"
6308,<SOS>alexus<EOS>     ,girl,"['a', 'l', 'e', 'x', 'u', 's']",6,0.0,"[1, 3, 14, 7, 26, 23, 21, 2, 0, 0, 0, 0, 0]"
5,<SOS>frank<EOS>      ,boy,"['f', 'r', 'a', 'n', 'k']",5,1.0,"[1, 8, 20, 3, 16, 13, 2, 0, 0, 0, 0, 0, 0]"
272,<SOS>clifton<EOS>    ,boy,"['c', 'l', 'i', 'f', 't', 'o', 'n']",7,1.0,"[1, 5, 14, 11, 8, 22, 17, 16, 2, 0, 0, 0, 0]"
3870,<SOS>inga<EOS>       ,girl,"['i', 'n', 'g', 'a']",4,0.0,"[1, 11, 16, 9, 3, 2, 0, 0, 0, 0, 0, 0, 0]"
3669,<SOS>leta<EOS>       ,girl,"['l', 'e', 't', 'a']",4,0.0,"[1, 14, 7, 22, 3, 2, 0, 0, 0, 0, 0, 0, 0]"
548,<SOS>mathias<EOS>    ,boy,"['m', 'a', 't', 'h', 'i', 'a', 's']",7,1.0,"[1, 15, 3, 22, 10, 11, 3, 21, 2, 0, 0, 0, 0]"
4657,<SOS>jetta<EOS>      ,girl,"['j', 'e', 't', 't', 'a']",5,0.0,"[1, 12, 7, 22, 22, 3, 2, 0, 0, 0, 0, 0, 0]"
1722,<SOS>hurbert<EOS>    ,boy,"['h', 'u', 'r', 'b', 'e', 'r', 't']",7,1.0,"[1, 10, 23, 20, 4, 7, 20, 22, 2, 0, 0, 0, 0]"
1494,<SOS>cris<EOS>       ,boy,"['c', 'r', 'i', 's']",4,1.0,"[1, 5, 20, 11, 21, 2, 0, 0, 0, 0, 0, 0, 0]"
6350,<SOS>itzel<EOS>      ,girl,"['i', 't', 'z', 'e', 'l']",5,0.0,"[1, 11, 22, 28, 7, 14, 2, 0, 0, 0, 0, 0, 0]"
2443,<SOS>randolf<EOS>    ,boy,"['r', 'a', 'n', 'd', 'o', 'l', 'f']",7,1.0,"[1, 20, 3, 16, 6, 17, 14, 8, 2, 0, 0, 0, 0]"
3847,<SOS>sula<EOS>       ,girl,"['s', 'u', 'l', 'a']",4,0.0,"[1, 21, 23, 14, 3, 2, 0, 0, 0, 0, 0, 0, 0]"
1189,<SOS>brice<EOS>      ,boy,"['b', 'r', 'i', 'c', 'e']",5,1.0,"[1, 4, 20, 11, 5, 7, 2, 0, 0, 0, 0, 0, 0]"
4203,<SOS>bula<EOS>       ,girl,"['b', 'u', 'l', 'a']",4,0.0,"[1, 4, 23, 14, 3, 2, 0, 0, 0, 0, 0, 0, 0]"
3092,<SOS>jaden<EOS>      ,boy,"['j', 'a', 'd', 'e', 'n']",5,1.0,"[1, 12, 3, 6, 7, 16, 2, 0, 0, 0, 0, 0, 0]"
4375,<SOS>albertha<EOS>   ,girl,"['a', 'l', 'b', 'e', 'r', 't', 'h', 'a']",8,0.0,"[1, 3, 14, 4, 7, 20, 22, 10, 3, 2, 0, 0, 0]"
3352,<SOS>koda<EOS>       ,boy,"['k', 'o', 'd', 'a']",4,1.0,"[1, 13, 17, 6, 3, 2, 0, 0, 0, 0, 0, 0, 0]"
5324,<SOS>randi<EOS>      ,girl,"['r', 'a', 'n', 'd', 'i']",5,0.0,"[1, 20, 3, 16, 6, 11, 2, 0, 0, 0, 0, 0, 0]"
1255,<SOS>vester<EOS>     ,boy,"['v', 'e', 's', 't', 'e', 'r']",6,1.0,"[1, 24, 7, 21, 22, 7, 20, 2, 0, 0, 0, 0, 0]"
94,<SOS>ray<EOS>        ,boy,"['r', 'a', 'y']",3,1.0,"[1, 20, 3, 27, 2, 0, 0, 0, 0, 0, 0, 0, 0]"
3163,<SOS>nash<EOS>       ,boy,"['n', 'a', 's', 'h']",4,1.0,"[1, 16, 3, 21, 10, 2, 0, 0, 0, 0, 0, 0, 0]"
97,<SOS>dan<EOS>        ,boy,"['d', 'a', 'n']",3,1.0,"[1, 6, 3, 16, 2, 0, 0, 0, 0, 0, 0, 0, 0]"
1815,<SOS>eston<EOS>      ,boy,"['e', 's', 't', 'o', 'n']",5,1.0,"[1, 7, 21, 22, 17, 16, 2, 0, 0, 0, 0, 0, 0]"
4294,<SOS>delta<EOS>      ,girl,"['d', 'e', 'l', 't', 'a']",5,0.0,"[1, 6, 7, 14, 22, 3, 2, 0, 0, 0, 0, 0, 0]"
2069,<SOS>levie<EOS>      ,boy,"['l', 'e', 'v', 'i', 'e']",5,1.0,"[1, 14, 7, 24, 11, 7, 2, 0, 0, 0, 0, 0, 0]"
116,<SOS>matthew<EOS>    ,boy,"['m', 'a', 't', 't', 'h', 'e', 'w']",7,1.0,"[1, 15, 3, 22, 22, 10, 7, 25, 2, 0, 0, 0, 0]"
6640,<SOS>yahaira<EOS>    ,girl,"['y', 'a', 'h', 'a', 'i', 'r', 'a']",7,0.0,"[1, 27, 3, 10, 3, 11, 20, 3, 2, 0, 0, 0, 0]"
3738,<SOS>serena<EOS>     ,girl,"['s', 'e', 'r', 'e', 'n', 'a']",6,0.0,"[1, 21, 7, 20, 7, 16, 3, 2, 0, 0, 0, 0, 0]"
5726,<SOS>gillian<EOS>    ,girl,"['g', 'i', 'l', 'l', 'i', 'a', 'n']",7,0.0,"[1, 9, 11, 14, 14, 11, 3, 16, 2, 0, 0, 0, 0]"
4407,<SOS>nanna<EOS>      ,girl,"['n', 'a', 'n', 'n', 'a']",5,0.0,"[1, 16, 3, 16, 16, 3, 2, 0, 0, 0, 0, 0, 0]"
3025,<SOS>storm<EOS>      ,boy,"['s', 't', 'o', 'r', 'm']",5,1.0,"[1, 21, 22, 17, 20, 15, 2, 0, 0, 0, 0, 0, 0]"
3701,<SOS>louvenia<EOS>   ,girl,"['l', 'o', 'u', 'v', 'e', 'n', 'i', 'a']",8,0.0,"[1, 14, 17, 23, 24, 7, 16, 11, 3, 2, 0, 0, 0]"
2254,<SOS>derrell<EOS>    ,boy,"['d', 'e', 'r', 'r', 'e', 'l', 'l']",7,1.0,"[1, 6, 7, 20, 20, 7, 14, 14, 2, 0, 0, 0, 0]"
1471,<SOS>lim<EOS>        ,boy,"['l', 'i', 'm']",3,1.0,"[1, 14, 11, 15, 2, 0, 0, 0, 0, 0, 0, 0, 0]"
3344,<SOS>andon<EOS>      ,boy,"['a', 'n', 'd', 'o', 'n']",5,1.0,"[1, 3, 16, 6, 17, 16, 2, 0, 0, 0, 0, 0, 0]"
6460,<SOS>anahi<EOS>      ,girl,"['a', 'n', 'a', 'h', 'i']",5,0.0,"[1, 3, 16, 3, 10, 11, 2, 0, 0, 0, 0, 0, 0]"
3850,<SOS>adline<EOS>     ,girl,"['a', 'd', 'l', 'i', 'n', 'e']",6,0.0,"[1, 3, 6, 14, 11, 16, 7, 2, 0, 0, 0, 0, 0]"
1197,<SOS>eustace<EOS>    ,boy,"['e', 'u', 's', 't', 'a', 'c', 'e']",7,1.0,"[1, 7, 23, 21, 22, 3, 5, 7, 2, 0, 0, 0, 0]"
3931,<SOS>paralee<EOS>    ,girl,"['p', 'a', 'r', 'a', 'l', 'e', 'e']",7,0.0,"[1, 18, 3, 20, 3, 14, 7, 7, 2, 0, 0, 0, 0]"
5296,<SOS>sherilyn<EOS>   ,girl,"['s', 'h', 'e', 'r', 'i', 'l', 'y', 'n']",8,0.0,"[1, 21, 10, 7, 20, 11, 14, 27, 16, 2, 0, 0, 0]"
2698,<SOS>marcelo<EOS>    ,boy,"['m', 'a', 'r', 'c', 'e', 'l', 'o']",7,1.0,"[1, 15, 3, 20, 5, 7, 14, 17, 2, 0, 0, 0, 0]"
2113,<SOS>gino<EOS>       ,boy,"['g', 'i', 'n', 'o']",4,1.0,"[1, 9, 11, 16, 17, 2, 0, 0, 0, 0, 0, 0, 0]"
4841,<SOS>maureen<EOS>    ,girl,"['m', 'a', 'u', 'r', 'e', 'e', 'n']",7,0.0,"[1, 15, 3, 23, 20, 7, 7, 16, 2, 0, 0, 0, 0]"
6347,<SOS>destiney<EOS>   ,girl,"['d', 'e', 's', 't', 'i', 'n', 'e', 'y']",8,0.0,"[1, 6, 7, 21, 22, 11, 16, 7, 27, 2, 0, 0, 0]"
178,<SOS>wilson<EOS>     ,boy,"['w', 'i', 'l', 's', 'o', 'n']",6,1.0,"[1, 25, 11, 14, 21, 17, 16, 2, 0, 0, 0, 0, 0]"
3388,<SOS>jasiah<EOS>     ,boy,"['j', 'a', 's', 'i', 'a', 'h']",6,1.0,"[1, 12, 3, 21, 11, 3, 10, 2, 0, 0, 0, 0, 0]"
6194,<SOS>jessenia<EOS>   ,girl,"['j', 'e', 's', 's', 'e', 'n', 'i', 'a']",8,0.0,"[1, 12, 7, 21, 21, 7, 16, 11, 3, 2, 0, 0, 0]"
2234,<SOS>dickie<EOS>     ,boy,"['d', 'i', 'c', 'k', 'i', 'e']",6,1.0,"[1, 6, 11, 5, 13, 11, 7, 2, 0, 0, 0, 0, 0]"
5081,<SOS>herlinda<EOS>   ,girl,"['h', 'e', 'r', 'l', 'i', 'n', 'd', 'a']",8,0.0,"[1, 10, 7, 20, 14, 11, 16, 6, 3, 2, 0, 0, 0]"
2152,<SOS>laddie<EOS>     ,boy,"['l', 'a', 'd', 'd', 'i', 'e']",6,1.0,"[1, 14, 3, 6, 6, 11, 7, 2, 0, 0, 0, 0, 0]"
4971,<SOS>arlyne<EOS>     ,girl,"['a', 'r', 'l', 'y', 'n', 'e']",6,0.0,"[1, 3, 20, 14, 27, 16, 7, 2, 0, 0, 0, 0, 0]"
4230,<SOS>chloie<EOS>     ,girl,"['c', 'h', 'l', 'o', 'i', 'e']",6,0.0,"[1, 5, 10, 14, 17, 11, 7, 2, 0, 0, 0, 0, 0]"
3000,<SOS>tevin<EOS>      ,boy,"['t', 'e', 'v', 'i', 'n']",5,1.0,"[1, 22, 7, 24, 11, 16, 2, 0, 0, 0, 0, 0, 0]"
3903,<SOS>eugenie<EOS>    ,girl,"['e', 'u', 'g', 'e', 'n', 'i', 'e']",7,0.0,"[1, 7, 23, 9, 7, 16, 11, 7, 2, 0, 0, 0, 0]"
1735,<SOS>algot<EOS>      ,boy,"['a', 'l', 'g', 'o', 't']",5,1.0,"[1, 3, 14, 9, 17, 22, 2, 0, 0, 0, 0, 0, 0]"
2253,<SOS>darvin<EOS>     ,boy,"['d', 'a', 'r', 'v', 'i', 'n']",6,1.0,"[1, 6, 3, 20, 24, 11, 16, 2, 0, 0, 0, 0, 0]"
1751,<SOS>alba<EOS>       ,boy,"['a', 'l', 'b', 'a']",4,1.0,"[1, 3, 14, 4, 3, 2, 0, 0, 0, 0, 0, 0, 0]"
688,<SOS>butler<EOS>     ,boy,"['b', 'u', 't', 'l', 'e', 'r']",6,1.0,"[1, 4, 23, 22, 14, 7, 20, 2, 0, 0, 0, 0, 0]"
1978,<SOS>verl<EOS>       ,boy,"['v', 'e', 'r', 'l']",4,1.0,"[1, 24, 7, 20, 14, 2, 0, 0, 0, 0, 0, 0, 0]"
1854,<SOS>aloys<EOS>      ,boy,"['a', 'l', 'o', 'y', 's']",5,1.0,"[1, 3, 14, 17, 27, 21, 2, 0, 0, 0, 0, 0, 0]"
4865,<SOS>macel<EOS>      ,girl,"['m', 'a', 'c', 'e', 'l']",5,0.0,"[1, 15, 3, 5, 7, 14, 2, 0, 0, 0, 0, 0, 0]"
3859,<SOS>dove<EOS>       ,girl,"['d', 'o', 'v', 'e']",4,0.0,"[1, 6, 17, 24, 7, 2, 0, 0, 0, 0, 0, 0, 0]"
2015,<SOS>pauline<EOS>    ,boy,"['p', 'a', 'u', 'l', 'i', 'n', 'e']",7,1.0,"[1, 18, 3, 23, 14, 11, 16, 7, 2, 0, 0, 0, 0]"
2397,<SOS>kathleen<EOS>   ,boy,"['k', 'a', 't', 'h', 'l', 'e', 'e', 'n']",8,1.0,"[1, 13, 3, 22, 10, 14, 7, 7, 16, 2, 0, 0, 0]"
1698,<SOS>neely<EOS>      ,boy,"['n', 'e', 'e', 'l', 'y']",5,1.0,"[1, 16, 7, 7, 14, 27, 2, 0, 0, 0, 0, 0, 0]"
6467,<SOS>raegan<EOS>     ,girl,"['r', 'a', 'e', 'g', 'a', 'n']",6,0.0,"[1, 20, 3, 7, 9, 3, 16, 2, 0, 0, 0, 0, 0]"
2824,<SOS>johnpaul<EOS>   ,boy,"['j', 'o', 'h', 'n', 'p', 'a', 'u', 'l']",8,1.0,"[1, 12, 17, 10, 16, 18, 3, 23, 14, 2, 0, 0, 0]"
3011,<SOS>talon<EOS>      ,boy,"['t', 'a', 'l', 'o', 'n']",5,1.0,"[1, 22, 3, 14, 17, 16, 2, 0, 0, 0, 0, 0, 0]"
1066,<SOS>burke<EOS>      ,boy,"['b', 'u', 'r', 'k', 'e']",5,1.0,"[1, 4, 23, 20, 13, 7, 2, 0, 0, 0, 0, 0, 0]"
4036,<SOS>caddie<EOS>     ,girl,"['c', 'a', 'd', 'd', 'i', 'e']",6,0.0,"[1, 5, 3, 6, 6, 11, 7, 2, 0, 0, 0, 0, 0]"
3964,<SOS>clemie<EOS>     ,girl,"['c', 'l', 'e', 'm', 'i', 'e']",6,0.0,"[1, 5, 14, 7, 15, 11, 7, 2, 0, 0, 0, 0, 0]"
6437,<SOS>dania<EOS>      ,girl,"['d', 'a', 'n', 'i', 'a']",5,0.0,"[1, 6, 3, 16, 11, 3, 2, 0, 0, 0, 0, 0, 0]"
4284,<SOS>attie<EOS>      ,girl,"['a', 't', 't', 'i', 'e']",5,0.0,"[1, 3, 22, 22, 11, 7, 2, 0, 0, 0, 0, 0, 0]"
625,<SOS>noel<EOS>       ,boy,"['n', 'o', 'e', 'l']",4,1.0,"[1, 16, 17, 7, 14, 2, 0, 0, 0, 0, 0, 0, 0]"
3379,<SOS>kael<EOS>       ,boy,"['k', 'a', 'e', 'l']",4,1.0,"[1, 13, 3, 7, 14, 2, 0, 0, 0, 0, 0, 0, 0]"
1997,<SOS>welton<EOS>     ,boy,"['w', 'e', 'l', 't', 'o', 'n']",6,1.0,"[1, 25, 7, 14, 22, 17, 16, 2, 0, 0, 0, 0, 0]"
5950,<SOS>hayley<EOS>     ,girl,"['h', 'a', 'y', 'l', 'e', 'y']",6,0.0,"[1, 10, 3, 27, 14, 7, 27, 2, 0, 0, 0, 0, 0]"
6725,<SOS>izabelle<EOS>   ,girl,"['i', 'z', 'a', 'b', 'e', 'l', 'l', 'e']",8,0.0,"[1, 11, 28, 3, 4, 7, 14, 14, 7, 2, 0, 0, 0]"
4045,<SOS>elaine<EOS>     ,girl,"['e', 'l', 'a', 'i', 'n', 'e']",6,0.0,"[1, 7, 14, 3, 11, 16, 7, 2, 0, 0, 0, 0, 0]"
2587,<SOS>heath<EOS>      ,boy,"['h', 'e', 'a', 't', 'h']",5,1.0,"[1, 10, 7, 3, 22, 10, 2, 0, 0, 0, 0, 0, 0]"
6249,<SOS>makayla<EOS>    ,girl,"['m', 'a', 'k', 'a', 'y', 'l', 'a']",7,0.0,"[1, 15, 3, 13, 3, 27, 14, 3, 2, 0, 0, 0, 0]"
3982,<SOS>helma<EOS>      ,girl,"['h', 'e', 'l', 'm', 'a']",5,0.0,"[1, 10, 7, 14, 15, 3, 2, 0, 0, 0, 0, 0, 0]"
6330,<SOS>ivonne<EOS>     ,girl,"['i', 'v', 'o', 'n', 'n', 'e']",6,0.0,"[1, 11, 24, 17, 16, 16, 7, 2, 0, 0, 0, 0, 0]"
4532,<SOS>imo<EOS>        ,girl,"['i', 'm', 'o']",3,0.0,"[1, 11, 15, 17, 2, 0, 0, 0, 0, 0, 0, 0, 0]"
1717,<SOS>burk<EOS>       ,boy,"['b', 'u', 'r', 'k']",4,1.0,"[1, 4, 23, 20, 13, 2, 0, 0, 0, 0, 0, 0, 0]"
2586,<SOS>reginal<EOS>    ,boy,"['r', 'e', 'g', 'i', 'n', 'a', 'l']",7,1.0,"[1, 20, 7, 9, 11, 16, 3, 14, 2, 0, 0, 0, 0]"
5560,<SOS>tania<EOS>      ,girl,"['t', 'a', 'n', 'i', 'a']",5,0.0,"[1, 22, 3, 16, 11, 3, 2, 0, 0, 0, 0, 0, 0]"
2336,<SOS>rickey<EOS>     ,boy,"['r', 'i', 'c', 'k', 'e', 'y']",6,1.0,"[1, 20, 11, 5, 13, 7, 27, 2, 0, 0, 0, 0, 0]"
6587,<SOS>meadow<EOS>     ,girl,"['m', 'e', 'a', 'd', 'o', 'w']",6,0.0,"[1, 15, 7, 3, 6, 17, 25, 2, 0, 0, 0, 0, 0]"
1275,<SOS>eldred<EOS>     ,boy,"['e', 'l', 'd', 'r', 'e', 'd']",6,1.0,"[1, 7, 14, 6, 20, 7, 6, 2, 0, 0, 0, 0, 0]"
4902,<SOS>elenore<EOS>    ,girl,"['e', 'l', 'e', 'n', 'o', 'r', 'e']",7,0.0,"[1, 7, 14, 7, 16, 17, 20, 7, 2, 0, 0, 0, 0]"
6433,<SOS>zaria<EOS>      ,girl,"['z', 'a', 'r', 'i', 'a']",5,0.0,"[1, 28, 3, 20, 11, 3, 2, 0, 0, 0, 0, 0, 0]"
1800,<SOS>hezzie<EOS>     ,boy,"['h', 'e', 'z', 'z', 'i', 'e']",6,1.0,"[1, 10, 7, 28, 28, 11, 7, 2, 0, 0, 0, 0, 0]"
1726,<SOS>olive<EOS>      ,boy,"['o', 'l', 'i', 'v', 'e']",5,1.0,"[1, 17, 14, 11, 24, 7, 2, 0, 0, 0, 0, 0, 0]"
4145,<SOS>delfina<EOS>    ,girl,"['d', 'e', 'l', 'f', 'i', 'n', 'a']",7,0.0,"[1, 6, 7, 14, 8, 11, 16, 3, 2, 0, 0, 0, 0]"
5046,<SOS>felicitas<EOS>  ,girl,"['f', 'e', 'l', 'i', 'c', 'i', 't', 'a', 's']",9,0.0,"[1, 8, 7, 14, 11, 5, 11, 22, 3, 21, 2, 0, 0]"
3464,<SOS>delia<EOS>      ,girl,"['d', 'e', 'l', 'i', 'a']",5,0.0,"[1, 6, 7, 14, 11, 3, 2, 0, 0, 0, 0, 0, 0]"
2825,<SOS>nicklaus<EOS>   ,boy,"['n', 'i', 'c', 'k', 'l', 'a', 'u', 's']",8,1.0,"[1, 16, 11, 5, 13, 14, 3, 23, 21, 2, 0, 0, 0]"
2898,<SOS>jerrad<EOS>     ,boy,"['j', 'e', 'r', 'r', 'a', 'd']",6,1.0,"[1, 12, 7, 20, 20, 3, 6, 2, 0, 0, 0, 0, 0]"
5769,<SOS>raina<EOS>      ,girl,"['r', 'a', 'i', 'n', 'a']",5,0.0,"[1, 20, 3, 11, 16, 3, 2, 0, 0, 0, 0, 0, 0]"
3743,<SOS>celina<EOS>     ,girl,"['c', 'e', 'l', 'i', 'n', 'a']",6,0.0,"[1, 5, 7, 14, 11, 16, 3, 2, 0, 0, 0, 0, 0]"
3834,<SOS>leda<EOS>       ,girl,"['l', 'e', 'd', 'a']",4,0.0,"[1, 14, 7, 6, 3, 2, 0, 0, 0, 0, 0, 0, 0]"
1743,<SOS>ruth<EOS>       ,boy,"['r', 'u', 't', 'h']",4,1.0,"[1, 20, 23, 22, 10, 2, 0, 0, 0, 0, 0, 0, 0]"
5084,<SOS>joretta<EOS>    ,girl,"['j', 'o', 'r', 'e', 't', 't', 'a']",7,0.0,"[1, 12, 17, 20, 7, 22, 22, 3, 2, 0, 0, 0, 0]"
1788,<SOS>floy<EOS>       ,boy,"['f', 'l', 'o', 'y']",4,1.0,"[1, 8, 14, 17, 27, 2, 0, 0, 0, 0, 0, 0, 0]"
633,<SOS>uriah<EOS>      ,boy,"['u', 'r', 'i', 'a', 'h']",5,1.0,"[1, 23, 20, 11, 3, 10, 2, 0, 0, 0, 0, 0, 0]"
14,<SOS>fred<EOS>       ,boy,"['f', 'r', 'e', 'd']",4,1.0,"[1, 8, 20, 7, 6, 2, 0, 0, 0, 0, 0, 0, 0]"
1176,<SOS>wing<EOS>       ,boy,"['w', 'i', 'n', 'g']",4,1.0,"[1, 25, 11, 16, 9, 2, 0, 0, 0, 0, 0, 0, 0]"
3348,<SOS>deacon<EOS>     ,boy,"['d', 'e', 'a', 'c', 'o', 'n']",6,1.0,"[1, 6, 7, 3, 5, 17, 16, 2, 0, 0, 0, 0, 0]"
9,<SOS>robert<EOS>     ,boy,"['r', 'o', 'b', 'e', 'r', 't']",6,1.0,"[1, 20, 17, 4, 7, 20, 22, 2, 0, 0, 0, 0, 0]"
5509,<SOS>gabrielle<EOS>  ,girl,"['g', 'a', 'b', 'r', 'i', 'e', 'l', 'l', 'e']",9,0.0,"[1, 9, 3, 4, 20, 11, 7, 14, 14, 7, 2, 0, 0]"
2610,<SOS>shad<EOS>       ,boy,"['s', 'h', 'a', 'd']",4,1.0,"[1, 21, 10, 3, 6, 2, 0, 0, 0, 0, 0, 0, 0]"
3927,<SOS>neppie<EOS>     ,girl,"['n', 'e', 'p', 'p', 'i', 'e']",6,0.0,"[1, 16, 7, 18, 18, 11, 7, 2, 0, 0, 0, 0, 0]"
3114,<SOS>bryton<EOS>     ,boy,"['b', 'r', 'y', 't', 'o', 'n']",6,1.0,"[1, 4, 20, 27, 22, 17, 16, 2, 0, 0, 0, 0, 0]"
4394,<SOS>genevra<EOS>    ,girl,"['g', 'e', 'n', 'e', 'v', 'r', 'a']",7,0.0,"[1, 9, 7, 16, 7, 24, 20, 3, 2, 0, 0, 0, 0]"
1000,<SOS>brown<EOS>      ,boy,"['b', 'r', 'o', 'w', 'n']",5,1.0,"[1, 4, 20, 17, 25, 16, 2, 0, 0, 0, 0, 0, 0]"
6075,<SOS>falon<EOS>      ,girl,"['f', 'a', 'l', 'o', 'n']",5,0.0,"[1, 8, 3, 14, 17, 16, 2, 0, 0, 0, 0, 0, 0]"
2291,<SOS>carolyn<EOS>    ,boy,"['c', 'a', 'r', 'o', 'l', 'y', 'n']",7,1.0,"[1, 5, 3, 20, 17, 14, 27, 16, 2, 0, 0, 0, 0]"
3652,<SOS>edythe<EOS>     ,girl,"['e', 'd', 'y', 't', 'h', 'e']",6,0.0,"[1, 7, 6, 27, 22, 10, 7, 2, 0, 0, 0, 0, 0]"
6133,<SOS>krysten<EOS>    ,girl,"['k', 'r', 'y', 's', 't', 'e', 'n']",7,0.0,"[1, 13, 20, 27, 21, 22, 7, 16, 2, 0, 0, 0, 0]"
4951,<SOS>marina<EOS>     ,girl,"['m', 'a', 'r', 'i', 'n', 'a']",6,0.0,"[1, 15, 3, 20, 11, 16, 3, 2, 0, 0, 0, 0, 0]"
3317,<SOS>yair<EOS>       ,boy,"['y', 'a', 'i', 'r']",4,1.0,"[1, 27, 3, 11, 20, 2, 0, 0, 0, 0, 0, 0, 0]"
2946,<SOS>conner<EOS>     ,boy,"['c', 'o', 'n', 'n', 'e', 'r']",6,1.0,"[1, 5, 17, 16, 16, 7, 20, 2, 0, 0, 0, 0, 0]"
1765,<SOS>encarnacion<EOS>,boy,"['e', 'n', 'c', 'a', 'r', 'n', 'a', 'c', 'i', 'o', 'n']",11,1.0,"[1, 7, 16, 5, 3, 20, 16, 3, 5, 11, 17, 16, 2]"
269,<SOS>ezra<EOS>       ,boy,"['e', 'z', 'r', 'a']",4,1.0,"[1, 7, 28, 20, 3, 2, 0, 0, 0, 0, 0, 0, 0]"
6346,<SOS>brionna<EOS>    ,girl,"['b', 'r', 'i', 'o', 'n', 'n', 'a']",7,0.0,"[1, 4, 20, 11, 17, 16, 16, 3, 2, 0, 0, 0, 0]"
2404,<SOS>shaun<EOS>      ,boy,"['s', 'h', 'a', 'u', 'n']",5,1.0,"[1, 21, 10, 3, 23, 16, 2, 0, 0, 0, 0, 0, 0]"
167,<SOS>marshall<EOS>   ,boy,"['m', 'a', 'r', 's', 'h', 'a', 'l', 'l']",8,1.0,"[1, 15, 3, 20, 21, 10, 3, 14, 14, 2, 0, 0, 0]"
2635,<SOS>trever<EOS>     ,boy,"['t', 'r', 'e', 'v', 'e', 'r']",6,1.0,"[1, 22, 20, 7, 24, 7, 20, 2, 0, 0, 0, 0, 0]"
1067,<SOS>cap<EOS>        ,boy,"['c', 'a', 'p']",3,1.0,"[1, 5, 3, 18, 2, 0, 0, 0, 0, 0, 0, 0, 0]"
6421,<SOS>daja<EOS>       ,girl,"['d', 'a', 'j', 'a']",4,0.0,"[1, 6, 3, 12, 3, 2, 0, 0, 0, 0, 0, 0, 0]"
5287,<SOS>maribeth<EOS>   ,girl,"['m', 'a', 'r', 'i', 'b', 'e', 't', 'h']",8,0.0,"[1, 15, 3, 20, 11, 4, 7, 22, 10, 2, 0, 0, 0]"
1422,<SOS>shep<EOS>       ,boy,"['s', 'h', 'e', 'p']",4,1.0,"[1, 21, 10, 7, 18, 2, 0, 0, 0, 0, 0, 0, 0]"
2888,<SOS>remington<EOS>  ,boy,"['r', 'e', 'm', 'i', 'n', 'g', 't', 'o', 'n']",9,1.0,"[1, 20, 7, 15, 11, 16, 9, 22, 17, 16, 2, 0, 0]"
2482,<SOS>jace<EOS>       ,boy,"['j', 'a', 'c', 'e']",4,1.0,"[1, 12, 3, 5, 7, 2, 0, 0, 0, 0, 0, 0, 0]"
5791,<SOS>shantel<EOS>    ,girl,"['s', 'h', 'a', 'n', 't', 'e', 'l']",7,0.0,"[1, 21, 10, 3, 16, 22, 7, 14, 2, 0, 0, 0, 0]"
5184,<SOS>mimi<EOS>       ,girl,"['m', 'i', 'm', 'i']",4,0.0,"[1, 15, 11, 15, 11, 2, 0, 0, 0, 0, 0, 0, 0]"
4598,<SOS>signe<EOS>      ,girl,"['s', 'i', 'g', 'n', 'e']",5,0.0,"[1, 21, 11, 9, 16, 7, 2, 0, 0, 0, 0, 0, 0]"
52,<SOS>eugene<EOS>     ,boy,"['e', 'u', 'g', 'e', 'n', 'e']",6,1.0,"[1, 7, 23, 9, 7, 16, 7, 2, 0, 0, 0, 0, 0]"
3537,<SOS>ophelia<EOS>    ,girl,"['o', 'p', 'h', 'e', 'l', 'i', 'a']",7,0.0,"[1, 17, 18, 10, 7, 14, 11, 3, 2, 0, 0, 0, 0]"
5617,<SOS>renata<EOS>     ,girl,"['r', 'e', 'n', 'a', 't', 'a']",6,0.0,"[1, 20, 7, 16, 3, 22, 3, 2, 0, 0, 0, 0, 0]"
3275,<SOS>jakobe<EOS>     ,boy,"['j', 'a', 'k', 'o', 'b', 'e']",6,1.0,"[1, 12, 3, 13, 17, 4, 7, 2, 0, 0, 0, 0, 0]"
1732,<SOS>waldemar<EOS>   ,boy,"['w', 'a', 'l', 'd', 'e', 'm', 'a', 'r']",8,1.0,"[1, 25, 3, 14, 6, 7, 15, 3, 20, 2, 0, 0, 0]"
3865,<SOS>evalyn<EOS>     ,girl,"['e', 'v', 'a', 'l', 'y', 'n']",6,0.0,"[1, 7, 24, 3, 14, 27, 16, 2, 0, 0, 0, 0, 0]"
5563,<SOS>latanya<EOS>    ,girl,"['l', 'a', 't', 'a', 'n', 'y', 'a']",7,0.0,"[1, 14, 3, 22, 3, 16, 27, 3, 2, 0, 0, 0, 0]"
2752,<SOS>jabari<EOS>     ,boy,"['j', 'a', 'b', 'a', 'r', 'i']",6,1.0,"[1, 12, 3, 4, 3, 20, 11, 2, 0, 0, 0, 0, 0]"
3571,<SOS>margie<EOS>     ,girl,"['m', 'a', 'r', 'g', 'i', 'e']",6,0.0,"[1, 15, 3, 20, 9, 11, 7, 2, 0, 0, 0, 0, 0]"
5181,<SOS>janyce<EOS>     ,girl,"['j', 'a', 'n', 'y', 'c', 'e']",6,0.0,"[1, 12, 3, 16, 27, 5, 7, 2, 0, 0, 0, 0, 0]"
5185,<SOS>noreta<EOS>     ,girl,"['n', 'o', 'r', 'e', 't', 'a']",6,0.0,"[1, 16, 17, 20, 7, 22, 3, 2, 0, 0, 0, 0, 0]"
2123,<SOS>arlin<EOS>      ,boy,"['a', 'r', 'l', 'i', 'n']",5,1.0,"[1, 3, 20, 14, 11, 16, 2, 0, 0, 0, 0, 0, 0]"
3653,<SOS>harriette<EOS>  ,girl,"['h', 'a', 'r', 'r', 'i', 'e', 't', 't', 'e']",9,0.0,"[1, 10, 3, 20, 20, 11, 7, 22, 22, 7, 2, 0, 0]"
3019,<SOS>sage<EOS>       ,boy,"['s', 'a', 'g', 'e']",4,1.0,"[1, 21, 3, 9, 7, 2, 0, 0, 0, 0, 0, 0, 0]"
2876,<SOS>eliezer<EOS>    ,boy,"['e', 'l', 'i', 'e', 'z', 'e', 'r']",7,1.0,"[1, 7, 14, 11, 7, 28, 7, 20, 2, 0, 0, 0, 0]"
3335,<SOS>kyan<EOS>       ,boy,"['k', 'y', 'a', 'n']",4,1.0,"[1, 13, 27, 3, 16, 2, 0, 0, 0, 0, 0, 0, 0]"
6667,<SOS>nathaly<EOS>    ,girl,"['n', 'a', 't', 'h', 'a', 'l', 'y']",7,0.0,"[1, 16, 3, 22, 10, 3, 14, 27, 2, 0, 0, 0, 0]"
1039,<SOS>wirt<EOS>       ,boy,"['w', 'i', 'r', 't']",4,1.0,"[1, 25, 11, 20, 22, 2, 0, 0, 0, 0, 0, 0, 0]"
5734,<SOS>ami<EOS>        ,girl,"['a', 'm', 'i']",3,0.0,"[1, 3, 15, 11, 2, 0, 0, 0, 0, 0, 0, 0, 0]"
2944,<SOS>kane<EOS>       ,boy,"['k', 'a', 'n', 'e']",4,1.0,"[1, 13, 3, 16, 7, 2, 0, 0, 0, 0, 0, 0, 0]"
2868,<SOS>connor<EOS>     ,boy,"['c', 'o', 'n', 'n', 'o', 'r']",6,1.0,"[1, 5, 17, 16, 16, 17, 20, 2, 0, 0, 0, 0, 0]"
1105,<SOS>campbell<EOS>   ,boy,"['c', 'a', 'm', 'p', 'b', 'e', 'l', 'l']",8,1.0,"[1, 5, 3, 15, 18, 4, 7, 14, 14, 2, 0, 0, 0]"
5975,<SOS>aja<EOS>        ,girl,"['a', 'j', 'a']",3,0.0,"[1, 3, 12, 3, 2, 0, 0, 0, 0, 0, 0, 0, 0]"
4767,<SOS>leoma<EOS>      ,girl,"['l', 'e', 'o', 'm', 'a']",5,0.0,"[1, 14, 7, 17, 15, 3, 2, 0, 0, 0, 0, 0, 0]"
5532,<SOS>alyson<EOS>     ,girl,"['a', 'l', 'y', 's', 'o', 'n']",6,0.0,"[1, 3, 14, 27, 21, 17, 16, 2, 0, 0, 0, 0, 0]"
5603,<SOS>maricela<EOS>   ,girl,"['m', 'a', 'r', 'i', 'c', 'e', 'l', 'a']",8,0.0,"[1, 15, 3, 20, 11, 5, 7, 14, 3, 2, 0, 0, 0]"
1394,<SOS>stafford<EOS>   ,boy,"['s', 't', 'a', 'f', 'f', 'o', 'r', 'd']",8,1.0,"[1, 21, 22, 3, 8, 8, 17, 20, 6, 2, 0, 0, 0]"
3433,<SOS>lennon<EOS>     ,boy,"['l', 'e', 'n', 'n', 'o', 'n']",6,1.0,"[1, 14, 7, 16, 16, 17, 16, 2, 0, 0, 0, 0, 0]"
6228,<SOS>carli<EOS>      ,girl,"['c', 'a', 'r', 'l', 'i']",5,0.0,"[1, 5, 3, 20, 14, 11, 2, 0, 0, 0, 0, 0, 0]"
6137,<SOS>katelin<EOS>    ,girl,"['k', 'a', 't', 'e', 'l', 'i', 'n']",7,0.0,"[1, 13, 3, 22, 7, 14, 11, 16, 2, 0, 0, 0, 0]"
6299,<SOS>kailee<EOS>     ,girl,"['k', 'a', 'i', 'l', 'e', 'e']",6,0.0,"[1, 13, 3, 11, 14, 7, 7, 2, 0, 0, 0, 0, 0]"
2194,<SOS>shoji<EOS>      ,boy,"['s', 'h', 'o', 'j', 'i']",5,1.0,"[1, 21, 10, 17, 12, 11, 2, 0, 0, 0, 0, 0, 0]"
6296,<SOS>stormy<EOS>     ,girl,"['s', 't', 'o', 'r', 'm', 'y']",6,0.0,"[1, 21, 22, 17, 20, 15, 27, 2, 0, 0, 0, 0, 0]"
5798,<SOS>latoya<EOS>     ,girl,"['l', 'a', 't', 'o', 'y', 'a']",6,0.0,"[1, 14, 3, 22, 17, 27, 3, 2, 0, 0, 0, 0, 0]"
539,<SOS>duncan<EOS>     ,boy,"['d', 'u', 'n', 'c', 'a', 'n']",6,1.0,"[1, 6, 23, 16, 5, 3, 16, 2, 0, 0, 0, 0, 0]"
6301,<SOS>mckenna<EOS>    ,girl,"['m', 'c', 'k', 'e', 'n', 'n', 'a']",7,0.0,"[1, 15, 5, 13, 7, 16, 16, 3, 2, 0, 0, 0, 0]"
1014,<SOS>margaret<EOS>   ,boy,"['m', 'a', 'r', 'g', 'a', 'r', 'e', 't']",8,1.0,"[1, 15, 3, 20, 9, 3, 20, 7, 22, 2, 0, 0, 0]"
1402,<SOS>dozier<EOS>     ,boy,"['d', 'o', 'z', 'i', 'e', 'r']",6,1.0,"[1, 6, 17, 28, 11, 7, 20, 2, 0, 0, 0, 0, 0]"
1928,<SOS>arlo<EOS>       ,boy,"['a', 'r', 'l', 'o']",4,1.0,"[1, 3, 20, 14, 17, 2, 0, 0, 0, 0, 0, 0, 0]"
5895,<SOS>tanesha<EOS>    ,girl,"['t', 'a', 'n', 'e', 's', 'h', 'a']",7,0.0,"[1, 22, 3, 16, 7, 21, 10, 3, 2, 0, 0, 0, 0]"
1044,<SOS>boss<EOS>       ,boy,"['b', 'o', 's', 's']",4,1.0,"[1, 4, 17, 21, 21, 2, 0, 0, 0, 0, 0, 0, 0]"
1129,<SOS>gregg<EOS>      ,boy,"['g', 'r', 'e', 'g', 'g']",5,1.0,"[1, 9, 20, 7, 9, 9, 2, 0, 0, 0, 0, 0, 0]"
5448,<SOS>desiree<EOS>    ,girl,"['d', 'e', 's', 'i', 'r', 'e', 'e']",7,0.0,"[1, 6, 7, 21, 11, 20, 7, 7, 2, 0, 0, 0, 0]"
3048,<SOS>davonte<EOS>    ,boy,"['d', 'a', 'v', 'o', 'n', 't', 'e']",7,1.0,"[1, 6, 3, 24, 17, 16, 22, 7, 2, 0, 0, 0, 0]"
5266,<SOS>karyn<EOS>      ,girl,"['k', 'a', 'r', 'y', 'n']",5,0.0,"[1, 13, 3, 20, 27, 16, 2, 0, 0, 0, 0, 0, 0]"
4807,<SOS>veola<EOS>      ,girl,"['v', 'e', 'o', 'l', 'a']",5,0.0,"[1, 24, 7, 17, 14, 3, 2, 0, 0, 0, 0, 0, 0]"
6011,<SOS>ashanti<EOS>    ,girl,"['a', 's', 'h', 'a', 'n', 't', 'i']",7,0.0,"[1, 3, 21, 10, 3, 16, 22, 11, 2, 0, 0, 0, 0]"
1489,<SOS>burdette<EOS>   ,boy,"['b', 'u', 'r', 'd', 'e', 't', 't', 'e']",8,1.0,"[1, 4, 23, 20, 6, 7, 22, 22, 7, 2, 0, 0, 0]"
6625,<SOS>maliyah<EOS>    ,girl,"['m', 'a', 'l', 'i', 'y', 'a', 'h']",7,0.0,"[1, 15, 3, 14, 11, 27, 3, 10, 2, 0, 0, 0, 0]"
5251,<SOS>melody<EOS>     ,girl,"['m', 'e', 'l', 'o', 'd', 'y']",6,0.0,"[1, 15, 7, 14, 17, 6, 27, 2, 0, 0, 0, 0, 0]"
5235,<SOS>nikki<EOS>      ,girl,"['n', 'i', 'k', 'k', 'i']",5,0.0,"[1, 16, 11, 13, 13, 11, 2, 0, 0, 0, 0, 0, 0]"
4027,<SOS>adelle<EOS>     ,girl,"['a', 'd', 'e', 'l', 'l', 'e']",6,0.0,"[1, 3, 6, 7, 14, 14, 7, 2, 0, 0, 0, 0, 0]"
3721,<SOS>annabel<EOS>    ,girl,"['a', 'n', 'n', 'a', 'b', 'e', 'l']",7,0.0,"[1, 3, 16, 16, 3, 4, 7, 14, 2, 0, 0, 0, 0]"
6331,<SOS>katerina<EOS>   ,girl,"['k', 'a', 't', 'e', 'r', 'i', 'n', 'a']",8,0.0,"[1, 13, 3, 22, 7, 20, 11, 16, 3, 2, 0, 0, 0]"
834,<SOS>cora<EOS>       ,boy,"['c', 'o', 'r', 'a']",4,1.0,"[1, 5, 17, 20, 3, 2, 0, 0, 0, 0, 0, 0, 0]"
2173,<SOS>deane<EOS>      ,boy,"['d', 'e', 'a', 'n', 'e']",5,1.0,"[1, 6, 7, 3, 16, 7, 2, 0, 0, 0, 0, 0, 0]"
5093,<SOS>merilyn<EOS>    ,girl,"['m', 'e', 'r', 'i', 'l', 'y', 'n']",7,0.0,"[1, 15, 7, 20, 11, 14, 27, 16, 2, 0, 0, 0, 0]"
3461,<SOS>josie<EOS>      ,girl,"['j', 'o', 's', 'i', 'e']",5,0.0,"[1, 12, 17, 21, 11, 7, 2, 0, 0, 0, 0, 0, 0]"
436,<SOS>merle<EOS>      ,boy,"['m', 'e', 'r', 'l', 'e']",5,1.0,"[1, 15, 7, 20, 14, 7, 2, 0, 0, 0, 0, 0, 0]"
3420,<SOS>ishaan<EOS>     ,boy,"['i', 's', 'h', 'a', 'a', 'n']",6,1.0,"[1, 11, 21, 10, 3, 3, 16, 2, 0, 0, 0, 0, 0]"
3136,<SOS>isai<EOS>       ,boy,"['i', 's', 'a', 'i']",4,1.0,"[1, 11, 21, 3, 11, 2, 0, 0, 0, 0, 0, 0, 0]"
5639,<SOS>kimberely<EOS>  ,girl,"['k', 'i', 'm', 'b', 'e', 'r', 'e', 'l', 'y']",9,0.0,"[1, 13, 11, 15, 4, 7, 20, 7, 14, 27, 2, 0, 0]"
819,<SOS>asberry<EOS>    ,boy,"['a', 's', 'b', 'e', 'r', 'r', 'y']",7,1.0,"[1, 3, 21, 4, 7, 20, 20, 27, 2, 0, 0, 0, 0]"
3683,<SOS>queen<EOS>      ,girl,"['q', 'u', 'e', 'e', 'n']",5,0.0,"[1, 19, 23, 7, 7, 16, 2, 0, 0, 0, 0, 0, 0]"
5021,<SOS>charleen<EOS>   ,girl,"['c', 'h', 'a', 'r', 'l', 'e', 'e', 'n']",8,0.0,"[1, 5, 10, 3, 20, 14, 7, 7, 16, 2, 0, 0, 0]"
1650,<SOS>salvatore<EOS>  ,boy,"['s', 'a', 'l', 'v', 'a', 't', 'o', 'r', 'e']",9,1.0,"[1, 21, 3, 14, 24, 3, 22, 17, 20, 7, 2, 0, 0]"
743,<SOS>worth<EOS>      ,boy,"['w', 'o', 'r', 't', 'h']",5,1.0,"[1, 25, 17, 20, 22, 10, 2, 0, 0, 0, 0, 0, 0]"
1672,<SOS>bobbie<EOS>     ,boy,"['b', 'o', 'b', 'b', 'i', 'e']",6,1.0,"[1, 4, 17, 4, 4, 11, 7, 2, 0, 0, 0, 0, 0]"
4293,<SOS>dellia<EOS>     ,girl,"['d', 'e', 'l', 'l', 'i', 'a']",6,0.0,"[1, 6, 7, 14, 14, 11, 3, 2, 0, 0, 0, 0, 0]"
71,<SOS>clyde<EOS>      ,boy,"['c', 'l', 'y', 'd', 'e']",5,1.0,"[1, 5, 14, 27, 6, 7, 2, 0, 0, 0, 0, 0, 0]"
3250,<SOS>blaze<EOS>      ,boy,"['b', 'l', 'a', 'z', 'e']",5,1.0,"[1, 4, 14, 3, 28, 7, 2, 0, 0, 0, 0, 0, 0]"
3355,<SOS>tayshaun<EOS>   ,boy,"['t', 'a', 'y', 's', 'h', 'a', 'u', 'n']",8,1.0,"[1, 22, 3, 27, 21, 10, 3, 23, 16, 2, 0, 0, 0]"
2324,<SOS>janice<EOS>     ,boy,"['j', 'a', 'n', 'i', 'c', 'e']",6,1.0,"[1, 12, 3, 16, 11, 5, 7, 2, 0, 0, 0, 0, 0]"
4921,<SOS>cleone<EOS>     ,girl,"['c', 'l', 'e', 'o', 'n', 'e']",6,0.0,"[1, 5, 14, 7, 17, 16, 7, 2, 0, 0, 0, 0, 0]"
3245,<SOS>finn<EOS>       ,boy,"['f', 'i', 'n', 'n']",4,1.0,"[1, 8, 11, 16, 16, 2, 0, 0, 0, 0, 0, 0, 0]"
5731,<SOS>chanda<EOS>     ,girl,"['c', 'h', 'a', 'n', 'd', 'a']",6,0.0,"[1, 5, 10, 3, 16, 6, 3, 2, 0, 0, 0, 0, 0]"
200,<SOS>clayton<EOS>    ,boy,"['c', 'l', 'a', 'y', 't', 'o', 'n']",7,1.0,"[1, 5, 14, 3, 27, 22, 17, 16, 2, 0, 0, 0, 0]"
6779,<SOS>kenley<EOS>     ,girl,"['k', 'e', 'n', 'l', 'e', 'y']",6,0.0,"[1, 13, 7, 16, 14, 7, 27, 2, 0, 0, 0, 0, 0]"
1163,<SOS>pryor<EOS>      ,boy,"['p', 'r', 'y', 'o', 'r']",5,1.0,"[1, 18, 20, 27, 17, 20, 2, 0, 0, 0, 0, 0, 0]"
4892,<SOS>maebell<EOS>    ,girl,"['m', 'a', 'e', 'b', 'e', 'l', 'l']",7,0.0,"[1, 15, 3, 7, 4, 7, 14, 14, 2, 0, 0, 0, 0]"
6300,<SOS>alayna<EOS>     ,girl,"['a', 'l', 'a', 'y', 'n', 'a']",6,0.0,"[1, 3, 14, 3, 27, 16, 3, 2, 0, 0, 0, 0, 0]"
456,<SOS>orlando<EOS>    ,boy,"['o', 'r', 'l', 'a', 'n', 'd', 'o']",7,1.0,"[1, 17, 20, 14, 3, 16, 6, 17, 2, 0, 0, 0, 0]"
4624,<SOS>arlene<EOS>     ,girl,"['a', 'r', 'l', 'e', 'n', 'e']",6,0.0,"[1, 3, 20, 14, 7, 16, 7, 2, 0, 0, 0, 0, 0]"
1224,<SOS>camille<EOS>    ,boy,"['c', 'a', 'm', 'i', 'l', 'l', 'e']",7,1.0,"[1, 5, 3, 15, 11, 14, 14, 7, 2, 0, 0, 0, 0]"
2543,<SOS>markus<EOS>     ,boy,"['m', 'a', 'r', 'k', 'u', 's']",6,1.0,"[1, 15, 3, 20, 13, 23, 21, 2, 0, 0, 0, 0, 0]"
2068,<SOS>gaetano<EOS>    ,boy,"['g', 'a', 'e', 't', 'a', 'n', 'o']",7,1.0,"[1, 9, 3, 7, 22, 3, 16, 17, 2, 0, 0, 0, 0]"
1666,<SOS>talmadge<EOS>   ,boy,"['t', 'a', 'l', 'm', 'a', 'd', 'g', 'e']",8,1.0,"[1, 22, 3, 14, 15, 3, 6, 9, 7, 2, 0, 0, 0]"
1486,<SOS>audie<EOS>      ,boy,"['a', 'u', 'd', 'i', 'e']",5,1.0,"[1, 3, 23, 6, 11, 7, 2, 0, 0, 0, 0, 0, 0]"
1647,<SOS>governor<EOS>   ,boy,"['g', 'o', 'v', 'e', 'r', 'n', 'o', 'r']",8,1.0,"[1, 9, 17, 24, 7, 20, 16, 17, 20, 2, 0, 0, 0]"
6582,<SOS>beyonce<EOS>    ,girl,"['b', 'e', 'y', 'o', 'n', 'c', 'e']",7,0.0,"[1, 4, 7, 27, 17, 16, 5, 7, 2, 0, 0, 0, 0]"
1371,<SOS>lovie<EOS>      ,boy,"['l', 'o', 'v', 'i', 'e']",5,1.0,"[1, 14, 17, 24, 11, 7, 2, 0, 0, 0, 0, 0, 0]"
4436,<SOS>georgeanna<EOS> ,girl,"['g', 'e', 'o', 'r', 'g', 'e', 'a', 'n', 'n', 'a']",10,0.0,"[1, 9, 7, 17, 20, 9, 7, 3, 16, 16, 3, 2, 0]"
6298,<SOS>carlee<EOS>     ,girl,"['c', 'a', 'r', 'l', 'e', 'e']",6,0.0,"[1, 5, 3, 20, 14, 7, 7, 2, 0, 0, 0, 0, 0]"
79,<SOS>marion<EOS>     ,boy,"['m', 'a', 'r', 'i', 'o', 'n']",6,1.0,"[1, 15, 3, 20, 11, 17, 16, 2, 0, 0, 0, 0, 0]"
3750,<SOS>india<EOS>      ,girl,"['i', 'n', 'd', 'i', 'a']",5,0.0,"[1, 11, 16, 6, 11, 3, 2, 0, 0, 0, 0, 0, 0]"
6675,<SOS>mikalah<EOS>    ,girl,"['m', 'i', 'k', 'a', 'l', 'a', 'h']",7,0.0,"[1, 15, 11, 13, 3, 14, 3, 10, 2, 0, 0, 0, 0]"
6497,<SOS>skyla<EOS>      ,girl,"['s', 'k', 'y', 'l', 'a']",5,0.0,"[1, 21, 13, 27, 14, 3, 2, 0, 0, 0, 0, 0, 0]"
6410,<SOS>miracle<EOS>    ,girl,"['m', 'i', 'r', 'a', 'c', 'l', 'e']",7,0.0,"[1, 15, 11, 20, 3, 5, 14, 7, 2, 0, 0, 0, 0]"
216,<SOS>miles<EOS>      ,boy,"['m', 'i', 'l', 'e', 's']",5,1.0,"[1, 15, 11, 14, 7, 21, 2, 0, 0, 0, 0, 0, 0]"
5124,<SOS>marcelina<EOS>  ,girl,"['m', 'a', 'r', 'c', 'e', 'l', 'i', 'n', 'a']",9,0.0,"[1, 15, 3, 20, 5, 7, 14, 11, 16, 3, 2, 0, 0]"
473,<SOS>horatio<EOS>    ,boy,"['h', 'o', 'r', 'a', 't', 'i', 'o']",7,1.0,"[1, 10, 17, 20, 3, 22, 11, 17, 2, 0, 0, 0, 0]"
1435,<SOS>carol<EOS>      ,boy,"['c', 'a', 'r', 'o', 'l']",5,1.0,"[1, 5, 3, 20, 17, 14, 2, 0, 0, 0, 0, 0, 0]"
4381,<SOS>birdella<EOS>   ,girl,"['b', 'i', 'r', 'd', 'e', 'l', 'l', 'a']",8,0.0,"[1, 4, 11, 20, 6, 7, 14, 14, 3, 2, 0, 0, 0]"
5628,<SOS>karri<EOS>      ,girl,"['k', 'a', 'r', 'r', 'i']",5,0.0,"[1, 13, 3, 20, 20, 11, 2, 0, 0, 0, 0, 0, 0]"
6130,<SOS>alysha<EOS>     ,girl,"['a', 'l', 'y', 's', 'h', 'a']",6,0.0,"[1, 3, 14, 27, 21, 10, 3, 2, 0, 0, 0, 0, 0]"
5292,<SOS>bobbi<EOS>      ,girl,"['b', 'o', 'b', 'b', 'i']",5,0.0,"[1, 4, 17, 4, 4, 11, 2, 0, 0, 0, 0, 0, 0]"
5019,<SOS>evangelina<EOS> ,girl,"['e', 'v', 'a', 'n', 'g', 'e', 'l', 'i', 'n', 'a']",10,0.0,"[1, 7, 24, 3, 16, 9, 7, 14, 11, 16, 3, 2, 0]"
293,<SOS>ferdinand<EOS>  ,boy,"['f', 'e', 'r', 'd', 'i', 'n', 'a', 'n', 'd']",9,1.0,"[1, 8, 7, 20, 6, 11, 16, 3, 16, 6, 2, 0, 0]"
4155,<SOS>elta<EOS>       ,girl,"['e', 'l', 't', 'a']",4,0.0,"[1, 7, 14, 22, 3, 2, 0, 0, 0, 0, 0, 0, 0]"
5117,<SOS>bonny<EOS>      ,girl,"['b', 'o', 'n', 'n', 'y']",5,0.0,"[1, 4, 17, 16, 16, 27, 2, 0, 0, 0, 0, 0, 0]"
3566,<SOS>roberta<EOS>    ,girl,"['r', 'o', 'b', 'e', 'r', 't', 'a']",7,0.0,"[1, 20, 17, 4, 7, 20, 22, 3, 2, 0, 0, 0, 0]"
6468,<SOS>tea<EOS>        ,girl,"['t', 'e', 'a']",3,0.0,"[1, 22, 7, 3, 2, 0, 0, 0, 0, 0, 0, 0, 0]"
2963,<SOS>geraldo<EOS>    ,boy,"['g', 'e', 'r', 'a', 'l', 'd', 'o']",7,1.0,"[1, 9, 7, 20, 3, 14, 6, 17, 2, 0, 0, 0, 0]"
433,<SOS>israel<EOS>     ,boy,"['i', 's', 'r', 'a', 'e', 'l']",6,1.0,"[1, 11, 21, 20, 3, 7, 14, 2, 0, 0, 0, 0, 0]"
164,<SOS>clinton<EOS>    ,boy,"['c', 'l', 'i', 'n', 't', 'o', 'n']",7,1.0,"[1, 5, 14, 11, 16, 22, 17, 16, 2, 0, 0, 0, 0]"
6177,<SOS>yessenia<EOS>   ,girl,"['y', 'e', 's', 's', 'e', 'n', 'i', 'a']",8,0.0,"[1, 27, 7, 21, 21, 7, 16, 11, 3, 2, 0, 0, 0]"
6119,<SOS>sade<EOS>       ,girl,"['s', 'a', 'd', 'e']",4,0.0,"[1, 21, 3, 6, 7, 2, 0, 0, 0, 0, 0, 0, 0]"
3259,<SOS>javion<EOS>     ,boy,"['j', 'a', 'v', 'i', 'o', 'n']",6,1.0,"[1, 12, 3, 24, 11, 17, 16, 2, 0, 0, 0, 0, 0]"
324,<SOS>abner<EOS>      ,boy,"['a', 'b', 'n', 'e', 'r']",5,1.0,"[1, 3, 4, 16, 7, 20, 2, 0, 0, 0, 0, 0, 0]"
2828,<SOS>antwain<EOS>    ,boy,"['a', 'n', 't', 'w', 'a', 'i', 'n']",7,1.0,"[1, 3, 16, 22, 25, 3, 11, 16, 2, 0, 0, 0, 0]"
1252,<SOS>sylvanus<EOS>   ,boy,"['s', 'y', 'l', 'v', 'a', 'n', 'u', 's']",8,1.0,"[1, 21, 27, 14, 24, 3, 16, 23, 21, 2, 0, 0, 0]"
6255,<SOS>yasmine<EOS>    ,girl,"['y', 'a', 's', 'm', 'i', 'n', 'e']",7,0.0,"[1, 27, 3, 21, 15, 11, 16, 7, 2, 0, 0, 0, 0]"
3848,<SOS>vada<EOS>       ,girl,"['v', 'a', 'd', 'a']",4,0.0,"[1, 24, 3, 6, 3, 2, 0, 0, 0, 0, 0, 0, 0]"
6554,<SOS>dariana<EOS>    ,girl,"['d', 'a', 'r', 'i', 'a', 'n', 'a']",7,0.0,"[1, 6, 3, 20, 11, 3, 16, 3, 2, 0, 0, 0, 0]"
857,<SOS>grace<EOS>      ,boy,"['g', 'r', 'a', 'c', 'e']",5,1.0,"[1, 9, 20, 3, 5, 7, 2, 0, 0, 0, 0, 0, 0]"
3235,<SOS>tavion<EOS>     ,boy,"['t', 'a', 'v', 'i', 'o', 'n']",6,1.0,"[1, 22, 3, 24, 11, 17, 16, 2, 0, 0, 0, 0, 0]"
1280,<SOS>emmit<EOS>      ,boy,"['e', 'm', 'm', 'i', 't']",5,1.0,"[1, 7, 15, 15, 11, 22, 2, 0, 0, 0, 0, 0, 0]"
2705,<SOS>kristofer<EOS>  ,boy,"['k', 'r', 'i', 's', 't', 'o', 'f', 'e', 'r']",9,1.0,"[1, 13, 20, 11, 21, 22, 17, 8, 7, 20, 2, 0, 0]"
31,<SOS>benjamin<EOS>   ,boy,"['b', 'e', 'n', 'j', 'a', 'm', 'i', 'n']",8,1.0,"[1, 4, 7, 16, 12, 3, 15, 11, 16, 2, 0, 0, 0]"
3192,<SOS>tyriq<EOS>      ,boy,"['t', 'y', 'r', 'i', 'q']",5,1.0,"[1, 22, 27, 20, 11, 19, 2, 0, 0, 0, 0, 0, 0]"
2074,<SOS>santo<EOS>      ,boy,"['s', 'a', 'n', 't', 'o']",5,1.0,"[1, 21, 3, 16, 22, 17, 2, 0, 0, 0, 0, 0, 0]"
3089,<SOS>syed<EOS>       ,boy,"['s', 'y', 'e', 'd']",4,1.0,"[1, 21, 27, 7, 6, 2, 0, 0, 0, 0, 0, 0, 0]"
5921,<SOS>rhiannon<EOS>   ,girl,"['r', 'h', 'i', 'a', 'n', 'n', 'o', 'n']",8,0.0,"[1, 20, 10, 11, 3, 16, 16, 17, 16, 2, 0, 0, 0]"
354,<SOS>washington<EOS> ,boy,"['w', 'a', 's', 'h', 'i', 'n', 'g', 't', 'o', 'n']",10,1.0,"[1, 25, 3, 21, 10, 11, 16, 9, 22, 17, 16, 2, 0]"
5039,<SOS>lidia<EOS>      ,girl,"['l', 'i', 'd', 'i', 'a']",5,0.0,"[1, 14, 11, 6, 11, 3, 2, 0, 0, 0, 0, 0, 0]"
5439,<SOS>starla<EOS>     ,girl,"['s', 't', 'a', 'r', 'l', 'a']",6,0.0,"[1, 21, 22, 3, 20, 14, 3, 2, 0, 0, 0, 0, 0]"
2517,<SOS>andra<EOS>      ,boy,"['a', 'n', 'd', 'r', 'a']",5,1.0,"[1, 3, 16, 6, 20, 3, 2, 0, 0, 0, 0, 0, 0]"
1870,<SOS>bryon<EOS>      ,boy,"['b', 'r', 'y', 'o', 'n']",5,1.0,"[1, 4, 20, 27, 17, 16, 2, 0, 0, 0, 0, 0, 0]"
4174,<SOS>claribel<EOS>   ,girl,"['c', 'l', 'a', 'r', 'i', 'b', 'e', 'l']",8,0.0,"[1, 5, 14, 3, 20, 11, 4, 7, 14, 2, 0, 0, 0]"
1964,<SOS>agustin<EOS>    ,boy,"['a', 'g', 'u', 's', 't', 'i', 'n']",7,1.0,"[1, 3, 9, 23, 21, 22, 11, 16, 2, 0, 0, 0, 0]"
604,<SOS>benton<EOS>     ,boy,"['b', 'e', 'n', 't', 'o', 'n']",6,1.0,"[1, 4, 7, 16, 22, 17, 16, 2, 0, 0, 0, 0, 0]"
5839,<SOS>liliana<EOS>    ,girl,"['l', 'i', 'l', 'i', 'a', 'n', 'a']",7,0.0,"[1, 14, 11, 14, 11, 3, 16, 3, 2, 0, 0, 0, 0]"
3,<SOS>charles<EOS>    ,boy,"['c', 'h', 'a', 'r', 'l', 'e', 's']",7,1.0,"[1, 5, 10, 3, 20, 14, 7, 21, 2, 0, 0, 0, 0]"
1816,<SOS>roosevelt<EOS>  ,boy,"['r', 'o', 'o', 's', 'e', 'v', 'e', 'l', 't']",9,1.0,"[1, 20, 17, 17, 21, 7, 24, 7, 14, 22, 2, 0, 0]"
1661,<SOS>lish<EOS>       ,boy,"['l', 'i', 's', 'h']",4,1.0,"[1, 14, 11, 21, 10, 2, 0, 0, 0, 0, 0, 0, 0]"
5894,<SOS>tamisha<EOS>    ,girl,"['t', 'a', 'm', 'i', 's', 'h', 'a']",7,0.0,"[1, 22, 3, 15, 11, 21, 10, 3, 2, 0, 0, 0, 0]"
6745,<SOS>azaria<EOS>     ,girl,"['a', 'z', 'a', 'r', 'i', 'a']",6,0.0,"[1, 3, 28, 3, 20, 11, 3, 2, 0, 0, 0, 0, 0]"
2453,<SOS>rock<EOS>       ,boy,"['r', 'o', 'c', 'k']",4,1.0,"[1, 20, 17, 5, 13, 2, 0, 0, 0, 0, 0, 0, 0]"
2729,<SOS>rahsaan<EOS>    ,boy,"['r', 'a', 'h', 's', 'a', 'a', 'n']",7,1.0,"[1, 20, 3, 10, 21, 3, 3, 16, 2, 0, 0, 0, 0]"
1600,<SOS>orvel<EOS>      ,boy,"['o', 'r', 'v', 'e', 'l']",5,1.0,"[1, 17, 20, 24, 7, 14, 2, 0, 0, 0, 0, 0, 0]"
5257,<SOS>ronna<EOS>      ,girl,"['r', 'o', 'n', 'n', 'a']",5,0.0,"[1, 20, 17, 16, 16, 3, 2, 0, 0, 0, 0, 0, 0]"
864,<SOS>hillard<EOS>    ,boy,"['h', 'i', 'l', 'l', 'a', 'r', 'd']",7,1.0,"[1, 10, 11, 14, 14, 3, 20, 6, 2, 0, 0, 0, 0]"
4654,<SOS>vonnie<EOS>     ,girl,"['v', 'o', 'n', 'n', 'i', 'e']",6,0.0,"[1, 24, 17, 16, 16, 11, 7, 2, 0, 0, 0, 0, 0]"
985,<SOS>isam<EOS>       ,boy,"['i', 's', 'a', 'm']",4,1.0,"[1, 11, 21, 3, 15, 2, 0, 0, 0, 0, 0, 0, 0]"
2907,<SOS>rachel<EOS>     ,boy,"['r', 'a', 'c', 'h', 'e', 'l']",6,1.0,"[1, 20, 3, 5, 10, 7, 14, 2, 0, 0, 0, 0, 0]"
6003,<SOS>kiana<EOS>      ,girl,"['k', 'i', 'a', 'n', 'a']",5,0.0,"[1, 13, 11, 3, 16, 3, 2, 0, 0, 0, 0, 0, 0]"
2077,<SOS>leopoldo<EOS>   ,boy,"['l', 'e', 'o', 'p', 'o', 'l', 'd', 'o']",8,1.0,"[1, 14, 7, 17, 18, 17, 14, 6, 17, 2, 0, 0, 0]"
3067,<SOS>tyquan<EOS>     ,boy,"['t', 'y', 'q', 'u', 'a', 'n']",6,1.0,"[1, 22, 27, 19, 23, 3, 16, 2, 0, 0, 0, 0, 0]"
6029,<SOS>britney<EOS>    ,girl,"['b', 'r', 'i', 't', 'n', 'e', 'y']",7,0.0,"[1, 4, 20, 11, 22, 16, 7, 27, 2, 0, 0, 0, 0]"
6614,<SOS>sheyla<EOS>     ,girl,"['s', 'h', 'e', 'y', 'l', 'a']",6,0.0,"[1, 21, 10, 7, 27, 14, 3, 2, 0, 0, 0, 0, 0]"
3175,<SOS>jamari<EOS>     ,boy,"['j', 'a', 'm', 'a', 'r', 'i']",6,1.0,"[1, 12, 3, 15, 3, 20, 11, 2, 0, 0, 0, 0, 0]"
1667,<SOS>winford<EOS>    ,boy,"['w', 'i', 'n', 'f', 'o', 'r', 'd']",7,1.0,"[1, 25, 11, 16, 8, 17, 20, 6, 2, 0, 0, 0, 0]"
5053,<SOS>jovita<EOS>     ,girl,"['j', 'o', 'v', 'i', 't', 'a']",6,0.0,"[1, 12, 17, 24, 11, 22, 3, 2, 0, 0, 0, 0, 0]"
6306,<SOS>myranda<EOS>    ,girl,"['m', 'y', 'r', 'a', 'n', 'd', 'a']",7,0.0,"[1, 15, 27, 20, 3, 16, 6, 3, 2, 0, 0, 0, 0]"
3874,<SOS>lovina<EOS>     ,girl,"['l', 'o', 'v', 'i', 'n', 'a']",6,0.0,"[1, 14, 17, 24, 11, 16, 3, 2, 0, 0, 0, 0, 0]"
2981,<SOS>khiry<EOS>      ,boy,"['k', 'h', 'i', 'r', 'y']",5,1.0,"[1, 13, 10, 11, 20, 27, 2, 0, 0, 0, 0, 0, 0]"
1881,<SOS>diamond<EOS>    ,boy,"['d', 'i', 'a', 'm', 'o', 'n', 'd']",7,1.0,"[1, 6, 11, 3, 15, 17, 16, 6, 2, 0, 0, 0, 0]"
4576,<SOS>pricilla<EOS>   ,girl,"['p', 'r', 'i', 'c', 'i', 'l', 'l', 'a']",8,0.0,"[1, 18, 20, 11, 5, 11, 14, 14, 3, 2, 0, 0, 0]"
5614,<SOS>djuna<EOS>      ,girl,"['d', 'j', 'u', 'n', 'a']",5,0.0,"[1, 6, 12, 23, 16, 3, 2, 0, 0, 0, 0, 0, 0]"
1277,<SOS>ellery<EOS>     ,boy,"['e', 'l', 'l', 'e', 'r', 'y']",6,1.0,"[1, 7, 14, 14, 7, 20, 27, 2, 0, 0, 0, 0, 0]"
6262,<SOS>latifah<EOS>    ,girl,"['l', 'a', 't', 'i', 'f', 'a', 'h']",7,0.0,"[1, 14, 3, 22, 11, 8, 3, 10, 2, 0, 0, 0, 0]"
6706,<SOS>cailyn<EOS>     ,girl,"['c', 'a', 'i', 'l', 'y', 'n']",6,0.0,"[1, 5, 3, 11, 14, 27, 16, 2, 0, 0, 0, 0, 0]"
5654,<SOS>cristine<EOS>   ,girl,"['c', 'r', 'i', 's', 't', 'i', 'n', 'e']",8,0.0,"[1, 5, 20, 11, 21, 22, 11, 16, 7, 2, 0, 0, 0]"
1033,<SOS>sampson<EOS>    ,boy,"['s', 'a', 'm', 'p', 's', 'o', 'n']",7,1.0,"[1, 21, 3, 15, 18, 21, 17, 16, 2, 0, 0, 0, 0]"
1443,<SOS>terence<EOS>    ,boy,"['t', 'e', 'r', 'e', 'n', 'c', 'e']",7,1.0,"[1, 22, 7, 20, 7, 16, 5, 7, 2, 0, 0, 0, 0]"
3286,<SOS>jahiem<EOS>     ,boy,"['j', 'a', 'h', 'i', 'e', 'm']",6,1.0,"[1, 12, 3, 10, 11, 7, 15, 2, 0, 0, 0, 0, 0]"
1293,<SOS>brady<EOS>      ,boy,"['b', 'r', 'a', 'd', 'y']",5,1.0,"[1, 4, 20, 3, 6, 27, 2, 0, 0, 0, 0, 0, 0]"
2638,<SOS>jamison<EOS>    ,boy,"['j', 'a', 'm', 'i', 's', 'o', 'n']",7,1.0,"[1, 12, 3, 15, 11, 21, 17, 16, 2, 0, 0, 0, 0]"
6585,<SOS>nallely<EOS>    ,girl,"['n', 'a', 'l', 'l', 'e', 'l', 'y']",7,0.0,"[1, 16, 3, 14, 14, 7, 14, 27, 2, 0, 0, 0, 0]"
5101,<SOS>kathy<EOS>      ,girl,"['k', 'a', 't', 'h', 'y']",5,0.0,"[1, 13, 3, 22, 10, 27, 2, 0, 0, 0, 0, 0, 0]"
3066,<SOS>juwan<EOS>      ,boy,"['j', 'u', 'w', 'a', 'n']",5,1.0,"[1, 12, 23, 25, 3, 16, 2, 0, 0, 0, 0, 0, 0]"
6216,<SOS>alexandrea<EOS> ,girl,"['a', 'l', 'e', 'x', 'a', 'n', 'd', 'r', 'e', 'a']",10,0.0,"[1, 3, 14, 7, 26, 3, 16, 6, 20, 7, 3, 2, 0]"
2892,<SOS>marquise<EOS>   ,boy,"['m', 'a', 'r', 'q', 'u', 'i', 's', 'e']",8,1.0,"[1, 15, 3, 20, 19, 23, 11, 21, 7, 2, 0, 0, 0]"
2169,<SOS>luverne<EOS>    ,boy,"['l', 'u', 'v', 'e', 'r', 'n', 'e']",7,1.0,"[1, 14, 23, 24, 7, 20, 16, 7, 2, 0, 0, 0, 0]"
504,<SOS>benjamine<EOS>  ,boy,"['b', 'e', 'n', 'j', 'a', 'm', 'i', 'n', 'e']",9,1.0,"[1, 4, 7, 16, 12, 3, 15, 11, 16, 7, 2, 0, 0]"
2014,<SOS>hoke<EOS>       ,boy,"['h', 'o', 'k', 'e']",4,1.0,"[1, 10, 17, 13, 7, 2, 0, 0, 0, 0, 0, 0, 0]"
3966,<SOS>creola<EOS>     ,girl,"['c', 'r', 'e', 'o', 'l', 'a']",6,0.0,"[1, 5, 20, 7, 17, 14, 3, 2, 0, 0, 0, 0, 0]"
6210,<SOS>chelsi<EOS>     ,girl,"['c', 'h', 'e', 'l', 's', 'i']",6,0.0,"[1, 5, 10, 7, 14, 21, 11, 2, 0, 0, 0, 0, 0]"
497,<SOS>parker<EOS>     ,boy,"['p', 'a', 'r', 'k', 'e', 'r']",6,1.0,"[1, 18, 3, 20, 13, 7, 20, 2, 0, 0, 0, 0, 0]"
5165,<SOS>maralyn<EOS>    ,girl,"['m', 'a', 'r', 'a', 'l', 'y', 'n']",7,0.0,"[1, 15, 3, 20, 3, 14, 27, 16, 2, 0, 0, 0, 0]"
3190,<SOS>tyrique<EOS>    ,boy,"['t', 'y', 'r', 'i', 'q', 'u', 'e']",7,1.0,"[1, 22, 27, 20, 11, 19, 23, 7, 2, 0, 0, 0, 0]"
2470,<SOS>ty<EOS>         ,boy,"['t', 'y']",2,1.0,"[1, 22, 27, 2, 0, 0, 0, 0, 0, 0, 0, 0, 0]"
1764,<SOS>ebert<EOS>      ,boy,"['e', 'b', 'e', 'r', 't']",5,1.0,"[1, 7, 4, 7, 20, 22, 2, 0, 0, 0, 0, 0, 0]"
1109,<SOS>craig<EOS>      ,boy,"['c', 'r', 'a', 'i', 'g']",5,1.0,"[1, 5, 20, 3, 11, 9, 2, 0, 0, 0, 0, 0, 0]"
4873,<SOS>elinore<EOS>    ,girl,"['e', 'l', 'i', 'n', 'o', 'r', 'e']",7,0.0,"[1, 7, 14, 11, 16, 17, 20, 7, 2, 0, 0, 0, 0]"
3492,<SOS>nell<EOS>       ,girl,"['n', 'e', 'l', 'l']",4,0.0,"[1, 16, 7, 14, 14, 2, 0, 0, 0, 0, 0, 0, 0]"
6604,<SOS>hayleigh<EOS>   ,girl,"['h', 'a', 'y', 'l', 'e', 'i', 'g', 'h']",8,0.0,"[1, 10, 3, 27, 14, 7, 11, 9, 10, 2, 0, 0, 0]"
917,<SOS>ashby<EOS>      ,boy,"['a', 's', 'h', 'b', 'y']",5,1.0,"[1, 3, 21, 10, 4, 27, 2, 0, 0, 0, 0, 0, 0]"
5801,<SOS>shalonda<EOS>   ,girl,"['s', 'h', 'a', 'l', 'o', 'n', 'd', 'a']",8,0.0,"[1, 21, 10, 3, 14, 17, 16, 6, 3, 2, 0, 0, 0]"
4241,<SOS>jo<EOS>         ,girl,"['j', 'o']",2,0.0,"[1, 12, 17, 2, 0, 0, 0, 0, 0, 0, 0, 0, 0]"
1335,<SOS>atlas<EOS>      ,boy,"['a', 't', 'l', 'a', 's']",5,1.0,"[1, 3, 22, 14, 3, 21, 2, 0, 0, 0, 0, 0, 0]"
389,<SOS>micheal<EOS>    ,boy,"['m', 'i', 'c', 'h', 'e', 'a', 'l']",7,1.0,"[1, 15, 11, 5, 10, 7, 3, 14, 2, 0, 0, 0, 0]"
1860,<SOS>rosa<EOS>       ,boy,"['r', 'o', 's', 'a']",4,1.0,"[1, 20, 17, 21, 3, 2, 0, 0, 0, 0, 0, 0, 0]"
758,<SOS>claus<EOS>      ,boy,"['c', 'l', 'a', 'u', 's']",5,1.0,"[1, 5, 14, 3, 23, 21, 2, 0, 0, 0, 0, 0, 0]"
6550,<SOS>jaquelin<EOS>   ,girl,"['j', 'a', 'q', 'u', 'e', 'l', 'i', 'n']",8,0.0,"[1, 12, 3, 19, 23, 7, 14, 11, 16, 2, 0, 0, 0]"
1049,<SOS>elsworth<EOS>   ,boy,"['e', 'l', 's', 'w', 'o', 'r', 't', 'h']",8,1.0,"[1, 7, 14, 21, 25, 17, 20, 22, 10, 2, 0, 0, 0]"
6278,<SOS>fiona<EOS>      ,girl,"['f', 'i', 'o', 'n', 'a']",5,0.0,"[1, 8, 11, 17, 16, 3, 2, 0, 0, 0, 0, 0, 0]"
3218,<SOS>cayden<EOS>     ,boy,"['c', 'a', 'y', 'd', 'e', 'n']",6,1.0,"[1, 5, 3, 27, 6, 7, 16, 2, 0, 0, 0, 0, 0]"
4278,<SOS>amey<EOS>       ,girl,"['a', 'm', 'e', 'y']",4,0.0,"[1, 3, 15, 7, 27, 2, 0, 0, 0, 0, 0, 0, 0]"
6394,<SOS>valentina<EOS>  ,girl,"['v', 'a', 'l', 'e', 'n', 't', 'i', 'n', 'a']",9,0.0,"[1, 24, 3, 14, 7, 16, 22, 11, 16, 3, 2, 0, 0]"
4864,<SOS>darlene<EOS>    ,girl,"['d', 'a', 'r', 'l', 'e', 'n', 'e']",7,0.0,"[1, 6, 3, 20, 14, 7, 16, 7, 2, 0, 0, 0, 0]"
6494,<SOS>madilyn<EOS>    ,girl,"['m', 'a', 'd', 'i', 'l', 'y', 'n']",7,0.0,"[1, 15, 3, 6, 11, 14, 27, 16, 2, 0, 0, 0, 0]"
5730,<SOS>shani<EOS>      ,girl,"['s', 'h', 'a', 'n', 'i']",5,0.0,"[1, 21, 10, 3, 16, 11, 2, 0, 0, 0, 0, 0, 0]"
1368,<SOS>little<EOS>     ,boy,"['l', 'i', 't', 't', 'l', 'e']",6,1.0,"[1, 14, 11, 22, 22, 14, 7, 2, 0, 0, 0, 0, 0]"
2016,<SOS>tyree<EOS>      ,boy,"['t', 'y', 'r', 'e', 'e']",5,1.0,"[1, 22, 27, 20, 7, 7, 2, 0, 0, 0, 0, 0, 0]"
4001,<SOS>melva<EOS>      ,girl,"['m', 'e', 'l', 'v', 'a']",5,0.0,"[1, 15, 7, 14, 24, 3, 2, 0, 0, 0, 0, 0, 0]"
1963,<SOS>garvin<EOS>     ,boy,"['g', 'a', 'r', 'v', 'i', 'n']",6,1.0,"[1, 9, 3, 20, 24, 11, 16, 2, 0, 0, 0, 0, 0]"
1592,<SOS>edmon<EOS>      ,boy,"['e', 'd', 'm', 'o', 'n']",5,1.0,"[1, 7, 6, 15, 17, 16, 2, 0, 0, 0, 0, 0, 0]"
5258,<SOS>karren<EOS>     ,girl,"['k', 'a', 'r', 'r', 'e', 'n']",6,0.0,"[1, 13, 3, 20, 20, 7, 16, 2, 0, 0, 0, 0, 0]"
2777,<SOS>seneca<EOS>     ,boy,"['s', 'e', 'n', 'e', 'c', 'a']",6,1.0,"[1, 21, 7, 16, 7, 5, 3, 2, 0, 0, 0, 0, 0]"
1332,<SOS>amado<EOS>      ,boy,"['a', 'm', 'a', 'd', 'o']",5,1.0,"[1, 3, 15, 3, 6, 17, 2, 0, 0, 0, 0, 0, 0]"
1507,<SOS>ignacio<EOS>    ,boy,"['i', 'g', 'n', 'a', 'c', 'i', 'o']",7,1.0,"[1, 11, 9, 16, 3, 5, 11, 17, 2, 0, 0, 0, 0]"
3823,<SOS>donie<EOS>      ,girl,"['d', 'o', 'n', 'i', 'e']",5,0.0,"[1, 6, 17, 16, 11, 7, 2, 0, 0, 0, 0, 0, 0]"
1340,<SOS>bose<EOS>       ,boy,"['b', 'o', 's', 'e']",4,1.0,"[1, 4, 17, 21, 7, 2, 0, 0, 0, 0, 0, 0, 0]"
2119,<SOS>gilmore<EOS>    ,boy,"['g', 'i', 'l', 'm', 'o', 'r', 'e']",7,1.0,"[1, 9, 11, 14, 15, 17, 20, 7, 2, 0, 0, 0, 0]"
5879,<SOS>maranda<EOS>    ,girl,"['m', 'a', 'r', 'a', 'n', 'd', 'a']",7,0.0,"[1, 15, 3, 20, 3, 16, 6, 3, 2, 0, 0, 0, 0]"
4537,<SOS>octa<EOS>       ,girl,"['o', 'c', 't', 'a']",4,0.0,"[1, 17, 5, 22, 3, 2, 0, 0, 0, 0, 0, 0, 0]"
295,<SOS>julian<EOS>     ,boy,"['j', 'u', 'l', 'i', 'a', 'n']",6,1.0,"[1, 12, 23, 14, 11, 3, 16, 2, 0, 0, 0, 0, 0]"
3705,<SOS>metta<EOS>      ,girl,"['m', 'e', 't', 't', 'a']",5,0.0,"[1, 15, 7, 22, 22, 3, 2, 0, 0, 0, 0, 0, 0]"
940,<SOS>cyril<EOS>      ,boy,"['c', 'y', 'r', 'i', 'l']",5,1.0,"[1, 5, 27, 20, 11, 14, 2, 0, 0, 0, 0, 0, 0]"
240,<SOS>bruce<EOS>      ,boy,"['b', 'r', 'u', 'c', 'e']",5,1.0,"[1, 4, 20, 23, 5, 7, 2, 0, 0, 0, 0, 0, 0]"
2071,<SOS>aurelio<EOS>    ,boy,"['a', 'u', 'r', 'e', 'l', 'i', 'o']",7,1.0,"[1, 3, 23, 20, 7, 14, 11, 17, 2, 0, 0, 0, 0]"
2713,<SOS>jamar<EOS>      ,boy,"['j', 'a', 'm', 'a', 'r']",5,1.0,"[1, 12, 3, 15, 3, 20, 2, 0, 0, 0, 0, 0, 0]"
4701,<SOS>alline<EOS>     ,girl,"['a', 'l', 'l', 'i', 'n', 'e']",6,0.0,"[1, 3, 14, 14, 11, 16, 7, 2, 0, 0, 0, 0, 0]"
990,<SOS>judd<EOS>       ,boy,"['j', 'u', 'd', 'd']",4,1.0,"[1, 12, 23, 6, 6, 2, 0, 0, 0, 0, 0, 0, 0]"
6447,<SOS>jazlyn<EOS>     ,girl,"['j', 'a', 'z', 'l', 'y', 'n']",6,0.0,"[1, 12, 3, 28, 14, 27, 16, 2, 0, 0, 0, 0, 0]"
3908,<SOS>fronie<EOS>     ,girl,"['f', 'r', 'o', 'n', 'i', 'e']",6,0.0,"[1, 8, 20, 17, 16, 11, 7, 2, 0, 0, 0, 0, 0]"
5260,<SOS>sheron<EOS>     ,girl,"['s', 'h', 'e', 'r', 'o', 'n']",6,0.0,"[1, 21, 10, 7, 20, 17, 16, 2, 0, 0, 0, 0, 0]"
1842,<SOS>hazen<EOS>      ,boy,"['h', 'a', 'z', 'e', 'n']",5,1.0,"[1, 10, 3, 28, 7, 16, 2, 0, 0, 0, 0, 0, 0]"
3620,<SOS>lenna<EOS>      ,girl,"['l', 'e', 'n', 'n', 'a']",5,0.0,"[1, 14, 7, 16, 16, 3, 2, 0, 0, 0, 0, 0, 0]"
4978,<SOS>peggie<EOS>     ,girl,"['p', 'e', 'g', 'g', 'i', 'e']",6,0.0,"[1, 18, 7, 9, 9, 11, 7, 2, 0, 0, 0, 0, 0]"
172,<SOS>manuel<EOS>     ,boy,"['m', 'a', 'n', 'u', 'e', 'l']",6,1.0,"[1, 15, 3, 16, 23, 7, 14, 2, 0, 0, 0, 0, 0]"
2271,<SOS>ian<EOS>        ,boy,"['i', 'a', 'n']",3,1.0,"[1, 11, 3, 16, 2, 0, 0, 0, 0, 0, 0, 0, 0]"
3507,<SOS>lilly<EOS>      ,girl,"['l', 'i', 'l', 'l', 'y']",5,0.0,"[1, 14, 11, 14, 14, 27, 2, 0, 0, 0, 0, 0, 0]"
5758,<SOS>lashonda<EOS>   ,girl,"['l', 'a', 's', 'h', 'o', 'n', 'd', 'a']",8,0.0,"[1, 14, 3, 21, 10, 17, 16, 6, 3, 2, 0, 0, 0]"
2226,<SOS>gerold<EOS>     ,boy,"['g', 'e', 'r', 'o', 'l', 'd']",6,1.0,"[1, 9, 7, 20, 17, 14, 6, 2, 0, 0, 0, 0, 0]"
2180,<SOS>donn<EOS>       ,boy,"['d', 'o', 'n', 'n']",4,1.0,"[1, 6, 17, 16, 16, 2, 0, 0, 0, 0, 0, 0, 0]"
2359,<SOS>geary<EOS>      ,boy,"['g', 'e', 'a', 'r', 'y']",5,1.0,"[1, 9, 7, 3, 20, 27, 2, 0, 0, 0, 0, 0, 0]"
334,<SOS>bennie<EOS>     ,boy,"['b', 'e', 'n', 'n', 'i', 'e']",6,1.0,"[1, 4, 7, 16, 16, 11, 7, 2, 0, 0, 0, 0, 0]"
1446,<SOS>elzy<EOS>       ,boy,"['e', 'l', 'z', 'y']",4,1.0,"[1, 7, 14, 28, 27, 2, 0, 0, 0, 0, 0, 0, 0]"
1900,<SOS>mickey<EOS>     ,boy,"['m', 'i', 'c', 'k', 'e', 'y']",6,1.0,"[1, 15, 11, 5, 13, 7, 27, 2, 0, 0, 0, 0, 0]"
4303,<SOS>emogene<EOS>    ,girl,"['e', 'm', 'o', 'g', 'e', 'n', 'e']",7,0.0,"[1, 7, 15, 17, 9, 7, 16, 7, 2, 0, 0, 0, 0]"
4121,<SOS>allene<EOS>     ,girl,"['a', 'l', 'l', 'e', 'n', 'e']",6,0.0,"[1, 3, 14, 14, 7, 16, 7, 2, 0, 0, 0, 0, 0]"
6093,<SOS>maegan<EOS>     ,girl,"['m', 'a', 'e', 'g', 'a', 'n']",6,0.0,"[1, 15, 3, 7, 9, 3, 16, 2, 0, 0, 0, 0, 0]"
4573,<SOS>margaretha<EOS> ,girl,"['m', 'a', 'r', 'g', 'a', 'r', 'e', 't', 'h', 'a']",10,0.0,"[1, 15, 3, 20, 9, 3, 20, 7, 22, 10, 3, 2, 0]"
2994,<SOS>najee<EOS>      ,boy,"['n', 'a', 'j', 'e', 'e']",5,1.0,"[1, 16, 3, 12, 7, 7, 2, 0, 0, 0, 0, 0, 0]"
2984,<SOS>niko<EOS>       ,boy,"['n', 'i', 'k', 'o']",4,1.0,"[1, 16, 11, 13, 17, 2, 0, 0, 0, 0, 0, 0, 0]"
4152,<SOS>edwina<EOS>     ,girl,"['e', 'd', 'w', 'i', 'n', 'a']",6,0.0,"[1, 7, 6, 25, 11, 16, 3, 2, 0, 0, 0, 0, 0]"
1705,<SOS>val<EOS>        ,boy,"['v', 'a', 'l']",3,1.0,"[1, 24, 3, 14, 2, 0, 0, 0, 0, 0, 0, 0, 0]"
2783,<SOS>javon<EOS>      ,boy,"['j', 'a', 'v', 'o', 'n']",5,1.0,"[1, 12, 3, 24, 17, 16, 2, 0, 0, 0, 0, 0, 0]"
2941,<SOS>austen<EOS>     ,boy,"['a', 'u', 's', 't', 'e', 'n']",6,1.0,"[1, 3, 23, 21, 22, 7, 16, 2, 0, 0, 0, 0, 0]"
5432,<SOS>kimberlee<EOS>  ,girl,"['k', 'i', 'm', 'b', 'e', 'r', 'l', 'e', 'e']",9,0.0,"[1, 13, 11, 15, 4, 7, 20, 14, 7, 7, 2, 0, 0]"
2247,<SOS>gloria<EOS>     ,boy,"['g', 'l', 'o', 'r', 'i', 'a']",6,1.0,"[1, 9, 14, 17, 20, 11, 3, 2, 0, 0, 0, 0, 0]"
6251,<SOS>mikaela<EOS>    ,girl,"['m', 'i', 'k', 'a', 'e', 'l', 'a']",7,0.0,"[1, 15, 11, 13, 3, 7, 14, 3, 2, 0, 0, 0, 0]"
5394,<SOS>angelia<EOS>    ,girl,"['a', 'n', 'g', 'e', 'l', 'i', 'a']",7,0.0,"[1, 3, 16, 9, 7, 14, 11, 3, 2, 0, 0, 0, 0]"
663,<SOS>leland<EOS>     ,boy,"['l', 'e', 'l', 'a', 'n', 'd']",6,1.0,"[1, 14, 7, 14, 3, 16, 6, 2, 0, 0, 0, 0, 0]"
4020,<SOS>vallie<EOS>     ,girl,"['v', 'a', 'l', 'l', 'i', 'e']",6,0.0,"[1, 24, 3, 14, 14, 11, 7, 2, 0, 0, 0, 0, 0]"
5736,<SOS>nicolle<EOS>    ,girl,"['n', 'i', 'c', 'o', 'l', 'l', 'e']",7,0.0,"[1, 16, 11, 5, 17, 14, 14, 7, 2, 0, 0, 0, 0]"
3784,<SOS>wilda<EOS>      ,girl,"['w', 'i', 'l', 'd', 'a']",5,0.0,"[1, 25, 11, 14, 6, 3, 2, 0, 0, 0, 0, 0, 0]"
391,<SOS>addison<EOS>    ,boy,"['a', 'd', 'd', 'i', 's', 'o', 'n']",7,1.0,"[1, 3, 6, 6, 11, 21, 17, 16, 2, 0, 0, 0, 0]"
6695,<SOS>rihanna<EOS>    ,girl,"['r', 'i', 'h', 'a', 'n', 'n', 'a']",7,0.0,"[1, 20, 11, 10, 3, 16, 16, 3, 2, 0, 0, 0, 0]"
471,<SOS>gabriel<EOS>    ,boy,"['g', 'a', 'b', 'r', 'i', 'e', 'l']",7,1.0,"[1, 9, 3, 4, 20, 11, 7, 14, 2, 0, 0, 0, 0]"
1059,<SOS>ruffus<EOS>     ,boy,"['r', 'u', 'f', 'f', 'u', 's']",6,1.0,"[1, 20, 23, 8, 8, 23, 21, 2, 0, 0, 0, 0, 0]"
6357,<SOS>lexi<EOS>       ,girl,"['l', 'e', 'x', 'i']",4,0.0,"[1, 14, 7, 26, 11, 2, 0, 0, 0, 0, 0, 0, 0]"
6496,<SOS>ireland<EOS>    ,girl,"['i', 'r', 'e', 'l', 'a', 'n', 'd']",7,0.0,"[1, 11, 20, 7, 14, 3, 16, 6, 2, 0, 0, 0, 0]"
4896,<SOS>stacia<EOS>     ,girl,"['s', 't', 'a', 'c', 'i', 'a']",6,0.0,"[1, 21, 22, 3, 5, 11, 3, 2, 0, 0, 0, 0, 0]"
48,<SOS>jim<EOS>        ,boy,"['j', 'i', 'm']",3,1.0,"[1, 12, 11, 15, 2, 0, 0, 0, 0, 0, 0, 0, 0]"
2455,<SOS>gavin<EOS>      ,boy,"['g', 'a', 'v', 'i', 'n']",5,1.0,"[1, 9, 3, 24, 11, 16, 2, 0, 0, 0, 0, 0, 0]"
2227,<SOS>arlan<EOS>      ,boy,"['a', 'r', 'l', 'a', 'n']",5,1.0,"[1, 3, 20, 14, 3, 16, 2, 0, 0, 0, 0, 0, 0]"
4086,<SOS>nelia<EOS>      ,girl,"['n', 'e', 'l', 'i', 'a']",5,0.0,"[1, 16, 7, 14, 11, 3, 2, 0, 0, 0, 0, 0, 0]"
1244,<SOS>margarito<EOS>  ,boy,"['m', 'a', 'r', 'g', 'a', 'r', 'i', 't', 'o']",9,1.0,"[1, 15, 3, 20, 9, 3, 20, 11, 22, 17, 2, 0, 0]"
3523,<SOS>olga<EOS>       ,girl,"['o', 'l', 'g', 'a']",4,0.0,"[1, 17, 14, 9, 3, 2, 0, 0, 0, 0, 0, 0, 0]"
4304,<SOS>enola<EOS>      ,girl,"['e', 'n', 'o', 'l', 'a']",5,0.0,"[1, 7, 16, 17, 14, 3, 2, 0, 0, 0, 0, 0, 0]"
5236,<SOS>sheri<EOS>      ,girl,"['s', 'h', 'e', 'r', 'i']",5,0.0,"[1, 21, 10, 7, 20, 11, 2, 0, 0, 0, 0, 0, 0]"
1516,<SOS>virgle<EOS>     ,boy,"['v', 'i', 'r', 'g', 'l', 'e']",6,1.0,"[1, 24, 11, 20, 9, 14, 7, 2, 0, 0, 0, 0, 0]"
2063,<SOS>reyes<EOS>      ,boy,"['r', 'e', 'y', 'e', 's']",5,1.0,"[1, 20, 7, 27, 7, 21, 2, 0, 0, 0, 0, 0, 0]"
2695,<SOS>hassan<EOS>     ,boy,"['h', 'a', 's', 's', 'a', 'n']",6,1.0,"[1, 10, 3, 21, 21, 3, 16, 2, 0, 0, 0, 0, 0]"
2345,<SOS>rocky<EOS>      ,boy,"['r', 'o', 'c', 'k', 'y']",5,1.0,"[1, 20, 17, 5, 13, 27, 2, 0, 0, 0, 0, 0, 0]"
1595,<SOS>graves<EOS>     ,boy,"['g', 'r', 'a', 'v', 'e', 's']",6,1.0,"[1, 9, 20, 3, 24, 7, 21, 2, 0, 0, 0, 0, 0]"
2721,<SOS>josue<EOS>      ,boy,"['j', 'o', 's', 'u', 'e']",5,1.0,"[1, 12, 17, 21, 23, 7, 2, 0, 0, 0, 0, 0, 0]"
4243,<SOS>juliana<EOS>    ,girl,"['j', 'u', 'l', 'i', 'a', 'n', 'a']",7,0.0,"[1, 12, 23, 14, 11, 3, 16, 3, 2, 0, 0, 0, 0]"
3758,<SOS>sina<EOS>       ,girl,"['s', 'i', 'n', 'a']",4,0.0,"[1, 21, 11, 16, 3, 2, 0, 0, 0, 0, 0, 0, 0]"
2434,<SOS>damian<EOS>     ,boy,"['d', 'a', 'm', 'i', 'a', 'n']",6,1.0,"[1, 6, 3, 15, 11, 3, 16, 2, 0, 0, 0, 0, 0]"
616,<SOS>haywood<EOS>    ,boy,"['h', 'a', 'y', 'w', 'o', 'o', 'd']",7,1.0,"[1, 10, 3, 27, 25, 17, 17, 6, 2, 0, 0, 0, 0]"
948,<SOS>elie<EOS>       ,boy,"['e', 'l', 'i', 'e']",4,1.0,"[1, 7, 14, 11, 7, 2, 0, 0, 0, 0, 0, 0, 0]"
1056,<SOS>presley<EOS>    ,boy,"['p', 'r', 'e', 's', 'l', 'e', 'y']",7,1.0,"[1, 18, 20, 7, 21, 14, 7, 27, 2, 0, 0, 0, 0]"
6770,<SOS>paityn<EOS>     ,girl,"['p', 'a', 'i', 't', 'y', 'n']",6,0.0,"[1, 18, 3, 11, 22, 27, 16, 2, 0, 0, 0, 0, 0]"
3601,<SOS>tennie<EOS>     ,girl,"['t', 'e', 'n', 'n', 'i', 'e']",6,0.0,"[1, 22, 7, 16, 16, 11, 7, 2, 0, 0, 0, 0, 0]"
3141,<SOS>keyshawn<EOS>   ,boy,"['k', 'e', 'y', 's', 'h', 'a', 'w', 'n']",8,1.0,"[1, 13, 7, 27, 21, 10, 3, 25, 16, 2, 0, 0, 0]"
6291,<SOS>cheyanne<EOS>   ,girl,"['c', 'h', 'e', 'y', 'a', 'n', 'n', 'e']",8,0.0,"[1, 5, 10, 7, 27, 3, 16, 16, 7, 2, 0, 0, 0]"
4882,<SOS>georgette<EOS>  ,girl,"['g', 'e', 'o', 'r', 'g', 'e', 't', 't', 'e']",9,0.0,"[1, 9, 7, 17, 20, 9, 7, 22, 22, 7, 2, 0, 0]"
4893,<SOS>mafalda<EOS>    ,girl,"['m', 'a', 'f', 'a', 'l', 'd', 'a']",7,0.0,"[1, 15, 3, 8, 3, 14, 6, 3, 2, 0, 0, 0, 0]"
4786,<SOS>laverna<EOS>    ,girl,"['l', 'a', 'v', 'e', 'r', 'n', 'a']",7,0.0,"[1, 14, 3, 24, 7, 20, 16, 3, 2, 0, 0, 0, 0]"
4368,<SOS>tinnie<EOS>     ,girl,"['t', 'i', 'n', 'n', 'i', 'e']",6,0.0,"[1, 22, 11, 16, 16, 11, 7, 2, 0, 0, 0, 0, 0]"
1720,<SOS>gifford<EOS>    ,boy,"['g', 'i', 'f', 'f', 'o', 'r', 'd']",7,1.0,"[1, 9, 11, 8, 8, 17, 20, 6, 2, 0, 0, 0, 0]"
1719,<SOS>edison<EOS>     ,boy,"['e', 'd', 'i', 's', 'o', 'n']",6,1.0,"[1, 7, 6, 11, 21, 17, 16, 2, 0, 0, 0, 0, 0]"
3041,<SOS>justyn<EOS>     ,boy,"['j', 'u', 's', 't', 'y', 'n']",6,1.0,"[1, 12, 23, 21, 22, 27, 16, 2, 0, 0, 0, 0, 0]"
3622,<SOS>missouri<EOS>   ,girl,"['m', 'i', 's', 's', 'o', 'u', 'r', 'i']",8,0.0,"[1, 15, 11, 21, 21, 17, 23, 20, 11, 2, 0, 0, 0]"
6195,<SOS>anjelica<EOS>   ,girl,"['a', 'n', 'j', 'e', 'l', 'i', 'c', 'a']",8,0.0,"[1, 3, 16, 12, 7, 14, 11, 5, 3, 2, 0, 0, 0]"
2884,<SOS>akeem<EOS>      ,boy,"['a', 'k', 'e', 'e', 'm']",5,1.0,"[1, 3, 13, 7, 7, 15, 2, 0, 0, 0, 0, 0, 0]"
5255,<SOS>cathie<EOS>     ,girl,"['c', 'a', 't', 'h', 'i', 'e']",6,0.0,"[1, 5, 3, 22, 10, 11, 7, 2, 0, 0, 0, 0, 0]"
1535,<SOS>malvin<EOS>     ,boy,"['m', 'a', 'l', 'v', 'i', 'n']",6,1.0,"[1, 15, 3, 14, 24, 11, 16, 2, 0, 0, 0, 0, 0]"
4929,<SOS>rosaria<EOS>    ,girl,"['r', 'o', 's', 'a', 'r', 'i', 'a']",7,0.0,"[1, 20, 17, 21, 3, 20, 11, 3, 2, 0, 0, 0, 0]"
6205,<SOS>jaleesa<EOS>    ,girl,"['j', 'a', 'l', 'e', 'e', 's', 'a']",7,0.0,"[1, 12, 3, 14, 7, 7, 21, 3, 2, 0, 0, 0, 0]"
5826,<SOS>alejandra<EOS>  ,girl,"['a', 'l', 'e', 'j', 'a', 'n', 'd', 'r', 'a']",9,0.0,"[1, 3, 14, 7, 12, 3, 16, 6, 20, 3, 2, 0, 0]"
6129,<SOS>kaley<EOS>      ,girl,"['k', 'a', 'l', 'e', 'y']",5,0.0,"[1, 13, 3, 14, 7, 27, 2, 0, 0, 0, 0, 0, 0]"
6681,<SOS>naima<EOS>      ,girl,"['n', 'a', 'i', 'm', 'a']",5,0.0,"[1, 16, 3, 11, 15, 3, 2, 0, 0, 0, 0, 0, 0]"
63,<SOS>luther<EOS>     ,boy,"['l', 'u', 't', 'h', 'e', 'r']",6,1.0,"[1, 14, 23, 22, 10, 7, 20, 2, 0, 0, 0, 0, 0]"
3578,<SOS>leota<EOS>      ,girl,"['l', 'e', 'o', 't', 'a']",5,0.0,"[1, 14, 7, 17, 22, 3, 2, 0, 0, 0, 0, 0, 0]"
6164,<SOS>kaila<EOS>      ,girl,"['k', 'a', 'i', 'l', 'a']",5,0.0,"[1, 13, 3, 11, 14, 3, 2, 0, 0, 0, 0, 0, 0]"
4471,<SOS>lossie<EOS>     ,girl,"['l', 'o', 's', 's', 'i', 'e']",6,0.0,"[1, 14, 17, 21, 21, 11, 7, 2, 0, 0, 0, 0, 0]"
3932,<SOS>patience<EOS>   ,girl,"['p', 'a', 't', 'i', 'e', 'n', 'c', 'e']",8,0.0,"[1, 18, 3, 22, 11, 7, 16, 5, 7, 2, 0, 0, 0]"
1802,<SOS>lois<EOS>       ,boy,"['l', 'o', 'i', 's']",4,1.0,"[1, 14, 17, 11, 21, 2, 0, 0, 0, 0, 0, 0, 0]"
5835,<SOS>tomeka<EOS>     ,girl,"['t', 'o', 'm', 'e', 'k', 'a']",6,0.0,"[1, 22, 17, 15, 7, 13, 3, 2, 0, 0, 0, 0, 0]"
82,<SOS>archie<EOS>     ,boy,"['a', 'r', 'c', 'h', 'i', 'e']",6,1.0,"[1, 3, 20, 5, 10, 11, 7, 2, 0, 0, 0, 0, 0]"
6483,<SOS>maeve<EOS>      ,girl,"['m', 'a', 'e', 'v', 'e']",5,0.0,"[1, 15, 3, 7, 24, 7, 2, 0, 0, 0, 0, 0, 0]"
1856,<SOS>hale<EOS>       ,boy,"['h', 'a', 'l', 'e']",4,1.0,"[1, 10, 3, 14, 7, 2, 0, 0, 0, 0, 0, 0, 0]"
6214,<SOS>brittnee<EOS>   ,girl,"['b', 'r', 'i', 't', 't', 'n', 'e', 'e']",8,0.0,"[1, 4, 20, 11, 22, 22, 16, 7, 7, 2, 0, 0, 0]"
3733,<SOS>magdalene<EOS>  ,girl,"['m', 'a', 'g', 'd', 'a', 'l', 'e', 'n', 'e']",9,0.0,"[1, 15, 3, 9, 6, 3, 14, 7, 16, 7, 2, 0, 0]"
1906,<SOS>stephan<EOS>    ,boy,"['s', 't', 'e', 'p', 'h', 'a', 'n']",7,1.0,"[1, 21, 22, 7, 18, 10, 3, 16, 2, 0, 0, 0, 0]"
5365,<SOS>valorie<EOS>    ,girl,"['v', 'a', 'l', 'o', 'r', 'i', 'e']",7,0.0,"[1, 24, 3, 14, 17, 20, 11, 7, 2, 0, 0, 0, 0]"
962,<SOS>gee<EOS>        ,boy,"['g', 'e', 'e']",3,1.0,"[1, 9, 7, 7, 2, 0, 0, 0, 0, 0, 0, 0, 0]"
2109,<SOS>donato<EOS>     ,boy,"['d', 'o', 'n', 'a', 't', 'o']",6,1.0,"[1, 6, 17, 16, 3, 22, 17, 2, 0, 0, 0, 0, 0]"
6646,<SOS>lainey<EOS>     ,girl,"['l', 'a', 'i', 'n', 'e', 'y']",6,0.0,"[1, 14, 3, 11, 16, 7, 27, 2, 0, 0, 0, 0, 0]"
5177,<SOS>noretta<EOS>    ,girl,"['n', 'o', 'r', 'e', 't', 't', 'a']",7,0.0,"[1, 16, 17, 20, 7, 22, 22, 3, 2, 0, 0, 0, 0]"
5244,<SOS>jerilynn<EOS>   ,girl,"['j', 'e', 'r', 'i', 'l', 'y', 'n', 'n']",8,0.0,"[1, 12, 7, 20, 11, 14, 27, 16, 16, 2, 0, 0, 0]"
5071,<SOS>julianne<EOS>   ,girl,"['j', 'u', 'l', 'i', 'a', 'n', 'n', 'e']",8,0.0,"[1, 12, 23, 14, 11, 3, 16, 16, 7, 2, 0, 0, 0]"
3827,<SOS>emilia<EOS>     ,girl,"['e', 'm', 'i', 'l', 'i', 'a']",6,0.0,"[1, 7, 15, 11, 14, 11, 3, 2, 0, 0, 0, 0, 0]"
577,<SOS>colonel<EOS>    ,boy,"['c', 'o', 'l', 'o', 'n', 'e', 'l']",7,1.0,"[1, 5, 17, 14, 17, 16, 7, 14, 2, 0, 0, 0, 0]"
3267,<SOS>jaheim<EOS>     ,boy,"['j', 'a', 'h', 'e', 'i', 'm']",6,1.0,"[1, 12, 3, 10, 7, 11, 15, 2, 0, 0, 0, 0, 0]"
6425,<SOS>sienna<EOS>     ,girl,"['s', 'i', 'e', 'n', 'n', 'a']",6,0.0,"[1, 21, 11, 7, 16, 16, 3, 2, 0, 0, 0, 0, 0]"
1883,<SOS>everet<EOS>     ,boy,"['e', 'v', 'e', 'r', 'e', 't']",6,1.0,"[1, 7, 24, 7, 20, 7, 22, 2, 0, 0, 0, 0, 0]"
2575,<SOS>terance<EOS>    ,boy,"['t', 'e', 'r', 'a', 'n', 'c', 'e']",7,1.0,"[1, 22, 7, 20, 3, 16, 5, 7, 2, 0, 0, 0, 0]"
4253,<SOS>marinda<EOS>    ,girl,"['m', 'a', 'r', 'i', 'n', 'd', 'a']",7,0.0,"[1, 15, 3, 20, 11, 16, 6, 3, 2, 0, 0, 0, 0]"
6441,<SOS>shianne<EOS>    ,girl,"['s', 'h', 'i', 'a', 'n', 'n', 'e']",7,0.0,"[1, 21, 10, 11, 3, 16, 16, 7, 2, 0, 0, 0, 0]"
5064,<SOS>sydell<EOS>     ,girl,"['s', 'y', 'd', 'e', 'l', 'l']",6,0.0,"[1, 21, 27, 6, 7, 14, 14, 2, 0, 0, 0, 0, 0]"
4462,<SOS>felicie<EOS>    ,girl,"['f', 'e', 'l', 'i', 'c', 'i', 'e']",7,0.0,"[1, 8, 7, 14, 11, 5, 11, 7, 2, 0, 0, 0, 0]"
2999,<SOS>dimitri<EOS>    ,boy,"['d', 'i', 'm', 'i', 't', 'r', 'i']",7,1.0,"[1, 6, 11, 15, 11, 22, 20, 11, 2, 0, 0, 0, 0]"
176,<SOS>eli<EOS>        ,boy,"['e', 'l', 'i']",3,1.0,"[1, 7, 14, 11, 2, 0, 0, 0, 0, 0, 0, 0, 0]"
4981,<SOS>leatrice<EOS>   ,girl,"['l', 'e', 'a', 't', 'r', 'i', 'c', 'e']",8,0.0,"[1, 14, 7, 3, 22, 20, 11, 5, 7, 2, 0, 0, 0]"
209,<SOS>ellis<EOS>      ,boy,"['e', 'l', 'l', 'i', 's']",5,1.0,"[1, 7, 14, 14, 11, 21, 2, 0, 0, 0, 0, 0, 0]"
4544,<SOS>pheobe<EOS>     ,girl,"['p', 'h', 'e', 'o', 'b', 'e']",6,0.0,"[1, 18, 10, 7, 17, 4, 7, 2, 0, 0, 0, 0, 0]"
2249,<SOS>marc<EOS>       ,boy,"['m', 'a', 'r', 'c']",4,1.0,"[1, 15, 3, 20, 5, 2, 0, 0, 0, 0, 0, 0, 0]"
1520,<SOS>ferman<EOS>     ,boy,"['f', 'e', 'r', 'm', 'a', 'n']",6,1.0,"[1, 8, 7, 20, 15, 3, 16, 2, 0, 0, 0, 0, 0]"
4920,<SOS>ruthe<EOS>      ,girl,"['r', 'u', 't', 'h', 'e']",5,0.0,"[1, 20, 23, 22, 10, 7, 2, 0, 0, 0, 0, 0, 0]"
949,<SOS>eliga<EOS>      ,boy,"['e', 'l', 'i', 'g', 'a']",5,1.0,"[1, 7, 14, 11, 9, 3, 2, 0, 0, 0, 0, 0, 0]"
5942,<SOS>latoria<EOS>    ,girl,"['l', 'a', 't', 'o', 'r', 'i', 'a']",7,0.0,"[1, 14, 3, 22, 17, 20, 11, 3, 2, 0, 0, 0, 0]"
5114,<SOS>monna<EOS>      ,girl,"['m', 'o', 'n', 'n', 'a']",5,0.0,"[1, 15, 17, 16, 16, 3, 2, 0, 0, 0, 0, 0, 0]"
3273,<SOS>immanuel<EOS>   ,boy,"['i', 'm', 'm', 'a', 'n', 'u', 'e', 'l']",8,1.0,"[1, 11, 15, 15, 3, 16, 23, 7, 14, 2, 0, 0, 0]"
1506,<SOS>dixie<EOS>      ,boy,"['d', 'i', 'x', 'i', 'e']",5,1.0,"[1, 6, 11, 26, 11, 7, 2, 0, 0, 0, 0, 0, 0]"
525,<SOS>al<EOS>         ,boy,"['a', 'l']",2,1.0,"[1, 3, 14, 2, 0, 0, 0, 0, 0, 0, 0, 0, 0]"
5799,<SOS>cristal<EOS>    ,girl,"['c', 'r', 'i', 's', 't', 'a', 'l']",7,0.0,"[1, 5, 20, 11, 21, 22, 3, 14, 2, 0, 0, 0, 0]"
627,<SOS>palmer<EOS>     ,boy,"['p', 'a', 'l', 'm', 'e', 'r']",6,1.0,"[1, 18, 3, 14, 15, 7, 20, 2, 0, 0, 0, 0, 0]"
3305,<SOS>ethen<EOS>      ,boy,"['e', 't', 'h', 'e', 'n']",5,1.0,"[1, 7, 22, 10, 7, 16, 2, 0, 0, 0, 0, 0, 0]"
3529,<SOS>claudia<EOS>    ,girl,"['c', 'l', 'a', 'u', 'd', 'i', 'a']",7,0.0,"[1, 5, 14, 3, 23, 6, 11, 3, 2, 0, 0, 0, 0]"
6196,<SOS>sarai<EOS>      ,girl,"['s', 'a', 'r', 'a', 'i']",5,0.0,"[1, 21, 3, 20, 3, 11, 2, 0, 0, 0, 0, 0, 0]"
6270,<SOS>shelbi<EOS>     ,girl,"['s', 'h', 'e', 'l', 'b', 'i']",6,0.0,"[1, 21, 10, 7, 14, 4, 11, 2, 0, 0, 0, 0, 0]"
2895,<SOS>ryne<EOS>       ,boy,"['r', 'y', 'n', 'e']",4,1.0,"[1, 20, 27, 16, 7, 2, 0, 0, 0, 0, 0, 0, 0]"
771,<SOS>golden<EOS>     ,boy,"['g', 'o', 'l', 'd', 'e', 'n']",6,1.0,"[1, 9, 17, 14, 6, 7, 16, 2, 0, 0, 0, 0, 0]"
3979,<SOS>faith<EOS>      ,girl,"['f', 'a', 'i', 't', 'h']",5,0.0,"[1, 8, 3, 11, 22, 10, 2, 0, 0, 0, 0, 0, 0]"
2317,<SOS>barrie<EOS>     ,boy,"['b', 'a', 'r', 'r', 'i', 'e']",6,1.0,"[1, 4, 3, 20, 20, 11, 7, 2, 0, 0, 0, 0, 0]"
5513,<SOS>jacki<EOS>      ,girl,"['j', 'a', 'c', 'k', 'i']",5,0.0,"[1, 12, 3, 5, 13, 11, 2, 0, 0, 0, 0, 0, 0]"
188,<SOS>elias<EOS>      ,boy,"['e', 'l', 'i', 'a', 's']",5,1.0,"[1, 7, 14, 11, 3, 21, 2, 0, 0, 0, 0, 0, 0]"
2177,<SOS>coolidge<EOS>   ,boy,"['c', 'o', 'o', 'l', 'i', 'd', 'g', 'e']",8,1.0,"[1, 5, 17, 17, 14, 11, 6, 9, 7, 2, 0, 0, 0]"
2365,<SOS>richie<EOS>     ,boy,"['r', 'i', 'c', 'h', 'i', 'e']",6,1.0,"[1, 20, 11, 5, 10, 11, 7, 2, 0, 0, 0, 0, 0]"
4378,<SOS>barbra<EOS>     ,girl,"['b', 'a', 'r', 'b', 'r', 'a']",6,0.0,"[1, 4, 3, 20, 4, 20, 3, 2, 0, 0, 0, 0, 0]"
6285,<SOS>demi<EOS>       ,girl,"['d', 'e', 'm', 'i']",4,0.0,"[1, 6, 7, 15, 11, 2, 0, 0, 0, 0, 0, 0, 0]"
3936,<SOS>tilda<EOS>      ,girl,"['t', 'i', 'l', 'd', 'a']",5,0.0,"[1, 22, 11, 14, 6, 3, 2, 0, 0, 0, 0, 0, 0]"
6657,<SOS>xiomara<EOS>    ,girl,"['x', 'i', 'o', 'm', 'a', 'r', 'a']",7,0.0,"[1, 26, 11, 17, 15, 3, 20, 3, 2, 0, 0, 0, 0]"
5925,<SOS>janae<EOS>      ,girl,"['j', 'a', 'n', 'a', 'e']",5,0.0,"[1, 12, 3, 16, 3, 7, 2, 0, 0, 0, 0, 0, 0]"
5543,<SOS>liane<EOS>      ,girl,"['l', 'i', 'a', 'n', 'e']",5,0.0,"[1, 14, 11, 3, 16, 7, 2, 0, 0, 0, 0, 0, 0]"
6493,<SOS>reanna<EOS>     ,girl,"['r', 'e', 'a', 'n', 'n', 'a']",6,0.0,"[1, 20, 7, 3, 16, 16, 3, 2, 0, 0, 0, 0, 0]"
5200,<SOS>tamara<EOS>     ,girl,"['t', 'a', 'm', 'a', 'r', 'a']",6,0.0,"[1, 22, 3, 15, 3, 20, 3, 2, 0, 0, 0, 0, 0]"
4750,<SOS>elvia<EOS>      ,girl,"['e', 'l', 'v', 'i', 'a']",5,0.0,"[1, 7, 14, 24, 11, 3, 2, 0, 0, 0, 0, 0, 0]"
5902,<SOS>spring<EOS>     ,girl,"['s', 'p', 'r', 'i', 'n', 'g']",6,0.0,"[1, 21, 18, 20, 11, 16, 9, 2, 0, 0, 0, 0, 0]"
5534,<SOS>kandi<EOS>      ,girl,"['k', 'a', 'n', 'd', 'i']",5,0.0,"[1, 13, 3, 16, 6, 11, 2, 0, 0, 0, 0, 0, 0]"
2993,<SOS>khalil<EOS>     ,boy,"['k', 'h', 'a', 'l', 'i', 'l']",6,1.0,"[1, 13, 10, 3, 14, 11, 14, 2, 0, 0, 0, 0, 0]"
3213,<SOS>judah<EOS>      ,boy,"['j', 'u', 'd', 'a', 'h']",5,1.0,"[1, 12, 23, 6, 3, 10, 2, 0, 0, 0, 0, 0, 0]"
3200,<SOS>jordi<EOS>      ,boy,"['j', 'o', 'r', 'd', 'i']",5,1.0,"[1, 12, 17, 20, 6, 11, 2, 0, 0, 0, 0, 0, 0]"
5152,<SOS>sherrie<EOS>    ,girl,"['s', 'h', 'e', 'r', 'r', 'i', 'e']",7,0.0,"[1, 21, 10, 7, 20, 20, 11, 7, 2, 0, 0, 0, 0]"
5648,<SOS>julianna<EOS>   ,girl,"['j', 'u', 'l', 'i', 'a', 'n', 'n', 'a']",8,0.0,"[1, 12, 23, 14, 11, 3, 16, 16, 3, 2, 0, 0, 0]"
3892,<SOS>albina<EOS>     ,girl,"['a', 'l', 'b', 'i', 'n', 'a']",6,0.0,"[1, 3, 14, 4, 11, 16, 3, 2, 0, 0, 0, 0, 0]"
2502,<SOS>maverick<EOS>   ,boy,"['m', 'a', 'v', 'e', 'r', 'i', 'c', 'k']",8,1.0,"[1, 15, 3, 24, 7, 20, 11, 5, 13, 2, 0, 0, 0]"
1160,<SOS>philo<EOS>      ,boy,"['p', 'h', 'i', 'l', 'o']",5,1.0,"[1, 18, 10, 11, 14, 17, 2, 0, 0, 0, 0, 0, 0]"
5137,<SOS>shirleyann<EOS> ,girl,"['s', 'h', 'i', 'r', 'l', 'e', 'y', 'a', 'n', 'n']",10,0.0,"[1, 21, 10, 11, 20, 14, 7, 27, 3, 16, 16, 2, 0]"
69,<SOS>theodore<EOS>   ,boy,"['t', 'h', 'e', 'o', 'd', 'o', 'r', 'e']",8,1.0,"[1, 22, 10, 7, 17, 6, 17, 20, 7, 2, 0, 0, 0]"
4033,<SOS>araminta<EOS>   ,girl,"['a', 'r', 'a', 'm', 'i', 'n', 't', 'a']",8,0.0,"[1, 3, 20, 3, 15, 11, 16, 22, 3, 2, 0, 0, 0]"
6568,<SOS>keira<EOS>      ,girl,"['k', 'e', 'i', 'r', 'a']",5,0.0,"[1, 13, 7, 11, 20, 3, 2, 0, 0, 0, 0, 0, 0]"
4164,<SOS>nanie<EOS>      ,girl,"['n', 'a', 'n', 'i', 'e']",5,0.0,"[1, 16, 3, 16, 11, 7, 2, 0, 0, 0, 0, 0, 0]"
3562,<SOS>gertie<EOS>     ,girl,"['g', 'e', 'r', 't', 'i', 'e']",6,0.0,"[1, 9, 7, 20, 22, 11, 7, 2, 0, 0, 0, 0, 0]"
4505,<SOS>naoma<EOS>      ,girl,"['n', 'a', 'o', 'm', 'a']",5,0.0,"[1, 16, 3, 17, 15, 3, 2, 0, 0, 0, 0, 0, 0]"
1070,<SOS>curley<EOS>     ,boy,"['c', 'u', 'r', 'l', 'e', 'y']",6,1.0,"[1, 5, 23, 20, 14, 7, 27, 2, 0, 0, 0, 0, 0]"
1407,<SOS>hjalmer<EOS>    ,boy,"['h', 'j', 'a', 'l', 'm', 'e', 'r']",7,1.0,"[1, 10, 12, 3, 14, 15, 7, 20, 2, 0, 0, 0, 0]"
4723,<SOS>gaynell<EOS>    ,girl,"['g', 'a', 'y', 'n', 'e', 'l', 'l']",7,0.0,"[1, 9, 3, 27, 16, 7, 14, 14, 2, 0, 0, 0, 0]"
4456,<SOS>caro<EOS>       ,girl,"['c', 'a', 'r', 'o']",4,0.0,"[1, 5, 3, 20, 17, 2, 0, 0, 0, 0, 0, 0, 0]"
2200,<SOS>maria<EOS>      ,boy,"['m', 'a', 'r', 'i', 'a']",5,1.0,"[1, 15, 3, 20, 11, 3, 2, 0, 0, 0, 0, 0, 0]"
3361,<SOS>amare<EOS>      ,boy,"['a', 'm', 'a', 'r', 'e']",5,1.0,"[1, 3, 15, 3, 20, 7, 2, 0, 0, 0, 0, 0, 0]"
2771,<SOS>demarco<EOS>    ,boy,"['d', 'e', 'm', 'a', 'r', 'c', 'o']",7,1.0,"[1, 6, 7, 15, 3, 20, 5, 17, 2, 0, 0, 0, 0]"
6076,<SOS>tawny<EOS>      ,girl,"['t', 'a', 'w', 'n', 'y']",5,0.0,"[1, 22, 3, 25, 16, 27, 2, 0, 0, 0, 0, 0, 0]"
4557,<SOS>ilma<EOS>       ,girl,"['i', 'l', 'm', 'a']",4,0.0,"[1, 11, 14, 15, 3, 2, 0, 0, 0, 0, 0, 0, 0]"
4529,<SOS>myrna<EOS>      ,girl,"['m', 'y', 'r', 'n', 'a']",5,0.0,"[1, 15, 27, 20, 16, 3, 2, 0, 0, 0, 0, 0, 0]"
6768,<SOS>ariella<EOS>    ,girl,"['a', 'r', 'i', 'e', 'l', 'l', 'a']",7,0.0,"[1, 3, 20, 11, 7, 14, 14, 3, 2, 0, 0, 0, 0]"
2224,<SOS>gerry<EOS>      ,boy,"['g', 'e', 'r', 'r', 'y']",5,1.0,"[1, 9, 7, 20, 20, 27, 2, 0, 0, 0, 0, 0, 0]"
1755,<SOS>royce<EOS>      ,boy,"['r', 'o', 'y', 'c', 'e']",5,1.0,"[1, 20, 17, 27, 5, 7, 2, 0, 0, 0, 0, 0, 0]"
2839,<SOS>tucker<EOS>     ,boy,"['t', 'u', 'c', 'k', 'e', 'r']",6,1.0,"[1, 22, 23, 5, 13, 7, 20, 2, 0, 0, 0, 0, 0]"
671,<SOS>orrin<EOS>      ,boy,"['o', 'r', 'r', 'i', 'n']",5,1.0,"[1, 17, 20, 20, 11, 16, 2, 0, 0, 0, 0, 0, 0]"
5118,<SOS>luanne<EOS>     ,girl,"['l', 'u', 'a', 'n', 'n', 'e']",6,0.0,"[1, 14, 23, 3, 16, 16, 7, 2, 0, 0, 0, 0, 0]"
3023,<SOS>dillion<EOS>    ,boy,"['d', 'i', 'l', 'l', 'i', 'o', 'n']",7,1.0,"[1, 6, 11, 14, 14, 11, 17, 16, 2, 0, 0, 0, 0]"
5338,<SOS>daria<EOS>      ,girl,"['d', 'a', 'r', 'i', 'a']",5,0.0,"[1, 6, 3, 20, 11, 3, 2, 0, 0, 0, 0, 0, 0]"
2689,<SOS>brannon<EOS>    ,boy,"['b', 'r', 'a', 'n', 'n', 'o', 'n']",7,1.0,"[1, 4, 20, 3, 16, 16, 17, 16, 2, 0, 0, 0, 0]"
64,<SOS>lawrence<EOS>   ,boy,"['l', 'a', 'w', 'r', 'e', 'n', 'c', 'e']",8,1.0,"[1, 14, 3, 25, 20, 7, 16, 5, 7, 2, 0, 0, 0]"
829,<SOS>cato<EOS>       ,boy,"['c', 'a', 't', 'o']",4,1.0,"[1, 5, 3, 22, 17, 2, 0, 0, 0, 0, 0, 0, 0]"
1250,<SOS>severt<EOS>     ,boy,"['s', 'e', 'v', 'e', 'r', 't']",6,1.0,"[1, 21, 7, 24, 7, 20, 22, 2, 0, 0, 0, 0, 0]"
6136,<SOS>magan<EOS>      ,girl,"['m', 'a', 'g', 'a', 'n']",5,0.0,"[1, 15, 3, 9, 3, 16, 2, 0, 0, 0, 0, 0, 0]"
6427,<SOS>maci<EOS>       ,girl,"['m', 'a', 'c', 'i']",4,0.0,"[1, 15, 3, 5, 11, 2, 0, 0, 0, 0, 0, 0, 0]"
3363,<SOS>braylen<EOS>    ,boy,"['b', 'r', 'a', 'y', 'l', 'e', 'n']",7,1.0,"[1, 4, 20, 3, 27, 14, 7, 16, 2, 0, 0, 0, 0]"
2754,<SOS>heather<EOS>    ,boy,"['h', 'e', 'a', 't', 'h', 'e', 'r']",7,1.0,"[1, 10, 7, 3, 22, 10, 7, 20, 2, 0, 0, 0, 0]"
998,<SOS>lawyer<EOS>     ,boy,"['l', 'a', 'w', 'y', 'e', 'r']",6,1.0,"[1, 14, 3, 25, 27, 7, 20, 2, 0, 0, 0, 0, 0]"
1365,<SOS>lillie<EOS>     ,boy,"['l', 'i', 'l', 'l', 'i', 'e']",6,1.0,"[1, 14, 11, 14, 14, 11, 7, 2, 0, 0, 0, 0, 0]"
5285,<SOS>alana<EOS>      ,girl,"['a', 'l', 'a', 'n', 'a']",5,0.0,"[1, 3, 14, 3, 16, 3, 2, 0, 0, 0, 0, 0, 0]"
3127,<SOS>aiden<EOS>      ,boy,"['a', 'i', 'd', 'e', 'n']",5,1.0,"[1, 3, 11, 6, 7, 16, 2, 0, 0, 0, 0, 0, 0]"
3674,<SOS>oma<EOS>        ,girl,"['o', 'm', 'a']",3,0.0,"[1, 17, 15, 3, 2, 0, 0, 0, 0, 0, 0, 0, 0]"
1932,<SOS>hester<EOS>     ,boy,"['h', 'e', 's', 't', 'e', 'r']",6,1.0,"[1, 10, 7, 21, 22, 7, 20, 2, 0, 0, 0, 0, 0]"
508,<SOS>elzie<EOS>      ,boy,"['e', 'l', 'z', 'i', 'e']",5,1.0,"[1, 7, 14, 28, 11, 7, 2, 0, 0, 0, 0, 0, 0]"
4300,<SOS>elba<EOS>       ,girl,"['e', 'l', 'b', 'a']",4,0.0,"[1, 7, 14, 4, 3, 2, 0, 0, 0, 0, 0, 0, 0]"
4652,<SOS>nobie<EOS>      ,girl,"['n', 'o', 'b', 'i', 'e']",5,0.0,"[1, 16, 17, 4, 11, 7, 2, 0, 0, 0, 0, 0, 0]"
2039,<SOS>vera<EOS>       ,boy,"['v', 'e', 'r', 'a']",4,1.0,"[1, 24, 7, 20, 3, 2, 0, 0, 0, 0, 0, 0, 0]"
1593,<SOS>estes<EOS>      ,boy,"['e', 's', 't', 'e', 's']",5,1.0,"[1, 7, 21, 22, 7, 21, 2, 0, 0, 0, 0, 0, 0]"
2547,<SOS>daron<EOS>      ,boy,"['d', 'a', 'r', 'o', 'n']",5,1.0,"[1, 6, 3, 20, 17, 16, 2, 0, 0, 0, 0, 0, 0]"
160,<SOS>jose<EOS>       ,boy,"['j', 'o', 's', 'e']",4,1.0,"[1, 12, 17, 21, 7, 2, 0, 0, 0, 0, 0, 0, 0]"
4197,<SOS>texie<EOS>      ,girl,"['t', 'e', 'x', 'i', 'e']",5,0.0,"[1, 22, 7, 26, 11, 7, 2, 0, 0, 0, 0, 0, 0]"
6288,<SOS>shanequa<EOS>   ,girl,"['s', 'h', 'a', 'n', 'e', 'q', 'u', 'a']",8,0.0,"[1, 21, 10, 3, 16, 7, 19, 23, 3, 2, 0, 0, 0]"
3322,<SOS>enzo<EOS>       ,boy,"['e', 'n', 'z', 'o']",4,1.0,"[1, 7, 16, 28, 17, 2, 0, 0, 0, 0, 0, 0, 0]"
650,<SOS>ernst<EOS>      ,boy,"['e', 'r', 'n', 's', 't']",5,1.0,"[1, 7, 20, 16, 21, 22, 2, 0, 0, 0, 0, 0, 0]"
1630,<SOS>jordon<EOS>     ,boy,"['j', 'o', 'r', 'd', 'o', 'n']",6,1.0,"[1, 12, 17, 20, 6, 17, 16, 2, 0, 0, 0, 0, 0]"
170,<SOS>anton<EOS>      ,boy,"['a', 'n', 't', 'o', 'n']",5,1.0,"[1, 3, 16, 22, 17, 16, 2, 0, 0, 0, 0, 0, 0]"
6303,<SOS>tiesha<EOS>     ,girl,"['t', 'i', 'e', 's', 'h', 'a']",6,0.0,"[1, 22, 11, 7, 21, 10, 3, 2, 0, 0, 0, 0, 0]"
1347,<SOS>dink<EOS>       ,boy,"['d', 'i', 'n', 'k']",4,1.0,"[1, 6, 11, 16, 13, 2, 0, 0, 0, 0, 0, 0, 0]"
1525,<SOS>gussie<EOS>     ,boy,"['g', 'u', 's', 's', 'i', 'e']",6,1.0,"[1, 9, 23, 21, 21, 11, 7, 2, 0, 0, 0, 0, 0]"
5677,<SOS>sunday<EOS>     ,girl,"['s', 'u', 'n', 'd', 'a', 'y']",6,0.0,"[1, 21, 23, 16, 6, 3, 27, 2, 0, 0, 0, 0, 0]"
5036,<SOS>jocelyn<EOS>    ,girl,"['j', 'o', 'c', 'e', 'l', 'y', 'n']",7,0.0,"[1, 12, 17, 5, 7, 14, 27, 16, 2, 0, 0, 0, 0]"
1451,<SOS>clemens<EOS>    ,boy,"['c', 'l', 'e', 'm', 'e', 'n', 's']",7,1.0,"[1, 5, 14, 7, 15, 7, 16, 21, 2, 0, 0, 0, 0]"
265,<SOS>vincent<EOS>    ,boy,"['v', 'i', 'n', 'c', 'e', 'n', 't']",7,1.0,"[1, 24, 11, 16, 5, 7, 16, 22, 2, 0, 0, 0, 0]"
1003,<SOS>lucas<EOS>      ,boy,"['l', 'u', 'c', 'a', 's']",5,1.0,"[1, 14, 23, 5, 3, 21, 2, 0, 0, 0, 0, 0, 0]"
168,<SOS>owen<EOS>       ,boy,"['o', 'w', 'e', 'n']",4,1.0,"[1, 17, 25, 7, 16, 2, 0, 0, 0, 0, 0, 0, 0]"
5339,<SOS>vikki<EOS>      ,girl,"['v', 'i', 'k', 'k', 'i']",5,0.0,"[1, 24, 11, 13, 13, 11, 2, 0, 0, 0, 0, 0, 0]"
4781,<SOS>elouise<EOS>    ,girl,"['e', 'l', 'o', 'u', 'i', 's', 'e']",7,0.0,"[1, 7, 14, 17, 23, 11, 21, 7, 2, 0, 0, 0, 0]"
5246,<SOS>rosann<EOS>     ,girl,"['r', 'o', 's', 'a', 'n', 'n']",6,0.0,"[1, 20, 17, 21, 3, 16, 16, 2, 0, 0, 0, 0, 0]"
2708,<SOS>jarred<EOS>     ,boy,"['j', 'a', 'r', 'r', 'e', 'd']",6,1.0,"[1, 12, 3, 20, 20, 7, 6, 2, 0, 0, 0, 0, 0]"
5747,<SOS>shona<EOS>      ,girl,"['s', 'h', 'o', 'n', 'a']",5,0.0,"[1, 21, 10, 17, 16, 3, 2, 0, 0, 0, 0, 0, 0]"
1114,<SOS>ebb<EOS>        ,boy,"['e', 'b', 'b']",3,1.0,"[1, 7, 4, 4, 2, 0, 0, 0, 0, 0, 0, 0, 0]"
5366,<SOS>sanjuanita<EOS> ,girl,"['s', 'a', 'n', 'j', 'u', 'a', 'n', 'i', 't', 'a']",10,0.0,"[1, 21, 3, 16, 12, 23, 3, 16, 11, 22, 3, 2, 0]"
3836,<SOS>mahala<EOS>     ,girl,"['m', 'a', 'h', 'a', 'l', 'a']",6,0.0,"[1, 15, 3, 10, 3, 14, 3, 2, 0, 0, 0, 0, 0]"
2934,<SOS>yaakov<EOS>     ,boy,"['y', 'a', 'a', 'k', 'o', 'v']",6,1.0,"[1, 27, 3, 3, 13, 17, 24, 2, 0, 0, 0, 0, 0]"
5010,<SOS>jacquelin<EOS>  ,girl,"['j', 'a', 'c', 'q', 'u', 'e', 'l', 'i', 'n']",9,0.0,"[1, 12, 3, 5, 19, 23, 7, 14, 11, 16, 2, 0, 0]"
4028,<SOS>adina<EOS>      ,girl,"['a', 'd', 'i', 'n', 'a']",5,0.0,"[1, 3, 6, 11, 16, 3, 2, 0, 0, 0, 0, 0, 0]"
1693,<SOS>cornell<EOS>    ,boy,"['c', 'o', 'r', 'n', 'e', 'l', 'l']",7,1.0,"[1, 5, 17, 20, 16, 7, 14, 14, 2, 0, 0, 0, 0]"
2725,<SOS>tito<EOS>       ,boy,"['t', 'i', 't', 'o']",4,1.0,"[1, 22, 11, 22, 17, 2, 0, 0, 0, 0, 0, 0, 0]"
1462,<SOS>constantine<EOS>,boy,"['c', 'o', 'n', 's', 't', 'a', 'n', 't', 'i', 'n', 'e']",11,1.0,"[1, 5, 17, 16, 21, 22, 3, 16, 22, 11, 16, 7, 2]"
5830,<SOS>sasha<EOS>      ,girl,"['s', 'a', 's', 'h', 'a']",5,0.0,"[1, 21, 3, 21, 10, 3, 2, 0, 0, 0, 0, 0, 0]"
734,<SOS>russel<EOS>     ,boy,"['r', 'u', 's', 's', 'e', 'l']",6,1.0,"[1, 20, 23, 21, 21, 7, 14, 2, 0, 0, 0, 0, 0]"
4613,<SOS>hazle<EOS>      ,girl,"['h', 'a', 'z', 'l', 'e']",5,0.0,"[1, 10, 3, 28, 14, 7, 2, 0, 0, 0, 0, 0, 0]"
3215,<SOS>kylan<EOS>      ,boy,"['k', 'y', 'l', 'a', 'n']",5,1.0,"[1, 13, 27, 14, 3, 16, 2, 0, 0, 0, 0, 0, 0]"
2806,<SOS>amin<EOS>       ,boy,"['a', 'm', 'i', 'n']",4,1.0,"[1, 3, 15, 11, 16, 2, 0, 0, 0, 0, 0, 0, 0]"
1472,<SOS>merlin<EOS>     ,boy,"['m', 'e', 'r', 'l', 'i', 'n']",6,1.0,"[1, 15, 7, 20, 14, 11, 16, 2, 0, 0, 0, 0, 0]"
5237,<SOS>jana<EOS>       ,girl,"['j', 'a', 'n', 'a']",4,0.0,"[1, 12, 3, 16, 3, 2, 0, 0, 0, 0, 0, 0, 0]"
4302,<SOS>elna<EOS>       ,girl,"['e', 'l', 'n', 'a']",4,0.0,"[1, 7, 14, 16, 3, 2, 0, 0, 0, 0, 0, 0, 0]"
3476,<SOS>cornelia<EOS>   ,girl,"['c', 'o', 'r', 'n', 'e', 'l', 'i', 'a']",8,0.0,"[1, 5, 17, 20, 16, 7, 14, 11, 3, 2, 0, 0, 0]"
1610,<SOS>felton<EOS>     ,boy,"['f', 'e', 'l', 't', 'o', 'n']",6,1.0,"[1, 8, 7, 14, 22, 17, 16, 2, 0, 0, 0, 0, 0]"
2221,<SOS>rogelio<EOS>    ,boy,"['r', 'o', 'g', 'e', 'l', 'i', 'o']",7,1.0,"[1, 20, 17, 9, 7, 14, 11, 17, 2, 0, 0, 0, 0]"
2007,<SOS>tobie<EOS>      ,boy,"['t', 'o', 'b', 'i', 'e']",5,1.0,"[1, 22, 17, 4, 11, 7, 2, 0, 0, 0, 0, 0, 0]"
5062,<SOS>merlene<EOS>    ,girl,"['m', 'e', 'r', 'l', 'e', 'n', 'e']",7,0.0,"[1, 15, 7, 20, 14, 7, 16, 7, 2, 0, 0, 0, 0]"
1069,<SOS>collie<EOS>     ,boy,"['c', 'o', 'l', 'l', 'i', 'e']",6,1.0,"[1, 5, 17, 14, 14, 11, 7, 2, 0, 0, 0, 0, 0]"
464,<SOS>bennett<EOS>    ,boy,"['b', 'e', 'n', 'n', 'e', 't', 't']",7,1.0,"[1, 4, 7, 16, 16, 7, 22, 22, 2, 0, 0, 0, 0]"
6225,<SOS>katarina<EOS>   ,girl,"['k', 'a', 't', 'a', 'r', 'i', 'n', 'a']",8,0.0,"[1, 13, 3, 22, 3, 20, 11, 16, 3, 2, 0, 0, 0]"
6559,<SOS>anaya<EOS>      ,girl,"['a', 'n', 'a', 'y', 'a']",5,0.0,"[1, 3, 16, 3, 27, 3, 2, 0, 0, 0, 0, 0, 0]"
4339,<SOS>susannah<EOS>   ,girl,"['s', 'u', 's', 'a', 'n', 'n', 'a', 'h']",8,0.0,"[1, 21, 23, 21, 3, 16, 16, 3, 10, 2, 0, 0, 0]"
3052,<SOS>deion<EOS>      ,boy,"['d', 'e', 'i', 'o', 'n']",5,1.0,"[1, 6, 7, 11, 17, 16, 2, 0, 0, 0, 0, 0, 0]"
4801,<SOS>isobel<EOS>     ,girl,"['i', 's', 'o', 'b', 'e', 'l']",6,0.0,"[1, 11, 21, 17, 4, 7, 14, 2, 0, 0, 0, 0, 0]"
749,<SOS>bart<EOS>       ,boy,"['b', 'a', 'r', 't']",4,1.0,"[1, 4, 3, 20, 22, 2, 0, 0, 0, 0, 0, 0, 0]"
1061,<SOS>tilman<EOS>     ,boy,"['t', 'i', 'l', 'm', 'a', 'n']",6,1.0,"[1, 22, 11, 14, 15, 3, 16, 2, 0, 0, 0, 0, 0]"
1886,<SOS>admiral<EOS>    ,boy,"['a', 'd', 'm', 'i', 'r', 'a', 'l']",7,1.0,"[1, 3, 6, 15, 11, 20, 3, 14, 2, 0, 0, 0, 0]"
1430,<SOS>beecher<EOS>    ,boy,"['b', 'e', 'e', 'c', 'h', 'e', 'r']",7,1.0,"[1, 4, 7, 7, 5, 10, 7, 20, 2, 0, 0, 0, 0]"
5637,<SOS>marni<EOS>      ,girl,"['m', 'a', 'r', 'n', 'i']",5,0.0,"[1, 15, 3, 20, 16, 11, 2, 0, 0, 0, 0, 0, 0]"
1843,<SOS>sigmund<EOS>    ,boy,"['s', 'i', 'g', 'm', 'u', 'n', 'd']",7,1.0,"[1, 21, 11, 9, 15, 23, 16, 6, 2, 0, 0, 0, 0]"
46,<SOS>bert<EOS>       ,boy,"['b', 'e', 'r', 't']",4,1.0,"[1, 4, 7, 20, 22, 2, 0, 0, 0, 0, 0, 0, 0]"
573,<SOS>bertrand<EOS>   ,boy,"['b', 'e', 'r', 't', 'r', 'a', 'n', 'd']",8,1.0,"[1, 4, 7, 20, 22, 20, 3, 16, 6, 2, 0, 0, 0]"
6180,<SOS>jerica<EOS>     ,girl,"['j', 'e', 'r', 'i', 'c', 'a']",6,0.0,"[1, 12, 7, 20, 11, 5, 3, 2, 0, 0, 0, 0, 0]"
561,<SOS>thornton<EOS>   ,boy,"['t', 'h', 'o', 'r', 'n', 't', 'o', 'n']",8,1.0,"[1, 22, 10, 17, 20, 16, 22, 17, 16, 2, 0, 0, 0]"
939,<SOS>crockett<EOS>   ,boy,"['c', 'r', 'o', 'c', 'k', 'e', 't', 't']",8,1.0,"[1, 5, 20, 17, 5, 13, 7, 22, 22, 2, 0, 0, 0]"
6220,<SOS>breana<EOS>     ,girl,"['b', 'r', 'e', 'a', 'n', 'a']",6,0.0,"[1, 4, 20, 7, 3, 16, 3, 2, 0, 0, 0, 0, 0]"
4280,<SOS>ammie<EOS>      ,girl,"['a', 'm', 'm', 'i', 'e']",5,0.0,"[1, 3, 15, 15, 11, 7, 2, 0, 0, 0, 0, 0, 0]"
2223,<SOS>arnulfo<EOS>    ,boy,"['a', 'r', 'n', 'u', 'l', 'f', 'o']",7,1.0,"[1, 3, 20, 16, 23, 14, 8, 17, 2, 0, 0, 0, 0]"
1051,<SOS>fredric<EOS>    ,boy,"['f', 'r', 'e', 'd', 'r', 'i', 'c']",7,1.0,"[1, 8, 20, 7, 6, 20, 11, 5, 2, 0, 0, 0, 0]"
6277,<SOS>alannah<EOS>    ,girl,"['a', 'l', 'a', 'n', 'n', 'a', 'h']",7,0.0,"[1, 3, 14, 3, 16, 16, 3, 10, 2, 0, 0, 0, 0]"
4764,<SOS>alvera<EOS>     ,girl,"['a', 'l', 'v', 'e', 'r', 'a']",6,0.0,"[1, 3, 14, 24, 7, 20, 3, 2, 0, 0, 0, 0, 0]"
4561,<SOS>lolla<EOS>      ,girl,"['l', 'o', 'l', 'l', 'a']",5,0.0,"[1, 14, 17, 14, 14, 3, 2, 0, 0, 0, 0, 0, 0]"
4895,<SOS>masako<EOS>     ,girl,"['m', 'a', 's', 'a', 'k', 'o']",6,0.0,"[1, 15, 3, 21, 3, 13, 17, 2, 0, 0, 0, 0, 0]"
5444,<SOS>cherri<EOS>     ,girl,"['c', 'h', 'e', 'r', 'r', 'i']",6,0.0,"[1, 5, 10, 7, 20, 20, 11, 2, 0, 0, 0, 0, 0]"
2255,<SOS>jame<EOS>       ,boy,"['j', 'a', 'm', 'e']",4,1.0,"[1, 12, 3, 15, 7, 2, 0, 0, 0, 0, 0, 0, 0]"
6777,<SOS>laylah<EOS>     ,girl,"['l', 'a', 'y', 'l', 'a', 'h']",6,0.0,"[1, 14, 3, 27, 14, 3, 10, 2, 0, 0, 0, 0, 0]"
1453,<SOS>ellen<EOS>      ,boy,"['e', 'l', 'l', 'e', 'n']",5,1.0,"[1, 7, 14, 14, 7, 16, 2, 0, 0, 0, 0, 0, 0]"
3626,<SOS>isabell<EOS>    ,girl,"['i', 's', 'a', 'b', 'e', 'l', 'l']",7,0.0,"[1, 11, 21, 3, 4, 7, 14, 14, 2, 0, 0, 0, 0]"
3116,<SOS>tristen<EOS>    ,boy,"['t', 'r', 'i', 's', 't', 'e', 'n']",7,1.0,"[1, 22, 20, 11, 21, 22, 7, 16, 2, 0, 0, 0, 0]"
3483,<SOS>myra<EOS>       ,girl,"['m', 'y', 'r', 'a']",4,0.0,"[1, 15, 27, 20, 3, 2, 0, 0, 0, 0, 0, 0, 0]"
3290,<SOS>giovani<EOS>    ,boy,"['g', 'i', 'o', 'v', 'a', 'n', 'i']",7,1.0,"[1, 9, 11, 17, 24, 3, 16, 11, 2, 0, 0, 0, 0]"
3973,<SOS>electa<EOS>     ,girl,"['e', 'l', 'e', 'c', 't', 'a']",6,0.0,"[1, 7, 14, 7, 5, 22, 3, 2, 0, 0, 0, 0, 0]"
4891,<SOS>jayne<EOS>      ,girl,"['j', 'a', 'y', 'n', 'e']",5,0.0,"[1, 12, 3, 27, 16, 7, 2, 0, 0, 0, 0, 0, 0]"
5149,<SOS>annmarie<EOS>   ,girl,"['a', 'n', 'n', 'm', 'a', 'r', 'i', 'e']",8,0.0,"[1, 3, 16, 16, 15, 3, 20, 11, 7, 2, 0, 0, 0]"
1139,<SOS>kirby<EOS>      ,boy,"['k', 'i', 'r', 'b', 'y']",5,1.0,"[1, 13, 11, 20, 4, 27, 2, 0, 0, 0, 0, 0, 0]"
6465,<SOS>erykah<EOS>     ,girl,"['e', 'r', 'y', 'k', 'a', 'h']",6,0.0,"[1, 7, 20, 27, 13, 3, 10, 2, 0, 0, 0, 0, 0]"
3952,<SOS>arvilla<EOS>    ,girl,"['a', 'r', 'v', 'i', 'l', 'l', 'a']",7,0.0,"[1, 3, 20, 24, 11, 14, 14, 3, 2, 0, 0, 0, 0]"
1495,<SOS>dawson<EOS>     ,boy,"['d', 'a', 'w', 's', 'o', 'n']",6,1.0,"[1, 6, 3, 25, 21, 17, 16, 2, 0, 0, 0, 0, 0]"
6564,<SOS>lilliana<EOS>   ,girl,"['l', 'i', 'l', 'l', 'i', 'a', 'n', 'a']",8,0.0,"[1, 14, 11, 14, 14, 11, 3, 16, 3, 2, 0, 0, 0]"
772,<SOS>hal<EOS>        ,boy,"['h', 'a', 'l']",3,1.0,"[1, 10, 3, 14, 2, 0, 0, 0, 0, 0, 0, 0, 0]"
1026,<SOS>guadalupe<EOS>  ,boy,"['g', 'u', 'a', 'd', 'a', 'l', 'u', 'p', 'e']",9,1.0,"[1, 9, 23, 3, 6, 3, 14, 23, 18, 7, 2, 0, 0]"
784,<SOS>mal<EOS>        ,boy,"['m', 'a', 'l']",3,1.0,"[1, 15, 3, 14, 2, 0, 0, 0, 0, 0, 0, 0, 0]"
6699,<SOS>lilyana<EOS>    ,girl,"['l', 'i', 'l', 'y', 'a', 'n', 'a']",7,0.0,"[1, 14, 11, 14, 27, 3, 16, 3, 2, 0, 0, 0, 0]"
2263,<SOS>valentin<EOS>   ,boy,"['v', 'a', 'l', 'e', 'n', 't', 'i', 'n']",8,1.0,"[1, 24, 3, 14, 7, 16, 22, 11, 16, 2, 0, 0, 0]"
5899,<SOS>mandie<EOS>     ,girl,"['m', 'a', 'n', 'd', 'i', 'e']",6,0.0,"[1, 15, 3, 16, 6, 11, 7, 2, 0, 0, 0, 0, 0]"
5356,<SOS>cristina<EOS>   ,girl,"['c', 'r', 'i', 's', 't', 'i', 'n', 'a']",8,0.0,"[1, 5, 20, 11, 21, 22, 11, 16, 3, 2, 0, 0, 0]"
5569,<SOS>velvet<EOS>     ,girl,"['v', 'e', 'l', 'v', 'e', 't']",6,0.0,"[1, 24, 7, 14, 24, 7, 22, 2, 0, 0, 0, 0, 0]"
3991,<SOS>lauretta<EOS>   ,girl,"['l', 'a', 'u', 'r', 'e', 't', 't', 'a']",8,0.0,"[1, 14, 3, 23, 20, 7, 22, 22, 3, 2, 0, 0, 0]"
6687,<SOS>jolette<EOS>    ,girl,"['j', 'o', 'l', 'e', 't', 't', 'e']",7,0.0,"[1, 12, 17, 14, 7, 22, 22, 7, 2, 0, 0, 0, 0]"
3139,<SOS>mateo<EOS>      ,boy,"['m', 'a', 't', 'e', 'o']",5,1.0,"[1, 15, 3, 22, 7, 17, 2, 0, 0, 0, 0, 0, 0]"
1975,<SOS>thedore<EOS>    ,boy,"['t', 'h', 'e', 'd', 'o', 'r', 'e']",7,1.0,"[1, 22, 10, 7, 6, 17, 20, 7, 2, 0, 0, 0, 0]"
1773,<SOS>arnett<EOS>     ,boy,"['a', 'r', 'n', 'e', 't', 't']",6,1.0,"[1, 3, 20, 16, 7, 22, 22, 2, 0, 0, 0, 0, 0]"
4885,<SOS>helyn<EOS>      ,girl,"['h', 'e', 'l', 'y', 'n']",5,0.0,"[1, 10, 7, 14, 27, 16, 2, 0, 0, 0, 0, 0, 0]"
4785,<SOS>florene<EOS>    ,girl,"['f', 'l', 'o', 'r', 'e', 'n', 'e']",7,0.0,"[1, 8, 14, 17, 20, 7, 16, 7, 2, 0, 0, 0, 0]"
453,<SOS>larkin<EOS>     ,boy,"['l', 'a', 'r', 'k', 'i', 'n']",6,1.0,"[1, 14, 3, 20, 13, 11, 16, 2, 0, 0, 0, 0, 0]"
3689,<SOS>anita<EOS>      ,girl,"['a', 'n', 'i', 't', 'a']",5,0.0,"[1, 3, 16, 11, 22, 3, 2, 0, 0, 0, 0, 0, 0]"
3326,<SOS>ryker<EOS>      ,boy,"['r', 'y', 'k', 'e', 'r']",5,1.0,"[1, 20, 27, 13, 7, 20, 2, 0, 0, 0, 0, 0, 0]"
2568,<SOS>deron<EOS>      ,boy,"['d', 'e', 'r', 'o', 'n']",5,1.0,"[1, 6, 7, 20, 17, 16, 2, 0, 0, 0, 0, 0, 0]"
6320,<SOS>cinthia<EOS>    ,girl,"['c', 'i', 'n', 't', 'h', 'i', 'a']",7,0.0,"[1, 5, 11, 16, 22, 10, 11, 3, 2, 0, 0, 0, 0]"
125,<SOS>fredrick<EOS>   ,boy,"['f', 'r', 'e', 'd', 'r', 'i', 'c', 'k']",8,1.0,"[1, 8, 20, 7, 6, 20, 11, 5, 13, 2, 0, 0, 0]"
4994,<SOS>amparo<EOS>     ,girl,"['a', 'm', 'p', 'a', 'r', 'o']",6,0.0,"[1, 3, 15, 18, 3, 20, 17, 2, 0, 0, 0, 0, 0]"
3539,<SOS>violet<EOS>     ,girl,"['v', 'i', 'o', 'l', 'e', 't']",6,0.0,"[1, 24, 11, 17, 14, 7, 22, 2, 0, 0, 0, 0, 0]"
3302,<SOS>lisandro<EOS>   ,boy,"['l', 'i', 's', 'a', 'n', 'd', 'r', 'o']",8,1.0,"[1, 14, 11, 21, 3, 16, 6, 20, 17, 2, 0, 0, 0]"
3660,<SOS>tena<EOS>       ,girl,"['t', 'e', 'n', 'a']",4,0.0,"[1, 22, 7, 16, 3, 2, 0, 0, 0, 0, 0, 0, 0]"
3080,<SOS>shaquan<EOS>    ,boy,"['s', 'h', 'a', 'q', 'u', 'a', 'n']",7,1.0,"[1, 21, 10, 3, 19, 23, 3, 16, 2, 0, 0, 0, 0]"
138,<SOS>jasper<EOS>     ,boy,"['j', 'a', 's', 'p', 'e', 'r']",6,1.0,"[1, 12, 3, 21, 18, 7, 20, 2, 0, 0, 0, 0, 0]"
2076,<SOS>lenwood<EOS>    ,boy,"['l', 'e', 'n', 'w', 'o', 'o', 'd']",7,1.0,"[1, 14, 7, 16, 25, 17, 17, 6, 2, 0, 0, 0, 0]"
6096,<SOS>britni<EOS>     ,girl,"['b', 'r', 'i', 't', 'n', 'i']",6,0.0,"[1, 4, 20, 11, 22, 16, 11, 2, 0, 0, 0, 0, 0]"
4924,<SOS>janis<EOS>      ,girl,"['j', 'a', 'n', 'i', 's']",5,0.0,"[1, 12, 3, 16, 11, 21, 2, 0, 0, 0, 0, 0, 0]"
590,<SOS>marcellus<EOS>  ,boy,"['m', 'a', 'r', 'c', 'e', 'l', 'l', 'u', 's']",9,1.0,"[1, 15, 3, 20, 5, 7, 14, 14, 23, 21, 2, 0, 0]"
3811,<SOS>adela<EOS>      ,girl,"['a', 'd', 'e', 'l', 'a']",5,0.0,"[1, 3, 6, 7, 14, 3, 2, 0, 0, 0, 0, 0, 0]"
1991,<SOS>rayfield<EOS>   ,boy,"['r', 'a', 'y', 'f', 'i', 'e', 'l', 'd']",8,1.0,"[1, 20, 3, 27, 8, 11, 7, 14, 6, 2, 0, 0, 0]"
3225,<SOS>jaxson<EOS>     ,boy,"['j', 'a', 'x', 's', 'o', 'n']",6,1.0,"[1, 12, 3, 26, 21, 17, 16, 2, 0, 0, 0, 0, 0]"
2603,<SOS>angela<EOS>     ,boy,"['a', 'n', 'g', 'e', 'l', 'a']",6,1.0,"[1, 3, 16, 9, 7, 14, 3, 2, 0, 0, 0, 0, 0]"
2267,<SOS>jerrel<EOS>     ,boy,"['j', 'e', 'r', 'r', 'e', 'l']",6,1.0,"[1, 12, 7, 20, 20, 7, 14, 2, 0, 0, 0, 0, 0]"
5596,<SOS>shirl<EOS>      ,girl,"['s', 'h', 'i', 'r', 'l']",5,0.0,"[1, 21, 10, 11, 20, 14, 2, 0, 0, 0, 0, 0, 0]"
5431,<SOS>sharla<EOS>     ,girl,"['s', 'h', 'a', 'r', 'l', 'a']",6,0.0,"[1, 21, 10, 3, 20, 14, 3, 2, 0, 0, 0, 0, 0]"
3943,<SOS>abby<EOS>       ,girl,"['a', 'b', 'b', 'y']",4,0.0,"[1, 3, 4, 4, 27, 2, 0, 0, 0, 0, 0, 0, 0]"
816,<SOS>annie<EOS>      ,boy,"['a', 'n', 'n', 'i', 'e']",5,1.0,"[1, 3, 16, 16, 11, 7, 2, 0, 0, 0, 0, 0, 0]"
5545,<SOS>lesia<EOS>      ,girl,"['l', 'e', 's', 'i', 'a']",5,0.0,"[1, 14, 7, 21, 11, 3, 2, 0, 0, 0, 0, 0, 0]"
1968,<SOS>victoriano<EOS> ,boy,"['v', 'i', 'c', 't', 'o', 'r', 'i', 'a', 'n', 'o']",10,1.0,"[1, 24, 11, 5, 22, 17, 20, 11, 3, 16, 17, 2, 0]"
5108,<SOS>rheta<EOS>      ,girl,"['r', 'h', 'e', 't', 'a']",5,0.0,"[1, 20, 10, 7, 22, 3, 2, 0, 0, 0, 0, 0, 0]"
919,<SOS>aurthur<EOS>    ,boy,"['a', 'u', 'r', 't', 'h', 'u', 'r']",7,1.0,"[1, 3, 23, 20, 22, 10, 23, 20, 2, 0, 0, 0, 0]"
2857,<SOS>jessy<EOS>      ,boy,"['j', 'e', 's', 's', 'y']",5,1.0,"[1, 12, 7, 21, 21, 27, 2, 0, 0, 0, 0, 0, 0]"
154,<SOS>hiram<EOS>      ,boy,"['h', 'i', 'r', 'a', 'm']",5,1.0,"[1, 10, 11, 20, 3, 15, 2, 0, 0, 0, 0, 0, 0]"
4134,<SOS>celeste<EOS>    ,girl,"['c', 'e', 'l', 'e', 's', 't', 'e']",7,0.0,"[1, 5, 7, 14, 7, 21, 22, 7, 2, 0, 0, 0, 0]"
4515,<SOS>channie<EOS>    ,girl,"['c', 'h', 'a', 'n', 'n', 'i', 'e']",7,0.0,"[1, 5, 10, 3, 16, 16, 11, 7, 2, 0, 0, 0, 0]"
1699,<SOS>owens<EOS>      ,boy,"['o', 'w', 'e', 'n', 's']",5,1.0,"[1, 17, 25, 7, 16, 21, 2, 0, 0, 0, 0, 0, 0]"
2278,<SOS>kim<EOS>        ,boy,"['k', 'i', 'm']",3,1.0,"[1, 13, 11, 15, 2, 0, 0, 0, 0, 0, 0, 0, 0]"
3519,<SOS>leah<EOS>       ,girl,"['l', 'e', 'a', 'h']",4,0.0,"[1, 14, 7, 3, 10, 2, 0, 0, 0, 0, 0, 0, 0]"
4702,<SOS>elfreda<EOS>    ,girl,"['e', 'l', 'f', 'r', 'e', 'd', 'a']",7,0.0,"[1, 7, 14, 8, 20, 7, 6, 3, 2, 0, 0, 0, 0]"
3126,<SOS>treyvon<EOS>    ,boy,"['t', 'r', 'e', 'y', 'v', 'o', 'n']",7,1.0,"[1, 22, 20, 7, 27, 24, 17, 16, 2, 0, 0, 0, 0]"
3333,<SOS>canyon<EOS>     ,boy,"['c', 'a', 'n', 'y', 'o', 'n']",6,1.0,"[1, 5, 3, 16, 27, 17, 16, 2, 0, 0, 0, 0, 0]"
6184,<SOS>karli<EOS>      ,girl,"['k', 'a', 'r', 'l', 'i']",5,0.0,"[1, 13, 3, 20, 14, 11, 2, 0, 0, 0, 0, 0, 0]"
1329,<SOS>zeno<EOS>       ,boy,"['z', 'e', 'n', 'o']",4,1.0,"[1, 28, 7, 16, 17, 2, 0, 0, 0, 0, 0, 0, 0]"
5427,<SOS>kari<EOS>       ,girl,"['k', 'a', 'r', 'i']",4,0.0,"[1, 13, 3, 20, 11, 2, 0, 0, 0, 0, 0, 0, 0]"
1222,<SOS>bascom<EOS>     ,boy,"['b', 'a', 's', 'c', 'o', 'm']",6,1.0,"[1, 4, 3, 21, 5, 17, 15, 2, 0, 0, 0, 0, 0]"
3730,<SOS>jenny<EOS>      ,girl,"['j', 'e', 'n', 'n', 'y']",5,0.0,"[1, 12, 7, 16, 16, 27, 2, 0, 0, 0, 0, 0, 0]"
2405,<SOS>brant<EOS>      ,boy,"['b', 'r', 'a', 'n', 't']",5,1.0,"[1, 4, 20, 3, 16, 22, 2, 0, 0, 0, 0, 0, 0]"
936,<SOS>chesley<EOS>    ,boy,"['c', 'h', 'e', 's', 'l', 'e', 'y']",7,1.0,"[1, 5, 10, 7, 21, 14, 7, 27, 2, 0, 0, 0, 0]"
4574,<SOS>melanie<EOS>    ,girl,"['m', 'e', 'l', 'a', 'n', 'i', 'e']",7,0.0,"[1, 15, 7, 14, 3, 16, 11, 7, 2, 0, 0, 0, 0]"
2394,<SOS>jerel<EOS>      ,boy,"['j', 'e', 'r', 'e', 'l']",5,1.0,"[1, 12, 7, 20, 7, 14, 2, 0, 0, 0, 0, 0, 0]"
67,<SOS>guy<EOS>        ,boy,"['g', 'u', 'y']",3,1.0,"[1, 9, 23, 27, 2, 0, 0, 0, 0, 0, 0, 0, 0]"
5542,<SOS>angelica<EOS>   ,girl,"['a', 'n', 'g', 'e', 'l', 'i', 'c', 'a']",8,0.0,"[1, 3, 16, 9, 7, 14, 11, 5, 3, 2, 0, 0, 0]"
4524,<SOS>mozelle<EOS>    ,girl,"['m', 'o', 'z', 'e', 'l', 'l', 'e']",7,0.0,"[1, 15, 17, 28, 7, 14, 14, 7, 2, 0, 0, 0, 0]"
4779,<SOS>oneta<EOS>      ,girl,"['o', 'n', 'e', 't', 'a']",5,0.0,"[1, 17, 16, 7, 22, 3, 2, 0, 0, 0, 0, 0, 0]"
3240,<SOS>rowan<EOS>      ,boy,"['r', 'o', 'w', 'a', 'n']",5,1.0,"[1, 20, 17, 25, 3, 16, 2, 0, 0, 0, 0, 0, 0]"
3543,<SOS>madge<EOS>      ,girl,"['m', 'a', 'd', 'g', 'e']",5,0.0,"[1, 15, 3, 6, 9, 7, 2, 0, 0, 0, 0, 0, 0]"
5854,<SOS>anitra<EOS>     ,girl,"['a', 'n', 'i', 't', 'r', 'a']",6,0.0,"[1, 3, 16, 11, 22, 20, 3, 2, 0, 0, 0, 0, 0]"
5294,<SOS>cheryll<EOS>    ,girl,"['c', 'h', 'e', 'r', 'y', 'l', 'l']",7,0.0,"[1, 5, 10, 7, 20, 27, 14, 14, 2, 0, 0, 0, 0]"
5770,<SOS>crista<EOS>     ,girl,"['c', 'r', 'i', 's', 't', 'a']",6,0.0,"[1, 5, 20, 11, 21, 22, 3, 2, 0, 0, 0, 0, 0]"
617,<SOS>hilliard<EOS>   ,boy,"['h', 'i', 'l', 'l', 'i', 'a', 'r', 'd']",8,1.0,"[1, 10, 11, 14, 14, 11, 3, 20, 6, 2, 0, 0, 0]"
2281,<SOS>geoffrey<EOS>   ,boy,"['g', 'e', 'o', 'f', 'f', 'r', 'e', 'y']",8,1.0,"[1, 9, 7, 17, 8, 8, 20, 7, 27, 2, 0, 0, 0]"
3050,<SOS>javonte<EOS>    ,boy,"['j', 'a', 'v', 'o', 'n', 't', 'e']",7,1.0,"[1, 12, 3, 24, 17, 16, 22, 7, 2, 0, 0, 0, 0]"
674,<SOS>park<EOS>       ,boy,"['p', 'a', 'r', 'k']",4,1.0,"[1, 18, 3, 20, 13, 2, 0, 0, 0, 0, 0, 0, 0]"
5416,<SOS>ellyn<EOS>      ,girl,"['e', 'l', 'l', 'y', 'n']",5,0.0,"[1, 7, 14, 14, 27, 16, 2, 0, 0, 0, 0, 0, 0]"
6221,<SOS>diandra<EOS>    ,girl,"['d', 'i', 'a', 'n', 'd', 'r', 'a']",7,0.0,"[1, 6, 11, 3, 16, 6, 20, 3, 2, 0, 0, 0, 0]"
1838,<SOS>true<EOS>       ,boy,"['t', 'r', 'u', 'e']",4,1.0,"[1, 22, 20, 23, 7, 2, 0, 0, 0, 0, 0, 0, 0]"
6078,<SOS>ashly<EOS>      ,girl,"['a', 's', 'h', 'l', 'y']",5,0.0,"[1, 3, 21, 10, 14, 27, 2, 0, 0, 0, 0, 0, 0]"
243,<SOS>bob<EOS>        ,boy,"['b', 'o', 'b']",3,1.0,"[1, 4, 17, 4, 2, 0, 0, 0, 0, 0, 0, 0, 0]"
2830,<SOS>lukas<EOS>      ,boy,"['l', 'u', 'k', 'a', 's']",5,1.0,"[1, 14, 23, 13, 3, 21, 2, 0, 0, 0, 0, 0, 0]"
5385,<SOS>merrie<EOS>     ,girl,"['m', 'e', 'r', 'r', 'i', 'e']",6,0.0,"[1, 15, 7, 20, 20, 11, 7, 2, 0, 0, 0, 0, 0]"
3153,<SOS>jaylan<EOS>     ,boy,"['j', 'a', 'y', 'l', 'a', 'n']",6,1.0,"[1, 12, 3, 27, 14, 3, 16, 2, 0, 0, 0, 0, 0]"
5782,<SOS>stephany<EOS>   ,girl,"['s', 't', 'e', 'p', 'h', 'a', 'n', 'y']",8,0.0,"[1, 21, 22, 7, 18, 10, 3, 16, 27, 2, 0, 0, 0]"
3072,<SOS>savon<EOS>      ,boy,"['s', 'a', 'v', 'o', 'n']",5,1.0,"[1, 21, 3, 24, 17, 16, 2, 0, 0, 0, 0, 0, 0]"
1812,<SOS>emmons<EOS>     ,boy,"['e', 'm', 'm', 'o', 'n', 's']",6,1.0,"[1, 7, 15, 15, 17, 16, 21, 2, 0, 0, 0, 0, 0]"
3618,<SOS>idella<EOS>     ,girl,"['i', 'd', 'e', 'l', 'l', 'a']",6,0.0,"[1, 11, 6, 7, 14, 14, 3, 2, 0, 0, 0, 0, 0]"
2837,<SOS>andrae<EOS>     ,boy,"['a', 'n', 'd', 'r', 'a', 'e']",6,1.0,"[1, 3, 16, 6, 20, 3, 7, 2, 0, 0, 0, 0, 0]"
2665,<SOS>antwan<EOS>     ,boy,"['a', 'n', 't', 'w', 'a', 'n']",6,1.0,"[1, 3, 16, 22, 25, 3, 16, 2, 0, 0, 0, 0, 0]"
4372,<SOS>vicy<EOS>       ,girl,"['v', 'i', 'c', 'y']",4,0.0,"[1, 24, 11, 5, 27, 2, 0, 0, 0, 0, 0, 0, 0]"
2389,<SOS>dirk<EOS>       ,boy,"['d', 'i', 'r', 'k']",4,1.0,"[1, 6, 11, 20, 13, 2, 0, 0, 0, 0, 0, 0, 0]"
1958,<SOS>arland<EOS>     ,boy,"['a', 'r', 'l', 'a', 'n', 'd']",6,1.0,"[1, 3, 20, 14, 3, 16, 6, 2, 0, 0, 0, 0, 0]"
6429,<SOS>tamia<EOS>      ,girl,"['t', 'a', 'm', 'i', 'a']",5,0.0,"[1, 22, 3, 15, 11, 3, 2, 0, 0, 0, 0, 0, 0]"
3737,<SOS>reba<EOS>       ,girl,"['r', 'e', 'b', 'a']",4,0.0,"[1, 20, 7, 4, 3, 2, 0, 0, 0, 0, 0, 0, 0]"
4758,<SOS>reatha<EOS>     ,girl,"['r', 'e', 'a', 't', 'h', 'a']",6,0.0,"[1, 20, 7, 3, 22, 10, 3, 2, 0, 0, 0, 0, 0]"
2626,<SOS>rico<EOS>       ,boy,"['r', 'i', 'c', 'o']",4,1.0,"[1, 20, 11, 5, 17, 2, 0, 0, 0, 0, 0, 0, 0]"
2164,<SOS>reynaldo<EOS>   ,boy,"['r', 'e', 'y', 'n', 'a', 'l', 'd', 'o']",8,1.0,"[1, 20, 7, 27, 16, 3, 14, 6, 17, 2, 0, 0, 0]"
3265,<SOS>dayne<EOS>      ,boy,"['d', 'a', 'y', 'n', 'e']",5,1.0,"[1, 6, 3, 27, 16, 7, 2, 0, 0, 0, 0, 0, 0]"
5960,<SOS>brittney<EOS>   ,girl,"['b', 'r', 'i', 't', 't', 'n', 'e', 'y']",8,0.0,"[1, 4, 20, 11, 22, 22, 16, 7, 27, 2, 0, 0, 0]"
2570,<SOS>quint<EOS>      ,boy,"['q', 'u', 'i', 'n', 't']",5,1.0,"[1, 19, 23, 11, 16, 22, 2, 0, 0, 0, 0, 0, 0]"
6316,<SOS>aracely<EOS>    ,girl,"['a', 'r', 'a', 'c', 'e', 'l', 'y']",7,0.0,"[1, 3, 20, 3, 5, 7, 14, 27, 2, 0, 0, 0, 0]"
6501,<SOS>jaelyn<EOS>     ,girl,"['j', 'a', 'e', 'l', 'y', 'n']",6,0.0,"[1, 12, 3, 7, 14, 27, 16, 2, 0, 0, 0, 0, 0]"
1586,<SOS>blanche<EOS>    ,boy,"['b', 'l', 'a', 'n', 'c', 'h', 'e']",7,1.0,"[1, 4, 14, 3, 16, 5, 10, 7, 2, 0, 0, 0, 0]"
3906,<SOS>felicia<EOS>    ,girl,"['f', 'e', 'l', 'i', 'c', 'i', 'a']",7,0.0,"[1, 8, 7, 14, 11, 5, 11, 3, 2, 0, 0, 0, 0]"
4455,<SOS>cappie<EOS>     ,girl,"['c', 'a', 'p', 'p', 'i', 'e']",6,0.0,"[1, 5, 3, 18, 18, 11, 7, 2, 0, 0, 0, 0, 0]"
2283,<SOS>sergio<EOS>     ,boy,"['s', 'e', 'r', 'g', 'i', 'o']",6,1.0,"[1, 21, 7, 20, 9, 11, 17, 2, 0, 0, 0, 0, 0]"
3263,<SOS>kamren<EOS>     ,boy,"['k', 'a', 'm', 'r', 'e', 'n']",6,1.0,"[1, 13, 3, 15, 20, 7, 16, 2, 0, 0, 0, 0, 0]"
4884,<SOS>assunta<EOS>    ,girl,"['a', 's', 's', 'u', 'n', 't', 'a']",7,0.0,"[1, 3, 21, 21, 23, 16, 22, 3, 2, 0, 0, 0, 0]"
1882,<SOS>dorris<EOS>     ,boy,"['d', 'o', 'r', 'r', 'i', 's']",6,1.0,"[1, 6, 17, 20, 20, 11, 21, 2, 0, 0, 0, 0, 0]"
874,<SOS>kirk<EOS>       ,boy,"['k', 'i', 'r', 'k']",4,1.0,"[1, 13, 11, 20, 13, 2, 0, 0, 0, 0, 0, 0, 0]"
3869,<SOS>idell<EOS>      ,girl,"['i', 'd', 'e', 'l', 'l']",5,0.0,"[1, 11, 6, 7, 14, 14, 2, 0, 0, 0, 0, 0, 0]"
3692,<SOS>luvenia<EOS>    ,girl,"['l', 'u', 'v', 'e', 'n', 'i', 'a']",7,0.0,"[1, 14, 23, 24, 7, 16, 11, 3, 2, 0, 0, 0, 0]"
451,<SOS>issac<EOS>      ,boy,"['i', 's', 's', 'a', 'c']",5,1.0,"[1, 11, 21, 21, 3, 5, 2, 0, 0, 0, 0, 0, 0]"
1740,<SOS>bethel<EOS>     ,boy,"['b', 'e', 't', 'h', 'e', 'l']",6,1.0,"[1, 4, 7, 22, 10, 7, 14, 2, 0, 0, 0, 0, 0]"
5180,<SOS>shelia<EOS>     ,girl,"['s', 'h', 'e', 'l', 'i', 'a']",6,0.0,"[1, 21, 10, 7, 14, 11, 3, 2, 0, 0, 0, 0, 0]"
4342,<SOS>arah<EOS>       ,girl,"['a', 'r', 'a', 'h']",4,0.0,"[1, 3, 20, 3, 10, 2, 0, 0, 0, 0, 0, 0, 0]"
4606,<SOS>alwine<EOS>     ,girl,"['a', 'l', 'w', 'i', 'n', 'e']",6,0.0,"[1, 3, 14, 25, 11, 16, 7, 2, 0, 0, 0, 0, 0]"
4889,<SOS>stasia<EOS>     ,girl,"['s', 't', 'a', 's', 'i', 'a']",6,0.0,"[1, 21, 22, 3, 21, 11, 3, 2, 0, 0, 0, 0, 0]"
6458,<SOS>dejah<EOS>      ,girl,"['d', 'e', 'j', 'a', 'h']",5,0.0,"[1, 6, 7, 12, 3, 10, 2, 0, 0, 0, 0, 0, 0]"
6142,<SOS>mariel<EOS>     ,girl,"['m', 'a', 'r', 'i', 'e', 'l']",6,0.0,"[1, 15, 3, 20, 11, 7, 14, 2, 0, 0, 0, 0, 0]"
5171,<SOS>simone<EOS>     ,girl,"['s', 'i', 'm', 'o', 'n', 'e']",6,0.0,"[1, 21, 11, 15, 17, 16, 7, 2, 0, 0, 0, 0, 0]"
1512,<SOS>reno<EOS>       ,boy,"['r', 'e', 'n', 'o']",4,1.0,"[1, 20, 7, 16, 17, 2, 0, 0, 0, 0, 0, 0, 0]"
226,<SOS>emery<EOS>      ,boy,"['e', 'm', 'e', 'r', 'y']",5,1.0,"[1, 7, 15, 7, 20, 27, 2, 0, 0, 0, 0, 0, 0]"
5055,<SOS>dianne<EOS>     ,girl,"['d', 'i', 'a', 'n', 'n', 'e']",6,0.0,"[1, 6, 11, 3, 16, 16, 7, 2, 0, 0, 0, 0, 0]"
6386,<SOS>sydnee<EOS>     ,girl,"['s', 'y', 'd', 'n', 'e', 'e']",6,0.0,"[1, 21, 27, 6, 16, 7, 7, 2, 0, 0, 0, 0, 0]"
6186,<SOS>kalyn<EOS>      ,girl,"['k', 'a', 'l', 'y', 'n']",5,0.0,"[1, 13, 3, 14, 27, 16, 2, 0, 0, 0, 0, 0, 0]"
5316,<SOS>erica<EOS>      ,girl,"['e', 'r', 'i', 'c', 'a']",5,0.0,"[1, 7, 20, 11, 5, 3, 2, 0, 0, 0, 0, 0, 0]"
5323,<SOS>dayle<EOS>      ,girl,"['d', 'a', 'y', 'l', 'e']",5,0.0,"[1, 6, 3, 27, 14, 7, 2, 0, 0, 0, 0, 0, 0]"
776,<SOS>hollis<EOS>     ,boy,"['h', 'o', 'l', 'l', 'i', 's']",6,1.0,"[1, 10, 17, 14, 14, 11, 21, 2, 0, 0, 0, 0, 0]"
2207,<SOS>ismael<EOS>     ,boy,"['i', 's', 'm', 'a', 'e', 'l']",6,1.0,"[1, 11, 21, 15, 3, 7, 14, 2, 0, 0, 0, 0, 0]"
6605,<SOS>yoselin<EOS>    ,girl,"['y', 'o', 's', 'e', 'l', 'i', 'n']",7,0.0,"[1, 27, 17, 21, 7, 14, 11, 16, 2, 0, 0, 0, 0]"
6555,<SOS>yamilet<EOS>    ,girl,"['y', 'a', 'm', 'i', 'l', 'e', 't']",7,0.0,"[1, 27, 3, 15, 11, 14, 7, 22, 2, 0, 0, 0, 0]"
5502,<SOS>tamera<EOS>     ,girl,"['t', 'a', 'm', 'e', 'r', 'a']",6,0.0,"[1, 22, 3, 15, 7, 20, 3, 2, 0, 0, 0, 0, 0]"
2535,<SOS>brook<EOS>      ,boy,"['b', 'r', 'o', 'o', 'k']",5,1.0,"[1, 4, 20, 17, 17, 13, 2, 0, 0, 0, 0, 0, 0]"
1207,<SOS>marsh<EOS>      ,boy,"['m', 'a', 'r', 's', 'h']",5,1.0,"[1, 15, 3, 20, 21, 10, 2, 0, 0, 0, 0, 0, 0]"
6077,<SOS>arielle<EOS>    ,girl,"['a', 'r', 'i', 'e', 'l', 'l', 'e']",7,0.0,"[1, 3, 20, 11, 7, 14, 14, 7, 2, 0, 0, 0, 0]"
145,<SOS>maurice<EOS>    ,boy,"['m', 'a', 'u', 'r', 'i', 'c', 'e']",7,1.0,"[1, 15, 3, 23, 20, 11, 5, 7, 2, 0, 0, 0, 0]"
2148,<SOS>kiyoshi<EOS>    ,boy,"['k', 'i', 'y', 'o', 's', 'h', 'i']",7,1.0,"[1, 13, 11, 27, 17, 21, 10, 11, 2, 0, 0, 0, 0]"
321,<SOS>ivan<EOS>       ,boy,"['i', 'v', 'a', 'n']",4,1.0,"[1, 11, 24, 3, 16, 2, 0, 0, 0, 0, 0, 0, 0]"
760,<SOS>clovis<EOS>     ,boy,"['c', 'l', 'o', 'v', 'i', 's']",6,1.0,"[1, 5, 14, 17, 24, 11, 21, 2, 0, 0, 0, 0, 0]"
4142,<SOS>clora<EOS>      ,girl,"['c', 'l', 'o', 'r', 'a']",5,0.0,"[1, 5, 14, 17, 20, 3, 2, 0, 0, 0, 0, 0, 0]"
44,<SOS>martin<EOS>     ,boy,"['m', 'a', 'r', 't', 'i', 'n']",6,1.0,"[1, 15, 3, 20, 22, 11, 16, 2, 0, 0, 0, 0, 0]"
4221,<SOS>sylvania<EOS>   ,girl,"['s', 'y', 'l', 'v', 'a', 'n', 'i', 'a']",8,0.0,"[1, 21, 27, 14, 24, 3, 16, 11, 3, 2, 0, 0, 0]"
1405,<SOS>helmer<EOS>     ,boy,"['h', 'e', 'l', 'm', 'e', 'r']",6,1.0,"[1, 10, 7, 14, 15, 7, 20, 2, 0, 0, 0, 0, 0]"
1401,<SOS>cleon<EOS>      ,boy,"['c', 'l', 'e', 'o', 'n']",5,1.0,"[1, 5, 14, 7, 17, 16, 2, 0, 0, 0, 0, 0, 0]"
6198,<SOS>kaylin<EOS>     ,girl,"['k', 'a', 'y', 'l', 'i', 'n']",6,0.0,"[1, 13, 3, 27, 14, 11, 16, 2, 0, 0, 0, 0, 0]"
3579,<SOS>blanch<EOS>     ,girl,"['b', 'l', 'a', 'n', 'c', 'h']",6,0.0,"[1, 4, 14, 3, 16, 5, 10, 2, 0, 0, 0, 0, 0]"
1035,<SOS>thos<EOS>       ,boy,"['t', 'h', 'o', 's']",4,1.0,"[1, 22, 10, 17, 21, 2, 0, 0, 0, 0, 0, 0, 0]"
2897,<SOS>grayson<EOS>    ,boy,"['g', 'r', 'a', 'y', 's', 'o', 'n']",7,1.0,"[1, 9, 20, 3, 27, 21, 17, 16, 2, 0, 0, 0, 0]"
6618,<SOS>evelin<EOS>     ,girl,"['e', 'v', 'e', 'l', 'i', 'n']",6,0.0,"[1, 7, 24, 7, 14, 11, 16, 2, 0, 0, 0, 0, 0]"
6629,<SOS>riya<EOS>       ,girl,"['r', 'i', 'y', 'a']",4,0.0,"[1, 20, 11, 27, 3, 2, 0, 0, 0, 0, 0, 0, 0]"
3064,<SOS>tyshawn<EOS>    ,boy,"['t', 'y', 's', 'h', 'a', 'w', 'n']",7,1.0,"[1, 22, 27, 21, 10, 3, 25, 16, 2, 0, 0, 0, 0]"
271,<SOS>juan<EOS>       ,boy,"['j', 'u', 'a', 'n']",4,1.0,"[1, 12, 23, 3, 16, 2, 0, 0, 0, 0, 0, 0, 0]"
6381,<SOS>dayana<EOS>     ,girl,"['d', 'a', 'y', 'a', 'n', 'a']",6,0.0,"[1, 6, 3, 27, 3, 16, 3, 2, 0, 0, 0, 0, 0]"
4009,<SOS>nolia<EOS>      ,girl,"['n', 'o', 'l', 'i', 'a']",5,0.0,"[1, 16, 17, 14, 11, 3, 2, 0, 0, 0, 0, 0, 0]"
139,<SOS>silas<EOS>      ,boy,"['s', 'i', 'l', 'a', 's']",5,1.0,"[1, 21, 11, 14, 3, 21, 2, 0, 0, 0, 0, 0, 0]"
1479,<SOS>reason<EOS>     ,boy,"['r', 'e', 'a', 's', 'o', 'n']",6,1.0,"[1, 20, 7, 3, 21, 17, 16, 2, 0, 0, 0, 0, 0]"
2228,<SOS>patricia<EOS>   ,boy,"['p', 'a', 't', 'r', 'i', 'c', 'i', 'a']",8,1.0,"[1, 18, 3, 22, 20, 11, 5, 11, 3, 2, 0, 0, 0]"
3435,<SOS>carsen<EOS>     ,boy,"['c', 'a', 'r', 's', 'e', 'n']",6,1.0,"[1, 5, 3, 20, 21, 7, 16, 2, 0, 0, 0, 0, 0]"
2433,<SOS>theodis<EOS>    ,boy,"['t', 'h', 'e', 'o', 'd', 'i', 's']",7,1.0,"[1, 22, 10, 7, 17, 6, 11, 21, 2, 0, 0, 0, 0]"
959,<SOS>fleming<EOS>    ,boy,"['f', 'l', 'e', 'm', 'i', 'n', 'g']",7,1.0,"[1, 8, 14, 7, 15, 11, 16, 9, 2, 0, 0, 0, 0]"
5723,<SOS>melissia<EOS>   ,girl,"['m', 'e', 'l', 'i', 's', 's', 'i', 'a']",8,0.0,"[1, 15, 7, 14, 11, 21, 21, 11, 3, 2, 0, 0, 0]"
1475,<SOS>norbert<EOS>    ,boy,"['n', 'o', 'r', 'b', 'e', 'r', 't']",7,1.0,"[1, 16, 17, 20, 4, 7, 20, 22, 2, 0, 0, 0, 0]"
2904,<SOS>tavon<EOS>      ,boy,"['t', 'a', 'v', 'o', 'n']",5,1.0,"[1, 22, 3, 24, 17, 16, 2, 0, 0, 0, 0, 0, 0]"
5869,<SOS>chanel<EOS>     ,girl,"['c', 'h', 'a', 'n', 'e', 'l']",6,0.0,"[1, 5, 10, 3, 16, 7, 14, 2, 0, 0, 0, 0, 0]"
1079,<SOS>hurley<EOS>     ,boy,"['h', 'u', 'r', 'l', 'e', 'y']",6,1.0,"[1, 10, 23, 20, 14, 7, 27, 2, 0, 0, 0, 0, 0]"
1687,<SOS>mckinley<EOS>   ,boy,"['m', 'c', 'k', 'i', 'n', 'l', 'e', 'y']",8,1.0,"[1, 15, 5, 13, 11, 16, 14, 7, 27, 2, 0, 0, 0]"
3071,<SOS>devyn<EOS>      ,boy,"['d', 'e', 'v', 'y', 'n']",5,1.0,"[1, 6, 7, 24, 27, 16, 2, 0, 0, 0, 0, 0, 0]"
4623,<SOS>orra<EOS>       ,girl,"['o', 'r', 'r', 'a']",4,0.0,"[1, 17, 20, 20, 3, 2, 0, 0, 0, 0, 0, 0, 0]"
368,<SOS>loren<EOS>      ,boy,"['l', 'o', 'r', 'e', 'n']",5,1.0,"[1, 14, 17, 20, 7, 16, 2, 0, 0, 0, 0, 0, 0]"
810,<SOS>albion<EOS>     ,boy,"['a', 'l', 'b', 'i', 'o', 'n']",6,1.0,"[1, 3, 14, 4, 11, 17, 16, 2, 0, 0, 0, 0, 0]"
5300,<SOS>mickie<EOS>     ,girl,"['m', 'i', 'c', 'k', 'i', 'e']",6,0.0,"[1, 15, 11, 5, 13, 11, 7, 2, 0, 0, 0, 0, 0]"
3605,<SOS>flossie<EOS>    ,girl,"['f', 'l', 'o', 's', 's', 'i', 'e']",7,0.0,"[1, 8, 14, 17, 21, 21, 11, 7, 2, 0, 0, 0, 0]"
5757,<SOS>terra<EOS>      ,girl,"['t', 'e', 'r', 'r', 'a']",5,0.0,"[1, 22, 7, 20, 20, 3, 2, 0, 0, 0, 0, 0, 0]"
4194,<SOS>nita<EOS>       ,girl,"['n', 'i', 't', 'a']",4,0.0,"[1, 16, 11, 22, 3, 2, 0, 0, 0, 0, 0, 0, 0]"
155,<SOS>otis<EOS>       ,boy,"['o', 't', 'i', 's']",4,1.0,"[1, 17, 22, 11, 21, 2, 0, 0, 0, 0, 0, 0, 0]"
2962,<SOS>jaquan<EOS>     ,boy,"['j', 'a', 'q', 'u', 'a', 'n']",6,1.0,"[1, 12, 3, 19, 23, 3, 16, 2, 0, 0, 0, 0, 0]"
2554,<SOS>tyron<EOS>      ,boy,"['t', 'y', 'r', 'o', 'n']",5,1.0,"[1, 22, 27, 20, 17, 16, 2, 0, 0, 0, 0, 0, 0]"
880,<SOS>nellie<EOS>     ,boy,"['n', 'e', 'l', 'l', 'i', 'e']",6,1.0,"[1, 16, 7, 14, 14, 11, 7, 2, 0, 0, 0, 0, 0]"
2616,<SOS>franco<EOS>     ,boy,"['f', 'r', 'a', 'n', 'c', 'o']",6,1.0,"[1, 8, 20, 3, 16, 5, 17, 2, 0, 0, 0, 0, 0]"
2099,<SOS>masao<EOS>      ,boy,"['m', 'a', 's', 'a', 'o']",5,1.0,"[1, 15, 3, 21, 3, 17, 2, 0, 0, 0, 0, 0, 0]"
4094,<SOS>rennie<EOS>     ,girl,"['r', 'e', 'n', 'n', 'i', 'e']",6,0.0,"[1, 20, 7, 16, 16, 11, 7, 2, 0, 0, 0, 0, 0]"
1300,<SOS>delmer<EOS>     ,boy,"['d', 'e', 'l', 'm', 'e', 'r']",6,1.0,"[1, 6, 7, 14, 15, 7, 20, 2, 0, 0, 0, 0, 0]"
2576,<SOS>antonia<EOS>    ,boy,"['a', 'n', 't', 'o', 'n', 'i', 'a']",7,1.0,"[1, 3, 16, 22, 17, 16, 11, 3, 2, 0, 0, 0, 0]"
1993,<SOS>clemence<EOS>   ,boy,"['c', 'l', 'e', 'm', 'e', 'n', 'c', 'e']",8,1.0,"[1, 5, 14, 7, 15, 7, 16, 5, 7, 2, 0, 0, 0]"
4290,<SOS>crissie<EOS>    ,girl,"['c', 'r', 'i', 's', 's', 'i', 'e']",7,0.0,"[1, 5, 20, 11, 21, 21, 11, 7, 2, 0, 0, 0, 0]"
342,<SOS>elza<EOS>       ,boy,"['e', 'l', 'z', 'a']",4,1.0,"[1, 7, 14, 28, 3, 2, 0, 0, 0, 0, 0, 0, 0]"
5724,<SOS>chantal<EOS>    ,girl,"['c', 'h', 'a', 'n', 't', 'a', 'l']",7,0.0,"[1, 5, 10, 3, 16, 22, 3, 14, 2, 0, 0, 0, 0]"
2592,<SOS>michele<EOS>    ,boy,"['m', 'i', 'c', 'h', 'e', 'l', 'e']",7,1.0,"[1, 15, 11, 5, 10, 7, 14, 7, 2, 0, 0, 0, 0]"
4479,<SOS>vira<EOS>       ,girl,"['v', 'i', 'r', 'a']",4,0.0,"[1, 24, 11, 20, 3, 2, 0, 0, 0, 0, 0, 0, 0]"
1350,<SOS>erick<EOS>      ,boy,"['e', 'r', 'i', 'c', 'k']",5,1.0,"[1, 7, 20, 11, 5, 13, 2, 0, 0, 0, 0, 0, 0]"
5595,<SOS>charisse<EOS>   ,girl,"['c', 'h', 'a', 'r', 'i', 's', 's', 'e']",8,0.0,"[1, 5, 10, 3, 20, 11, 21, 21, 7, 2, 0, 0, 0]"
4255,<SOS>neta<EOS>       ,girl,"['n', 'e', 't', 'a']",4,0.0,"[1, 16, 7, 22, 3, 2, 0, 0, 0, 0, 0, 0, 0]"
1565,<SOS>lorenz<EOS>     ,boy,"['l', 'o', 'r', 'e', 'n', 'z']",6,1.0,"[1, 14, 17, 20, 7, 16, 28, 2, 0, 0, 0, 0, 0]"
4279,<SOS>amma<EOS>       ,girl,"['a', 'm', 'm', 'a']",4,0.0,"[1, 3, 15, 15, 3, 2, 0, 0, 0, 0, 0, 0, 0]"
1157,<SOS>nolan<EOS>      ,boy,"['n', 'o', 'l', 'a', 'n']",5,1.0,"[1, 16, 17, 14, 3, 16, 2, 0, 0, 0, 0, 0, 0]"
3837,<SOS>marcia<EOS>     ,girl,"['m', 'a', 'r', 'c', 'i', 'a']",6,0.0,"[1, 15, 3, 20, 5, 11, 3, 2, 0, 0, 0, 0, 0]"
3981,<SOS>golda<EOS>      ,girl,"['g', 'o', 'l', 'd', 'a']",5,0.0,"[1, 9, 17, 14, 6, 3, 2, 0, 0, 0, 0, 0, 0]"
4514,<SOS>beth<EOS>       ,girl,"['b', 'e', 't', 'h']",4,0.0,"[1, 4, 7, 22, 10, 2, 0, 0, 0, 0, 0, 0, 0]"
1905,<SOS>williard<EOS>   ,boy,"['w', 'i', 'l', 'l', 'i', 'a', 'r', 'd']",8,1.0,"[1, 25, 11, 14, 14, 11, 3, 20, 6, 2, 0, 0, 0]"
4354,<SOS>justina<EOS>    ,girl,"['j', 'u', 's', 't', 'i', 'n', 'a']",7,0.0,"[1, 12, 23, 21, 22, 11, 16, 3, 2, 0, 0, 0, 0]"
3856,<SOS>cordia<EOS>     ,girl,"['c', 'o', 'r', 'd', 'i', 'a']",6,0.0,"[1, 5, 17, 20, 6, 11, 3, 2, 0, 0, 0, 0, 0]"
932,<SOS>buck<EOS>       ,boy,"['b', 'u', 'c', 'k']",4,1.0,"[1, 4, 23, 5, 13, 2, 0, 0, 0, 0, 0, 0, 0]"
6603,<SOS>dafne<EOS>      ,girl,"['d', 'a', 'f', 'n', 'e']",5,0.0,"[1, 6, 3, 8, 16, 7, 2, 0, 0, 0, 0, 0, 0]"
1912,<SOS>baker<EOS>      ,boy,"['b', 'a', 'k', 'e', 'r']",5,1.0,"[1, 4, 3, 13, 7, 20, 2, 0, 0, 0, 0, 0, 0]"
3217,<SOS>tyreke<EOS>     ,boy,"['t', 'y', 'r', 'e', 'k', 'e']",6,1.0,"[1, 22, 27, 20, 7, 13, 7, 2, 0, 0, 0, 0, 0]"
1706,<SOS>almus<EOS>      ,boy,"['a', 'l', 'm', 'u', 's']",5,1.0,"[1, 3, 14, 15, 23, 21, 2, 0, 0, 0, 0, 0, 0]"
3686,<SOS>tessie<EOS>     ,girl,"['t', 'e', 's', 's', 'i', 'e']",6,0.0,"[1, 22, 7, 21, 21, 11, 7, 2, 0, 0, 0, 0, 0]"
4986,<SOS>marylouise<EOS> ,girl,"['m', 'a', 'r', 'y', 'l', 'o', 'u', 'i', 's', 'e']",10,0.0,"[1, 15, 3, 20, 27, 14, 17, 23, 11, 21, 7, 2, 0]"
3178,<SOS>keandre<EOS>    ,boy,"['k', 'e', 'a', 'n', 'd', 'r', 'e']",7,1.0,"[1, 13, 7, 3, 16, 6, 20, 7, 2, 0, 0, 0, 0]"
163,<SOS>virgil<EOS>     ,boy,"['v', 'i', 'r', 'g', 'i', 'l']",6,1.0,"[1, 24, 11, 20, 9, 11, 14, 2, 0, 0, 0, 0, 0]"
3300,<SOS>malakai<EOS>    ,boy,"['m', 'a', 'l', 'a', 'k', 'a', 'i']",7,1.0,"[1, 15, 3, 14, 3, 13, 3, 11, 2, 0, 0, 0, 0]"
1674,<SOS>buell<EOS>      ,boy,"['b', 'u', 'e', 'l', 'l']",5,1.0,"[1, 4, 23, 7, 14, 14, 2, 0, 0, 0, 0, 0, 0]"
4872,<SOS>vivienne<EOS>   ,girl,"['v', 'i', 'v', 'i', 'e', 'n', 'n', 'e']",8,0.0,"[1, 24, 11, 24, 11, 7, 16, 16, 7, 2, 0, 0, 0]"
2809,<SOS>lydell<EOS>     ,boy,"['l', 'y', 'd', 'e', 'l', 'l']",6,1.0,"[1, 14, 27, 6, 7, 14, 14, 2, 0, 0, 0, 0, 0]"
4076,<SOS>mahalia<EOS>    ,girl,"['m', 'a', 'h', 'a', 'l', 'i', 'a']",7,0.0,"[1, 15, 3, 10, 3, 14, 11, 3, 2, 0, 0, 0, 0]"
3734,<SOS>mettie<EOS>     ,girl,"['m', 'e', 't', 't', 'i', 'e']",6,0.0,"[1, 15, 7, 22, 22, 11, 7, 2, 0, 0, 0, 0, 0]"
6023,<SOS>perla<EOS>      ,girl,"['p', 'e', 'r', 'l', 'a']",5,0.0,"[1, 18, 7, 20, 14, 3, 2, 0, 0, 0, 0, 0, 0]"
2572,<SOS>trey<EOS>       ,boy,"['t', 'r', 'e', 'y']",4,1.0,"[1, 22, 20, 7, 27, 2, 0, 0, 0, 0, 0, 0, 0]"
3889,<SOS>zoa<EOS>        ,girl,"['z', 'o', 'a']",3,0.0,"[1, 28, 17, 3, 2, 0, 0, 0, 0, 0, 0, 0, 0]"
5621,<SOS>daneen<EOS>     ,girl,"['d', 'a', 'n', 'e', 'e', 'n']",6,0.0,"[1, 6, 3, 16, 7, 7, 16, 2, 0, 0, 0, 0, 0]"
605,<SOS>billie<EOS>     ,boy,"['b', 'i', 'l', 'l', 'i', 'e']",6,1.0,"[1, 4, 11, 14, 14, 11, 7, 2, 0, 0, 0, 0, 0]"
62,<SOS>otto<EOS>       ,boy,"['o', 't', 't', 'o']",4,1.0,"[1, 17, 22, 22, 17, 2, 0, 0, 0, 0, 0, 0, 0]"
5517,<SOS>tia<EOS>        ,girl,"['t', 'i', 'a']",3,0.0,"[1, 22, 11, 3, 2, 0, 0, 0, 0, 0, 0, 0, 0]"
546,<SOS>lem<EOS>        ,boy,"['l', 'e', 'm']",3,1.0,"[1, 14, 7, 15, 2, 0, 0, 0, 0, 0, 0, 0, 0]"
184,<SOS>ross<EOS>       ,boy,"['r', 'o', 's', 's']",4,1.0,"[1, 20, 17, 21, 21, 2, 0, 0, 0, 0, 0, 0, 0]"
2885,<SOS>cassidy<EOS>    ,boy,"['c', 'a', 's', 's', 'i', 'd', 'y']",7,1.0,"[1, 5, 3, 21, 21, 11, 6, 27, 2, 0, 0, 0, 0]"
5288,<SOS>pamala<EOS>     ,girl,"['p', 'a', 'm', 'a', 'l', 'a']",6,0.0,"[1, 18, 3, 15, 3, 14, 3, 2, 0, 0, 0, 0, 0]"
4217,<SOS>rettie<EOS>     ,girl,"['r', 'e', 't', 't', 'i', 'e']",6,0.0,"[1, 20, 7, 22, 22, 11, 7, 2, 0, 0, 0, 0, 0]"
3187,<SOS>savion<EOS>     ,boy,"['s', 'a', 'v', 'i', 'o', 'n']",6,1.0,"[1, 21, 3, 24, 11, 17, 16, 2, 0, 0, 0, 0, 0]"
1691,<SOS>claudius<EOS>   ,boy,"['c', 'l', 'a', 'u', 'd', 'i', 'u', 's']",8,1.0,"[1, 5, 14, 3, 23, 6, 11, 23, 21, 2, 0, 0, 0]"
2894,<SOS>crystal<EOS>    ,boy,"['c', 'r', 'y', 's', 't', 'a', 'l']",7,1.0,"[1, 5, 20, 27, 21, 22, 3, 14, 2, 0, 0, 0, 0]"
5774,<SOS>serina<EOS>     ,girl,"['s', 'e', 'r', 'i', 'n', 'a']",6,0.0,"[1, 21, 7, 20, 11, 16, 3, 2, 0, 0, 0, 0, 0]"
6602,<SOS>annabella<EOS>  ,girl,"['a', 'n', 'n', 'a', 'b', 'e', 'l', 'l', 'a']",9,0.0,"[1, 3, 16, 16, 3, 4, 7, 14, 14, 3, 2, 0, 0]"
3392,<SOS>case<EOS>       ,boy,"['c', 'a', 's', 'e']",4,1.0,"[1, 5, 3, 21, 7, 2, 0, 0, 0, 0, 0, 0, 0]"
4860,<SOS>alease<EOS>     ,girl,"['a', 'l', 'e', 'a', 's', 'e']",6,0.0,"[1, 3, 14, 7, 3, 21, 7, 2, 0, 0, 0, 0, 0]"
5958,<SOS>latesha<EOS>    ,girl,"['l', 'a', 't', 'e', 's', 'h', 'a']",7,0.0,"[1, 14, 3, 22, 7, 21, 10, 3, 2, 0, 0, 0, 0]"
87,<SOS>rufus<EOS>      ,boy,"['r', 'u', 'f', 'u', 's']",5,1.0,"[1, 20, 23, 8, 23, 21, 2, 0, 0, 0, 0, 0, 0]"
3752,<SOS>lenore<EOS>     ,girl,"['l', 'e', 'n', 'o', 'r', 'e']",6,0.0,"[1, 14, 7, 16, 17, 20, 7, 2, 0, 0, 0, 0, 0]"
1531,<SOS>laurie<EOS>     ,boy,"['l', 'a', 'u', 'r', 'i', 'e']",6,1.0,"[1, 14, 3, 23, 20, 11, 7, 2, 0, 0, 0, 0, 0]"
5382,<SOS>mara<EOS>       ,girl,"['m', 'a', 'r', 'a']",4,0.0,"[1, 15, 3, 20, 3, 2, 0, 0, 0, 0, 0, 0, 0]"
1015,<SOS>ocie<EOS>       ,boy,"['o', 'c', 'i', 'e']",4,1.0,"[1, 17, 5, 11, 7, 2, 0, 0, 0, 0, 0, 0, 0]"
3467,<SOS>estelle<EOS>    ,girl,"['e', 's', 't', 'e', 'l', 'l', 'e']",7,0.0,"[1, 7, 21, 22, 7, 14, 14, 7, 2, 0, 0, 0, 0]"
1306,<SOS>miner<EOS>      ,boy,"['m', 'i', 'n', 'e', 'r']",5,1.0,"[1, 15, 11, 16, 7, 20, 2, 0, 0, 0, 0, 0, 0]"
2851,<SOS>kai<EOS>        ,boy,"['k', 'a', 'i']",3,1.0,"[1, 13, 3, 11, 2, 0, 0, 0, 0, 0, 0, 0, 0]"
4577,<SOS>sigrid<EOS>     ,girl,"['s', 'i', 'g', 'r', 'i', 'd']",6,0.0,"[1, 21, 11, 9, 20, 11, 6, 2, 0, 0, 0, 0, 0]"
374,<SOS>elliott<EOS>    ,boy,"['e', 'l', 'l', 'i', 'o', 't', 't']",7,1.0,"[1, 7, 14, 14, 11, 17, 22, 22, 2, 0, 0, 0, 0]"
3777,<SOS>queenie<EOS>    ,girl,"['q', 'u', 'e', 'e', 'n', 'i', 'e']",7,0.0,"[1, 19, 23, 7, 7, 16, 11, 7, 2, 0, 0, 0, 0]"
3491,<SOS>ina<EOS>        ,girl,"['i', 'n', 'a']",3,0.0,"[1, 11, 16, 3, 2, 0, 0, 0, 0, 0, 0, 0, 0]"
2017,<SOS>arne<EOS>       ,boy,"['a', 'r', 'n', 'e']",4,1.0,"[1, 3, 20, 16, 7, 2, 0, 0, 0, 0, 0, 0, 0]"
2827,<SOS>kody<EOS>       ,boy,"['k', 'o', 'd', 'y']",4,1.0,"[1, 13, 17, 6, 27, 2, 0, 0, 0, 0, 0, 0, 0]"
920,<SOS>babe<EOS>       ,boy,"['b', 'a', 'b', 'e']",4,1.0,"[1, 4, 3, 4, 7, 2, 0, 0, 0, 0, 0, 0, 0]"
5041,<SOS>earlean<EOS>    ,girl,"['e', 'a', 'r', 'l', 'e', 'a', 'n']",7,0.0,"[1, 7, 3, 20, 14, 7, 3, 16, 2, 0, 0, 0, 0]"
4411,<SOS>matilde<EOS>    ,girl,"['m', 'a', 't', 'i', 'l', 'd', 'e']",7,0.0,"[1, 15, 3, 22, 11, 14, 6, 7, 2, 0, 0, 0, 0]"
5547,<SOS>tonja<EOS>      ,girl,"['t', 'o', 'n', 'j', 'a']",5,0.0,"[1, 22, 17, 16, 12, 3, 2, 0, 0, 0, 0, 0, 0]"
1568,<SOS>ethelbert<EOS>  ,boy,"['e', 't', 'h', 'e', 'l', 'b', 'e', 'r', 't']",9,1.0,"[1, 7, 22, 10, 7, 14, 4, 7, 20, 22, 2, 0, 0]"
686,<SOS>berton<EOS>     ,boy,"['b', 'e', 'r', 't', 'o', 'n']",6,1.0,"[1, 4, 7, 20, 22, 17, 16, 2, 0, 0, 0, 0, 0]"
488,<SOS>dorsey<EOS>     ,boy,"['d', 'o', 'r', 's', 'e', 'y']",6,1.0,"[1, 6, 17, 20, 21, 7, 27, 2, 0, 0, 0, 0, 0]"
5346,<SOS>debora<EOS>     ,girl,"['d', 'e', 'b', 'o', 'r', 'a']",6,0.0,"[1, 6, 7, 4, 17, 20, 3, 2, 0, 0, 0, 0, 0]"
1191,<SOS>may<EOS>        ,boy,"['m', 'a', 'y']",3,1.0,"[1, 15, 3, 27, 2, 0, 0, 0, 0, 0, 0, 0, 0]"
132,<SOS>norman<EOS>     ,boy,"['n', 'o', 'r', 'm', 'a', 'n']",6,1.0,"[1, 16, 17, 20, 15, 3, 16, 2, 0, 0, 0, 0, 0]"
3129,<SOS>rohan<EOS>      ,boy,"['r', 'o', 'h', 'a', 'n']",5,1.0,"[1, 20, 17, 10, 3, 16, 2, 0, 0, 0, 0, 0, 0]"
4433,<SOS>elfie<EOS>      ,girl,"['e', 'l', 'f', 'i', 'e']",5,0.0,"[1, 7, 14, 8, 11, 7, 2, 0, 0, 0, 0, 0, 0]"
1468,<SOS>josephine<EOS>  ,boy,"['j', 'o', 's', 'e', 'p', 'h', 'i', 'n', 'e']",9,1.0,"[1, 12, 17, 21, 7, 18, 10, 11, 16, 7, 2, 0, 0]"
4052,<SOS>etter<EOS>      ,girl,"['e', 't', 't', 'e', 'r']",5,0.0,"[1, 7, 22, 22, 7, 20, 2, 0, 0, 0, 0, 0, 0]"
3797,<SOS>juliet<EOS>     ,girl,"['j', 'u', 'l', 'i', 'e', 't']",6,0.0,"[1, 12, 23, 14, 11, 7, 22, 2, 0, 0, 0, 0, 0]"
3917,<SOS>leanna<EOS>     ,girl,"['l', 'e', 'a', 'n', 'n', 'a']",6,0.0,"[1, 14, 7, 3, 16, 16, 3, 2, 0, 0, 0, 0, 0]"
3661,<SOS>zelma<EOS>      ,girl,"['z', 'e', 'l', 'm', 'a']",5,0.0,"[1, 28, 7, 14, 15, 3, 2, 0, 0, 0, 0, 0, 0]"
6258,<SOS>lizeth<EOS>     ,girl,"['l', 'i', 'z', 'e', 't', 'h']",6,0.0,"[1, 14, 11, 28, 7, 22, 10, 2, 0, 0, 0, 0, 0]"
5841,<SOS>bree<EOS>       ,girl,"['b', 'r', 'e', 'e']",4,0.0,"[1, 4, 20, 7, 7, 2, 0, 0, 0, 0, 0, 0, 0]"
858,<SOS>gustaf<EOS>     ,boy,"['g', 'u', 's', 't', 'a', 'f']",6,1.0,"[1, 9, 23, 21, 22, 3, 8, 2, 0, 0, 0, 0, 0]"
1429,<SOS>aleck<EOS>      ,boy,"['a', 'l', 'e', 'c', 'k']",5,1.0,"[1, 3, 14, 7, 5, 13, 2, 0, 0, 0, 0, 0, 0]"
2105,<SOS>gennaro<EOS>    ,boy,"['g', 'e', 'n', 'n', 'a', 'r', 'o']",7,1.0,"[1, 9, 7, 16, 16, 3, 20, 17, 2, 0, 0, 0, 0]"
4348,<SOS>elizbeth<EOS>   ,girl,"['e', 'l', 'i', 'z', 'b', 'e', 't', 'h']",8,0.0,"[1, 7, 14, 11, 28, 4, 7, 22, 10, 2, 0, 0, 0]"
2452,<SOS>debra<EOS>      ,boy,"['d', 'e', 'b', 'r', 'a']",5,1.0,"[1, 6, 7, 4, 20, 3, 2, 0, 0, 0, 0, 0, 0]"
411,<SOS>isom<EOS>       ,boy,"['i', 's', 'o', 'm']",4,1.0,"[1, 11, 21, 17, 15, 2, 0, 0, 0, 0, 0, 0, 0]"
748,<SOS>arlie<EOS>      ,boy,"['a', 'r', 'l', 'i', 'e']",5,1.0,"[1, 3, 20, 14, 11, 7, 2, 0, 0, 0, 0, 0, 0]"
361,<SOS>wilber<EOS>     ,boy,"['w', 'i', 'l', 'b', 'e', 'r']",6,1.0,"[1, 25, 11, 14, 4, 7, 20, 2, 0, 0, 0, 0, 0]"
5247,<SOS>cheri<EOS>      ,girl,"['c', 'h', 'e', 'r', 'i']",5,0.0,"[1, 5, 10, 7, 20, 11, 2, 0, 0, 0, 0, 0, 0]"
3585,<SOS>annette<EOS>    ,girl,"['a', 'n', 'n', 'e', 't', 't', 'e']",7,0.0,"[1, 3, 16, 16, 7, 22, 22, 7, 2, 0, 0, 0, 0]"
1961,<SOS>johney<EOS>     ,boy,"['j', 'o', 'h', 'n', 'e', 'y']",6,1.0,"[1, 12, 17, 10, 16, 7, 27, 2, 0, 0, 0, 0, 0]"
5249,<SOS>phyliss<EOS>    ,girl,"['p', 'h', 'y', 'l', 'i', 's', 's']",7,0.0,"[1, 18, 10, 27, 14, 11, 21, 21, 2, 0, 0, 0, 0]"
1166,<SOS>roll<EOS>       ,boy,"['r', 'o', 'l', 'l']",4,1.0,"[1, 20, 17, 14, 14, 2, 0, 0, 0, 0, 0, 0, 0]"
2906,<SOS>deonte<EOS>     ,boy,"['d', 'e', 'o', 'n', 't', 'e']",6,1.0,"[1, 6, 7, 17, 16, 22, 7, 2, 0, 0, 0, 0, 0]"
20,<SOS>charlie<EOS>    ,boy,"['c', 'h', 'a', 'r', 'l', 'i', 'e']",7,1.0,"[1, 5, 10, 3, 20, 14, 11, 7, 2, 0, 0, 0, 0]"
5690,<SOS>keisha<EOS>     ,girl,"['k', 'e', 'i', 's', 'h', 'a']",6,0.0,"[1, 13, 7, 11, 21, 10, 3, 2, 0, 0, 0, 0, 0]"
1010,<SOS>dolph<EOS>      ,boy,"['d', 'o', 'l', 'p', 'h']",5,1.0,"[1, 6, 17, 14, 18, 10, 2, 0, 0, 0, 0, 0, 0]"
2484,<SOS>brion<EOS>      ,boy,"['b', 'r', 'i', 'o', 'n']",5,1.0,"[1, 4, 20, 11, 17, 16, 2, 0, 0, 0, 0, 0, 0]"
320,<SOS>benjiman<EOS>   ,boy,"['b', 'e', 'n', 'j', 'i', 'm', 'a', 'n']",8,1.0,"[1, 4, 7, 16, 12, 11, 15, 3, 16, 2, 0, 0, 0]"
710,<SOS>huston<EOS>     ,boy,"['h', 'u', 's', 't', 'o', 'n']",6,1.0,"[1, 10, 23, 21, 22, 17, 16, 2, 0, 0, 0, 0, 0]"
6531,<SOS>abigale<EOS>    ,girl,"['a', 'b', 'i', 'g', 'a', 'l', 'e']",7,0.0,"[1, 3, 4, 11, 9, 3, 14, 7, 2, 0, 0, 0, 0]"
5708,<SOS>tiffani<EOS>    ,girl,"['t', 'i', 'f', 'f', 'a', 'n', 'i']",7,0.0,"[1, 22, 11, 8, 8, 3, 16, 11, 2, 0, 0, 0, 0]"
3367,<SOS>finnegan<EOS>   ,boy,"['f', 'i', 'n', 'n', 'e', 'g', 'a', 'n']",8,1.0,"[1, 8, 11, 16, 16, 7, 9, 3, 16, 2, 0, 0, 0]"
2821,<SOS>kenji<EOS>      ,boy,"['k', 'e', 'n', 'j', 'i']",5,1.0,"[1, 13, 7, 16, 12, 11, 2, 0, 0, 0, 0, 0, 0]"
4415,<SOS>berenice<EOS>   ,girl,"['b', 'e', 'r', 'e', 'n', 'i', 'c', 'e']",8,0.0,"[1, 4, 7, 20, 7, 16, 11, 5, 7, 2, 0, 0, 0]"
6340,<SOS>lexus<EOS>      ,girl,"['l', 'e', 'x', 'u', 's']",5,0.0,"[1, 14, 7, 26, 23, 21, 2, 0, 0, 0, 0, 0, 0]"
1952,<SOS>pate<EOS>       ,boy,"['p', 'a', 't', 'e']",4,1.0,"[1, 18, 3, 22, 7, 2, 0, 0, 0, 0, 0, 0, 0]"
60,<SOS>edgar<EOS>      ,boy,"['e', 'd', 'g', 'a', 'r']",5,1.0,"[1, 7, 6, 9, 3, 20, 2, 0, 0, 0, 0, 0, 0]"
3643,<SOS>susanna<EOS>    ,girl,"['s', 'u', 's', 'a', 'n', 'n', 'a']",7,0.0,"[1, 21, 23, 21, 3, 16, 16, 3, 2, 0, 0, 0, 0]"
711,<SOS>ida<EOS>        ,boy,"['i', 'd', 'a']",3,1.0,"[1, 11, 6, 3, 2, 0, 0, 0, 0, 0, 0, 0, 0]"
5905,<SOS>tamekia<EOS>    ,girl,"['t', 'a', 'm', 'e', 'k', 'i', 'a']",7,0.0,"[1, 22, 3, 15, 7, 13, 11, 3, 2, 0, 0, 0, 0]"
2423,<SOS>erasmo<EOS>     ,boy,"['e', 'r', 'a', 's', 'm', 'o']",6,1.0,"[1, 7, 20, 3, 21, 15, 17, 2, 0, 0, 0, 0, 0]"
4596,<SOS>orelia<EOS>     ,girl,"['o', 'r', 'e', 'l', 'i', 'a']",6,0.0,"[1, 17, 20, 7, 14, 11, 3, 2, 0, 0, 0, 0, 0]"
4222,<SOS>tilla<EOS>      ,girl,"['t', 'i', 'l', 'l', 'a']",5,0.0,"[1, 22, 11, 14, 14, 3, 2, 0, 0, 0, 0, 0, 0]"
6716,<SOS>khloe<EOS>      ,girl,"['k', 'h', 'l', 'o', 'e']",5,0.0,"[1, 13, 10, 14, 17, 7, 2, 0, 0, 0, 0, 0, 0]"
5916,<SOS>alina<EOS>      ,girl,"['a', 'l', 'i', 'n', 'a']",5,0.0,"[1, 3, 14, 11, 16, 3, 2, 0, 0, 0, 0, 0, 0]"
1311,<SOS>bryan<EOS>      ,boy,"['b', 'r', 'y', 'a', 'n']",5,1.0,"[1, 4, 20, 27, 3, 16, 2, 0, 0, 0, 0, 0, 0]"
6050,<SOS>toccara<EOS>    ,girl,"['t', 'o', 'c', 'c', 'a', 'r', 'a']",7,0.0,"[1, 22, 17, 5, 5, 3, 20, 3, 2, 0, 0, 0, 0]"
2220,<SOS>kenny<EOS>      ,boy,"['k', 'e', 'n', 'n', 'y']",5,1.0,"[1, 13, 7, 16, 16, 27, 2, 0, 0, 0, 0, 0, 0]"
4907,<SOS>kathlyn<EOS>    ,girl,"['k', 'a', 't', 'h', 'l', 'y', 'n']",7,0.0,"[1, 13, 3, 22, 10, 14, 27, 16, 2, 0, 0, 0, 0]"
667,<SOS>maxwell<EOS>    ,boy,"['m', 'a', 'x', 'w', 'e', 'l', 'l']",7,1.0,"[1, 15, 3, 26, 25, 7, 14, 14, 2, 0, 0, 0, 0]"
3045,<SOS>deante<EOS>     ,boy,"['d', 'e', 'a', 'n', 't', 'e']",6,1.0,"[1, 6, 7, 3, 16, 22, 7, 2, 0, 0, 0, 0, 0]"
2807,<SOS>rian<EOS>       ,boy,"['r', 'i', 'a', 'n']",4,1.0,"[1, 20, 11, 3, 16, 2, 0, 0, 0, 0, 0, 0, 0]"
1805,<SOS>oddie<EOS>      ,boy,"['o', 'd', 'd', 'i', 'e']",5,1.0,"[1, 17, 6, 6, 11, 7, 2, 0, 0, 0, 0, 0, 0]"
1256,<SOS>wenzel<EOS>     ,boy,"['w', 'e', 'n', 'z', 'e', 'l']",6,1.0,"[1, 25, 7, 16, 28, 7, 14, 2, 0, 0, 0, 0, 0]"
2921,<SOS>maximilian<EOS> ,boy,"['m', 'a', 'x', 'i', 'm', 'i', 'l', 'i', 'a', 'n']",10,1.0,"[1, 15, 3, 26, 11, 15, 11, 14, 11, 3, 16, 2, 0]"
3440,<SOS>etta<EOS>       ,girl,"['e', 't', 't', 'a']",4,0.0,"[1, 7, 22, 22, 3, 2, 0, 0, 0, 0, 0, 0, 0]"
2012,<SOS>fredie<EOS>     ,boy,"['f', 'r', 'e', 'd', 'i', 'e']",6,1.0,"[1, 8, 20, 7, 6, 11, 7, 2, 0, 0, 0, 0, 0]"
4077,<SOS>manervia<EOS>   ,girl,"['m', 'a', 'n', 'e', 'r', 'v', 'i', 'a']",8,0.0,"[1, 15, 3, 16, 7, 20, 24, 11, 3, 2, 0, 0, 0]"
5969,<SOS>shawnna<EOS>    ,girl,"['s', 'h', 'a', 'w', 'n', 'n', 'a']",7,0.0,"[1, 21, 10, 3, 25, 16, 16, 3, 2, 0, 0, 0, 0]"
6049,<SOS>alexia<EOS>     ,girl,"['a', 'l', 'e', 'x', 'i', 'a']",6,0.0,"[1, 3, 14, 7, 26, 11, 3, 2, 0, 0, 0, 0, 0]"
4441,<SOS>luberta<EOS>    ,girl,"['l', 'u', 'b', 'e', 'r', 't', 'a']",7,0.0,"[1, 14, 23, 4, 7, 20, 22, 3, 2, 0, 0, 0, 0]"
3996,<SOS>louetta<EOS>    ,girl,"['l', 'o', 'u', 'e', 't', 't', 'a']",7,0.0,"[1, 14, 17, 23, 7, 22, 22, 3, 2, 0, 0, 0, 0]"
737,<SOS>shelby<EOS>     ,boy,"['s', 'h', 'e', 'l', 'b', 'y']",6,1.0,"[1, 21, 10, 7, 14, 4, 27, 2, 0, 0, 0, 0, 0]"
5312,<SOS>meryl<EOS>      ,girl,"['m', 'e', 'r', 'y', 'l']",5,0.0,"[1, 15, 7, 20, 27, 14, 2, 0, 0, 0, 0, 0, 0]"
2193,<SOS>lindbergh<EOS>  ,boy,"['l', 'i', 'n', 'd', 'b', 'e', 'r', 'g', 'h']",9,1.0,"[1, 14, 11, 16, 6, 4, 7, 20, 9, 10, 2, 0, 0]"
2709,<SOS>demond<EOS>     ,boy,"['d', 'e', 'm', 'o', 'n', 'd']",6,1.0,"[1, 6, 7, 15, 17, 16, 6, 2, 0, 0, 0, 0, 0]"
1981,<SOS>marty<EOS>      ,boy,"['m', 'a', 'r', 't', 'y']",5,1.0,"[1, 15, 3, 20, 22, 27, 2, 0, 0, 0, 0, 0, 0]"
5663,<SOS>gidget<EOS>     ,girl,"['g', 'i', 'd', 'g', 'e', 't']",6,0.0,"[1, 9, 11, 6, 9, 7, 22, 2, 0, 0, 0, 0, 0]"
3720,<SOS>aimee<EOS>      ,girl,"['a', 'i', 'm', 'e', 'e']",5,0.0,"[1, 3, 11, 15, 7, 7, 2, 0, 0, 0, 0, 0, 0]"
3303,<SOS>santino<EOS>    ,boy,"['s', 'a', 'n', 't', 'i', 'n', 'o']",7,1.0,"[1, 21, 3, 16, 22, 11, 16, 17, 2, 0, 0, 0, 0]"
4955,<SOS>socorro<EOS>    ,girl,"['s', 'o', 'c', 'o', 'r', 'r', 'o']",7,0.0,"[1, 21, 17, 5, 17, 20, 20, 17, 2, 0, 0, 0, 0]"
3254,<SOS>sabastian<EOS>  ,boy,"['s', 'a', 'b', 'a', 's', 't', 'i', 'a', 'n']",9,1.0,"[1, 21, 3, 4, 3, 21, 22, 11, 3, 16, 2, 0, 0]"
4649,<SOS>bernardine<EOS> ,girl,"['b', 'e', 'r', 'n', 'a', 'r', 'd', 'i', 'n', 'e']",10,0.0,"[1, 4, 7, 20, 16, 3, 20, 6, 11, 16, 7, 2, 0]"
4066,<SOS>lella<EOS>      ,girl,"['l', 'e', 'l', 'l', 'a']",5,0.0,"[1, 14, 7, 14, 14, 3, 2, 0, 0, 0, 0, 0, 0]"
800,<SOS>toney<EOS>      ,boy,"['t', 'o', 'n', 'e', 'y']",5,1.0,"[1, 22, 17, 16, 7, 27, 2, 0, 0, 0, 0, 0, 0]"
3577,<SOS>irma<EOS>       ,girl,"['i', 'r', 'm', 'a']",4,0.0,"[1, 11, 20, 15, 3, 2, 0, 0, 0, 0, 0, 0, 0]"
6315,<SOS>bria<EOS>       ,girl,"['b', 'r', 'i', 'a']",4,0.0,"[1, 4, 20, 11, 3, 2, 0, 0, 0, 0, 0, 0, 0]"
3816,<SOS>annabelle<EOS>  ,girl,"['a', 'n', 'n', 'a', 'b', 'e', 'l', 'l', 'e']",9,0.0,"[1, 3, 16, 16, 3, 4, 7, 14, 14, 7, 2, 0, 0]"
5023,<SOS>illa<EOS>       ,girl,"['i', 'l', 'l', 'a']",4,0.0,"[1, 11, 14, 14, 3, 2, 0, 0, 0, 0, 0, 0, 0]"
1801,<SOS>kurt<EOS>       ,boy,"['k', 'u', 'r', 't']",4,1.0,"[1, 13, 23, 20, 22, 2, 0, 0, 0, 0, 0, 0, 0]"
5640,<SOS>shanda<EOS>     ,girl,"['s', 'h', 'a', 'n', 'd', 'a']",6,0.0,"[1, 21, 10, 3, 16, 6, 3, 2, 0, 0, 0, 0, 0]"
246,<SOS>jackson<EOS>    ,boy,"['j', 'a', 'c', 'k', 's', 'o', 'n']",7,1.0,"[1, 12, 3, 5, 13, 21, 17, 16, 2, 0, 0, 0, 0]"
4881,<SOS>felice<EOS>     ,girl,"['f', 'e', 'l', 'i', 'c', 'e']",6,0.0,"[1, 8, 7, 14, 11, 5, 7, 2, 0, 0, 0, 0, 0]"
1959,<SOS>buren<EOS>      ,boy,"['b', 'u', 'r', 'e', 'n']",5,1.0,"[1, 4, 23, 20, 7, 16, 2, 0, 0, 0, 0, 0, 0]"
482,<SOS>alma<EOS>       ,boy,"['a', 'l', 'm', 'a']",4,1.0,"[1, 3, 14, 15, 3, 2, 0, 0, 0, 0, 0, 0, 0]"
1831,<SOS>lea<EOS>        ,boy,"['l', 'e', 'a']",3,1.0,"[1, 14, 7, 3, 2, 0, 0, 0, 0, 0, 0, 0, 0]"
5827,<SOS>lakeisha<EOS>   ,girl,"['l', 'a', 'k', 'e', 'i', 's', 'h', 'a']",8,0.0,"[1, 14, 3, 13, 7, 11, 21, 10, 3, 2, 0, 0, 0]"
467,<SOS>dell<EOS>       ,boy,"['d', 'e', 'l', 'l']",4,1.0,"[1, 6, 7, 14, 14, 2, 0, 0, 0, 0, 0, 0, 0]"
4127,<SOS>avie<EOS>       ,girl,"['a', 'v', 'i', 'e']",4,0.0,"[1, 3, 24, 11, 7, 2, 0, 0, 0, 0, 0, 0, 0]"
1552,<SOS>christy<EOS>    ,boy,"['c', 'h', 'r', 'i', 's', 't', 'y']",7,1.0,"[1, 5, 10, 20, 11, 21, 22, 27, 2, 0, 0, 0, 0]"
1521,<SOS>fern<EOS>       ,boy,"['f', 'e', 'r', 'n']",4,1.0,"[1, 8, 7, 20, 16, 2, 0, 0, 0, 0, 0, 0, 0]"
323,<SOS>major<EOS>      ,boy,"['m', 'a', 'j', 'o', 'r']",5,1.0,"[1, 15, 3, 12, 17, 20, 2, 0, 0, 0, 0, 0, 0]"
4826,<SOS>doretha<EOS>    ,girl,"['d', 'o', 'r', 'e', 't', 'h', 'a']",7,0.0,"[1, 6, 17, 20, 7, 22, 10, 3, 2, 0, 0, 0, 0]"
4419,<SOS>florine<EOS>    ,girl,"['f', 'l', 'o', 'r', 'i', 'n', 'e']",7,0.0,"[1, 8, 14, 17, 20, 11, 16, 7, 2, 0, 0, 0, 0]"
4756,<SOS>delsie<EOS>     ,girl,"['d', 'e', 'l', 's', 'i', 'e']",6,0.0,"[1, 6, 7, 14, 21, 11, 7, 2, 0, 0, 0, 0, 0]"
1396,<SOS>thurston<EOS>   ,boy,"['t', 'h', 'u', 'r', 's', 't', 'o', 'n']",8,1.0,"[1, 22, 10, 23, 20, 21, 22, 17, 16, 2, 0, 0, 0]"
5370,<SOS>candyce<EOS>    ,girl,"['c', 'a', 'n', 'd', 'y', 'c', 'e']",7,0.0,"[1, 5, 3, 16, 6, 27, 5, 7, 2, 0, 0, 0, 0]"
3061,<SOS>montel<EOS>     ,boy,"['m', 'o', 'n', 't', 'e', 'l']",6,1.0,"[1, 15, 17, 16, 22, 7, 14, 2, 0, 0, 0, 0, 0]"
4187,<SOS>flo<EOS>        ,girl,"['f', 'l', 'o']",3,0.0,"[1, 8, 14, 17, 2, 0, 0, 0, 0, 0, 0, 0, 0]"
4034,<SOS>birtha<EOS>     ,girl,"['b', 'i', 'r', 't', 'h', 'a']",6,0.0,"[1, 4, 11, 20, 22, 10, 3, 2, 0, 0, 0, 0, 0]"
2036,<SOS>denzil<EOS>     ,boy,"['d', 'e', 'n', 'z', 'i', 'l']",6,1.0,"[1, 6, 7, 16, 28, 11, 14, 2, 0, 0, 0, 0, 0]"
5996,<SOS>somer<EOS>      ,girl,"['s', 'o', 'm', 'e', 'r']",5,0.0,"[1, 21, 17, 15, 7, 20, 2, 0, 0, 0, 0, 0, 0]"
2475,<SOS>broderick<EOS>  ,boy,"['b', 'r', 'o', 'd', 'e', 'r', 'i', 'c', 'k']",9,1.0,"[1, 4, 20, 17, 6, 7, 20, 11, 5, 13, 2, 0, 0]"
6005,<SOS>viviana<EOS>    ,girl,"['v', 'i', 'v', 'i', 'a', 'n', 'a']",7,0.0,"[1, 24, 11, 24, 11, 3, 16, 3, 2, 0, 0, 0, 0]"
4328,<SOS>loretto<EOS>    ,girl,"['l', 'o', 'r', 'e', 't', 't', 'o']",7,0.0,"[1, 14, 17, 20, 7, 22, 22, 17, 2, 0, 0, 0, 0]"
1149,<SOS>manly<EOS>      ,boy,"['m', 'a', 'n', 'l', 'y']",5,1.0,"[1, 15, 3, 16, 14, 27, 2, 0, 0, 0, 0, 0, 0]"
2304,<SOS>greg<EOS>       ,boy,"['g', 'r', 'e', 'g']",4,1.0,"[1, 9, 20, 7, 9, 2, 0, 0, 0, 0, 0, 0, 0]"
3060,<SOS>dakotah<EOS>    ,boy,"['d', 'a', 'k', 'o', 't', 'a', 'h']",7,1.0,"[1, 6, 3, 13, 17, 22, 3, 10, 2, 0, 0, 0, 0]"
5078,<SOS>mitzi<EOS>      ,girl,"['m', 'i', 't', 'z', 'i']",5,0.0,"[1, 15, 11, 22, 28, 11, 2, 0, 0, 0, 0, 0, 0]"
2174,<SOS>dwain<EOS>      ,boy,"['d', 'w', 'a', 'i', 'n']",5,1.0,"[1, 6, 25, 3, 11, 16, 2, 0, 0, 0, 0, 0, 0]"
3262,<SOS>alexzander<EOS> ,boy,"['a', 'l', 'e', 'x', 'z', 'a', 'n', 'd', 'e', 'r']",10,1.0,"[1, 3, 14, 7, 26, 28, 3, 16, 6, 7, 20, 2, 0]"
3799,<SOS>lugenia<EOS>    ,girl,"['l', 'u', 'g', 'e', 'n', 'i', 'a']",7,0.0,"[1, 14, 23, 9, 7, 16, 11, 3, 2, 0, 0, 0, 0]"
1868,<SOS>gladys<EOS>     ,boy,"['g', 'l', 'a', 'd', 'y', 's']",6,1.0,"[1, 9, 14, 3, 6, 27, 21, 2, 0, 0, 0, 0, 0]"
6304,<SOS>brielle<EOS>    ,girl,"['b', 'r', 'i', 'e', 'l', 'l', 'e']",7,0.0,"[1, 4, 20, 11, 7, 14, 14, 7, 2, 0, 0, 0, 0]"
6547,<SOS>amya<EOS>       ,girl,"['a', 'm', 'y', 'a']",4,0.0,"[1, 3, 15, 27, 3, 2, 0, 0, 0, 0, 0, 0, 0]"
1818,<SOS>jennings<EOS>   ,boy,"['j', 'e', 'n', 'n', 'i', 'n', 'g', 's']",8,1.0,"[1, 12, 7, 16, 16, 11, 16, 9, 21, 2, 0, 0, 0]"
5106,<SOS>nira<EOS>       ,girl,"['n', 'i', 'r', 'a']",4,0.0,"[1, 16, 11, 20, 3, 2, 0, 0, 0, 0, 0, 0, 0]"
683,<SOS>ashley<EOS>     ,boy,"['a', 's', 'h', 'l', 'e', 'y']",6,1.0,"[1, 3, 21, 10, 14, 7, 27, 2, 0, 0, 0, 0, 0]"
3234,<SOS>rey<EOS>        ,boy,"['r', 'e', 'y']",3,1.0,"[1, 20, 7, 27, 2, 0, 0, 0, 0, 0, 0, 0, 0]"
6653,<SOS>alani<EOS>      ,girl,"['a', 'l', 'a', 'n', 'i']",5,0.0,"[1, 3, 14, 3, 16, 11, 2, 0, 0, 0, 0, 0, 0]"
1537,<SOS>pratt<EOS>      ,boy,"['p', 'r', 'a', 't', 't']",5,1.0,"[1, 18, 20, 3, 22, 22, 2, 0, 0, 0, 0, 0, 0]"
3336,<SOS>cohen<EOS>      ,boy,"['c', 'o', 'h', 'e', 'n']",5,1.0,"[1, 5, 17, 10, 7, 16, 2, 0, 0, 0, 0, 0, 0]"
2302,<SOS>randal<EOS>     ,boy,"['r', 'a', 'n', 'd', 'a', 'l']",6,1.0,"[1, 20, 3, 16, 6, 3, 14, 2, 0, 0, 0, 0, 0]"
3941,<SOS>zena<EOS>       ,girl,"['z', 'e', 'n', 'a']",4,0.0,"[1, 28, 7, 16, 3, 2, 0, 0, 0, 0, 0, 0, 0]"
3835,<SOS>letta<EOS>      ,girl,"['l', 'e', 't', 't', 'a']",5,0.0,"[1, 14, 7, 22, 22, 3, 2, 0, 0, 0, 0, 0, 0]"
6283,<SOS>elyssa<EOS>     ,girl,"['e', 'l', 'y', 's', 's', 'a']",6,0.0,"[1, 7, 14, 27, 21, 21, 3, 2, 0, 0, 0, 0, 0]"
1438,<SOS>cody<EOS>       ,boy,"['c', 'o', 'd', 'y']",4,1.0,"[1, 5, 17, 6, 27, 2, 0, 0, 0, 0, 0, 0, 0]"
4985,<SOS>ethelene<EOS>   ,girl,"['e', 't', 'h', 'e', 'l', 'e', 'n', 'e']",8,0.0,"[1, 7, 22, 10, 7, 14, 7, 16, 7, 2, 0, 0, 0]"
5670,<SOS>inger<EOS>      ,girl,"['i', 'n', 'g', 'e', 'r']",5,0.0,"[1, 11, 16, 9, 7, 20, 2, 0, 0, 0, 0, 0, 0]"
5383,<SOS>nicolette<EOS>  ,girl,"['n', 'i', 'c', 'o', 'l', 'e', 't', 't', 'e']",9,0.0,"[1, 16, 11, 5, 17, 14, 7, 22, 22, 7, 2, 0, 0]"
3916,<SOS>katy<EOS>       ,girl,"['k', 'a', 't', 'y']",4,0.0,"[1, 13, 3, 22, 27, 2, 0, 0, 0, 0, 0, 0, 0]"
2620,<SOS>waylon<EOS>     ,boy,"['w', 'a', 'y', 'l', 'o', 'n']",6,1.0,"[1, 25, 3, 27, 14, 17, 16, 2, 0, 0, 0, 0, 0]"
5685,<SOS>adriane<EOS>    ,girl,"['a', 'd', 'r', 'i', 'a', 'n', 'e']",7,0.0,"[1, 3, 6, 20, 11, 3, 16, 7, 2, 0, 0, 0, 0]"
2250,<SOS>sal<EOS>        ,boy,"['s', 'a', 'l']",3,1.0,"[1, 21, 3, 14, 2, 0, 0, 0, 0, 0, 0, 0, 0]"
1696,<SOS>mae<EOS>        ,boy,"['m', 'a', 'e']",3,1.0,"[1, 15, 3, 7, 2, 0, 0, 0, 0, 0, 0, 0, 0]"
2393,<SOS>derrick<EOS>    ,boy,"['d', 'e', 'r', 'r', 'i', 'c', 'k']",7,1.0,"[1, 6, 7, 20, 20, 11, 5, 13, 2, 0, 0, 0, 0]"
4698,<SOS>versie<EOS>     ,girl,"['v', 'e', 'r', 's', 'i', 'e']",6,0.0,"[1, 24, 7, 20, 21, 11, 7, 2, 0, 0, 0, 0, 0]"
2446,<SOS>bradly<EOS>     ,boy,"['b', 'r', 'a', 'd', 'l', 'y']",6,1.0,"[1, 4, 20, 3, 6, 14, 27, 2, 0, 0, 0, 0, 0]"
5867,<SOS>marquita<EOS>   ,girl,"['m', 'a', 'r', 'q', 'u', 'i', 't', 'a']",8,0.0,"[1, 15, 3, 20, 19, 23, 11, 22, 3, 2, 0, 0, 0]"
6083,<SOS>tabetha<EOS>    ,girl,"['t', 'a', 'b', 'e', 't', 'h', 'a']",7,0.0,"[1, 22, 3, 4, 7, 22, 10, 3, 2, 0, 0, 0, 0]"
994,<SOS>kelly<EOS>      ,boy,"['k', 'e', 'l', 'l', 'y']",5,1.0,"[1, 13, 7, 14, 14, 27, 2, 0, 0, 0, 0, 0, 0]"
2078,<SOS>dante<EOS>      ,boy,"['d', 'a', 'n', 't', 'e']",5,1.0,"[1, 6, 3, 16, 22, 7, 2, 0, 0, 0, 0, 0, 0]"
5907,<SOS>rashida<EOS>    ,girl,"['r', 'a', 's', 'h', 'i', 'd', 'a']",7,0.0,"[1, 20, 3, 21, 10, 11, 6, 3, 2, 0, 0, 0, 0]"
982,<SOS>hunt<EOS>       ,boy,"['h', 'u', 'n', 't']",4,1.0,"[1, 10, 23, 16, 22, 2, 0, 0, 0, 0, 0, 0, 0]"
2187,<SOS>marlyn<EOS>     ,boy,"['m', 'a', 'r', 'l', 'y', 'n']",6,1.0,"[1, 15, 3, 20, 14, 27, 16, 2, 0, 0, 0, 0, 0]"
599,<SOS>almon<EOS>      ,boy,"['a', 'l', 'm', 'o', 'n']",5,1.0,"[1, 3, 14, 15, 17, 16, 2, 0, 0, 0, 0, 0, 0]"
370,<SOS>mason<EOS>      ,boy,"['m', 'a', 's', 'o', 'n']",5,1.0,"[1, 15, 3, 21, 17, 16, 2, 0, 0, 0, 0, 0, 0]"
3307,<SOS>maximo<EOS>     ,boy,"['m', 'a', 'x', 'i', 'm', 'o']",6,1.0,"[1, 15, 3, 26, 11, 15, 17, 2, 0, 0, 0, 0, 0]"
2170,<SOS>jackie<EOS>     ,boy,"['j', 'a', 'c', 'k', 'i', 'e']",6,1.0,"[1, 12, 3, 5, 13, 11, 7, 2, 0, 0, 0, 0, 0]"
4790,<SOS>cleda<EOS>      ,girl,"['c', 'l', 'e', 'd', 'a']",5,0.0,"[1, 5, 14, 7, 6, 3, 2, 0, 0, 0, 0, 0, 0]"
4248,<SOS>libby<EOS>      ,girl,"['l', 'i', 'b', 'b', 'y']",5,0.0,"[1, 14, 11, 4, 4, 27, 2, 0, 0, 0, 0, 0, 0]"
291,<SOS>chauncey<EOS>   ,boy,"['c', 'h', 'a', 'u', 'n', 'c', 'e', 'y']",8,1.0,"[1, 5, 10, 3, 23, 16, 5, 7, 27, 2, 0, 0, 0]"
6542,<SOS>nya<EOS>        ,girl,"['n', 'y', 'a']",3,0.0,"[1, 16, 27, 3, 2, 0, 0, 0, 0, 0, 0, 0, 0]"
3770,<SOS>iris<EOS>       ,girl,"['i', 'r', 'i', 's']",4,0.0,"[1, 11, 20, 11, 21, 2, 0, 0, 0, 0, 0, 0, 0]"
1296,<SOS>odell<EOS>      ,boy,"['o', 'd', 'e', 'l', 'l']",5,1.0,"[1, 17, 6, 7, 14, 14, 2, 0, 0, 0, 0, 0, 0]"
4285,<SOS>audra<EOS>      ,girl,"['a', 'u', 'd', 'r', 'a']",5,0.0,"[1, 3, 23, 6, 20, 3, 2, 0, 0, 0, 0, 0, 0]"
6342,<SOS>yaritza<EOS>    ,girl,"['y', 'a', 'r', 'i', 't', 'z', 'a']",7,0.0,"[1, 27, 3, 20, 11, 22, 28, 3, 2, 0, 0, 0, 0]"
469,<SOS>elmo<EOS>       ,boy,"['e', 'l', 'm', 'o']",4,1.0,"[1, 7, 14, 15, 17, 2, 0, 0, 0, 0, 0, 0, 0]"
3289,<SOS>rylee<EOS>      ,boy,"['r', 'y', 'l', 'e', 'e']",5,1.0,"[1, 20, 27, 14, 7, 7, 2, 0, 0, 0, 0, 0, 0]"
2159,<SOS>dewayne<EOS>    ,boy,"['d', 'e', 'w', 'a', 'y', 'n', 'e']",7,1.0,"[1, 6, 7, 25, 3, 27, 16, 7, 2, 0, 0, 0, 0]"
5846,<SOS>jenniffer<EOS>  ,girl,"['j', 'e', 'n', 'n', 'i', 'f', 'f', 'e', 'r']",9,0.0,"[1, 12, 7, 16, 16, 11, 8, 8, 7, 20, 2, 0, 0]"
3105,<SOS>cain<EOS>       ,boy,"['c', 'a', 'i', 'n']",4,1.0,"[1, 5, 3, 11, 16, 2, 0, 0, 0, 0, 0, 0, 0]"
553,<SOS>norris<EOS>     ,boy,"['n', 'o', 'r', 'r', 'i', 's']",6,1.0,"[1, 16, 17, 20, 20, 11, 21, 2, 0, 0, 0, 0, 0]"
1152,<SOS>marius<EOS>     ,boy,"['m', 'a', 'r', 'i', 'u', 's']",6,1.0,"[1, 15, 3, 20, 11, 23, 21, 2, 0, 0, 0, 0, 0]"
3362,<SOS>makai<EOS>      ,boy,"['m', 'a', 'k', 'a', 'i']",5,1.0,"[1, 15, 3, 13, 3, 11, 2, 0, 0, 0, 0, 0, 0]"
4535,<SOS>emmy<EOS>       ,girl,"['e', 'm', 'm', 'y']",4,0.0,"[1, 7, 15, 15, 27, 2, 0, 0, 0, 0, 0, 0, 0]"
786,<SOS>miller<EOS>     ,boy,"['m', 'i', 'l', 'l', 'e', 'r']",6,1.0,"[1, 15, 11, 14, 14, 7, 20, 2, 0, 0, 0, 0, 0]"
725,<SOS>orley<EOS>      ,boy,"['o', 'r', 'l', 'e', 'y']",5,1.0,"[1, 17, 20, 14, 7, 27, 2, 0, 0, 0, 0, 0, 0]"
4829,<SOS>wava<EOS>       ,girl,"['w', 'a', 'v', 'a']",4,0.0,"[1, 25, 3, 24, 3, 2, 0, 0, 0, 0, 0, 0, 0]"
6211,<SOS>genesis<EOS>    ,girl,"['g', 'e', 'n', 'e', 's', 'i', 's']",7,0.0,"[1, 9, 7, 16, 7, 21, 11, 21, 2, 0, 0, 0, 0]"
6775,<SOS>karsyn<EOS>     ,girl,"['k', 'a', 'r', 's', 'y', 'n']",6,0.0,"[1, 13, 3, 20, 21, 27, 16, 2, 0, 0, 0, 0, 0]"
80,<SOS>philip<EOS>     ,boy,"['p', 'h', 'i', 'l', 'i', 'p']",6,1.0,"[1, 18, 10, 11, 14, 11, 18, 2, 0, 0, 0, 0, 0]"
5496,<SOS>maritza<EOS>    ,girl,"['m', 'a', 'r', 'i', 't', 'z', 'a']",7,0.0,"[1, 15, 3, 20, 11, 22, 28, 3, 2, 0, 0, 0, 0]"
5828,<SOS>latosha<EOS>    ,girl,"['l', 'a', 't', 'o', 's', 'h', 'a']",7,0.0,"[1, 14, 3, 22, 17, 21, 10, 3, 2, 0, 0, 0, 0]"
3013,<SOS>hernan<EOS>     ,boy,"['h', 'e', 'r', 'n', 'a', 'n']",6,1.0,"[1, 10, 7, 20, 16, 3, 16, 2, 0, 0, 0, 0, 0]"
5586,<SOS>staci<EOS>      ,girl,"['s', 't', 'a', 'c', 'i']",5,0.0,"[1, 21, 22, 3, 5, 11, 2, 0, 0, 0, 0, 0, 0]"
6537,<SOS>sky<EOS>        ,girl,"['s', 'k', 'y']",3,0.0,"[1, 21, 13, 27, 2, 0, 0, 0, 0, 0, 0, 0, 0]"
3202,<SOS>mekhi<EOS>      ,boy,"['m', 'e', 'k', 'h', 'i']",5,1.0,"[1, 15, 7, 13, 10, 11, 2, 0, 0, 0, 0, 0, 0]"
5878,<SOS>jasmin<EOS>     ,girl,"['j', 'a', 's', 'm', 'i', 'n']",6,0.0,"[1, 12, 3, 21, 15, 11, 16, 2, 0, 0, 0, 0, 0]"
3183,<SOS>tyrese<EOS>     ,boy,"['t', 'y', 'r', 'e', 's', 'e']",6,1.0,"[1, 22, 27, 20, 7, 21, 7, 2, 0, 0, 0, 0, 0]"
5686,<SOS>windy<EOS>      ,girl,"['w', 'i', 'n', 'd', 'y']",5,0.0,"[1, 25, 11, 16, 6, 27, 2, 0, 0, 0, 0, 0, 0]"
2633,<SOS>johnathon<EOS>  ,boy,"['j', 'o', 'h', 'n', 'a', 't', 'h', 'o', 'n']",9,1.0,"[1, 12, 17, 10, 16, 3, 22, 10, 17, 16, 2, 0, 0]"
352,<SOS>jimmie<EOS>     ,boy,"['j', 'i', 'm', 'm', 'i', 'e']",6,1.0,"[1, 12, 11, 15, 15, 11, 7, 2, 0, 0, 0, 0, 0]"
4707,<SOS>consuelo<EOS>   ,girl,"['c', 'o', 'n', 's', 'u', 'e', 'l', 'o']",8,0.0,"[1, 5, 17, 16, 21, 23, 7, 14, 17, 2, 0, 0, 0]"
5047,<SOS>carma<EOS>      ,girl,"['c', 'a', 'r', 'm', 'a']",5,0.0,"[1, 5, 3, 20, 15, 3, 2, 0, 0, 0, 0, 0, 0]"
1789,<SOS>hughey<EOS>     ,boy,"['h', 'u', 'g', 'h', 'e', 'y']",6,1.0,"[1, 10, 23, 9, 10, 7, 27, 2, 0, 0, 0, 0, 0]"
5729,<SOS>kellee<EOS>     ,girl,"['k', 'e', 'l', 'l', 'e', 'e']",6,0.0,"[1, 13, 7, 14, 14, 7, 7, 2, 0, 0, 0, 0, 0]"
4257,<SOS>ozella<EOS>     ,girl,"['o', 'z', 'e', 'l', 'l', 'a']",6,0.0,"[1, 17, 28, 7, 14, 14, 3, 2, 0, 0, 0, 0, 0]"
1121,<SOS>ephram<EOS>     ,boy,"['e', 'p', 'h', 'r', 'a', 'm']",6,1.0,"[1, 7, 18, 10, 20, 3, 15, 2, 0, 0, 0, 0, 0]"
5929,<SOS>sommer<EOS>     ,girl,"['s', 'o', 'm', 'm', 'e', 'r']",6,0.0,"[1, 21, 17, 15, 15, 7, 20, 2, 0, 0, 0, 0, 0]"
2448,<SOS>blaise<EOS>     ,boy,"['b', 'l', 'a', 'i', 's', 'e']",6,1.0,"[1, 4, 14, 3, 11, 21, 7, 2, 0, 0, 0, 0, 0]"
1753,<SOS>murdock<EOS>    ,boy,"['m', 'u', 'r', 'd', 'o', 'c', 'k']",7,1.0,"[1, 15, 23, 20, 6, 17, 5, 13, 2, 0, 0, 0, 0]"
5887,<SOS>tamica<EOS>     ,girl,"['t', 'a', 'm', 'i', 'c', 'a']",6,0.0,"[1, 22, 3, 15, 11, 5, 3, 2, 0, 0, 0, 0, 0]"
801,<SOS>tyler<EOS>      ,boy,"['t', 'y', 'l', 'e', 'r']",5,1.0,"[1, 22, 27, 14, 7, 20, 2, 0, 0, 0, 0, 0, 0]"
6040,<SOS>krystle<EOS>    ,girl,"['k', 'r', 'y', 's', 't', 'l', 'e']",7,0.0,"[1, 13, 20, 27, 21, 22, 14, 7, 2, 0, 0, 0, 0]"
626,<SOS>orie<EOS>       ,boy,"['o', 'r', 'i', 'e']",4,1.0,"[1, 17, 20, 11, 7, 2, 0, 0, 0, 0, 0, 0, 0]"
3145,<SOS>shamar<EOS>     ,boy,"['s', 'h', 'a', 'm', 'a', 'r']",6,1.0,"[1, 21, 10, 3, 15, 3, 20, 2, 0, 0, 0, 0, 0]"
2975,<SOS>christop<EOS>   ,boy,"['c', 'h', 'r', 'i', 's', 't', 'o', 'p']",8,1.0,"[1, 5, 10, 20, 11, 21, 22, 17, 18, 2, 0, 0, 0]"
3188,<SOS>kamron<EOS>     ,boy,"['k', 'a', 'm', 'r', 'o', 'n']",6,1.0,"[1, 13, 3, 15, 20, 17, 16, 2, 0, 0, 0, 0, 0]"
3281,<SOS>pranav<EOS>     ,boy,"['p', 'r', 'a', 'n', 'a', 'v']",6,1.0,"[1, 18, 20, 3, 16, 3, 24, 2, 0, 0, 0, 0, 0]"
3425,<SOS>ayaan<EOS>      ,boy,"['a', 'y', 'a', 'a', 'n']",5,1.0,"[1, 3, 27, 3, 3, 16, 2, 0, 0, 0, 0, 0, 0]"
1615,<SOS>sonny<EOS>      ,boy,"['s', 'o', 'n', 'n', 'y']",5,1.0,"[1, 21, 17, 16, 16, 27, 2, 0, 0, 0, 0, 0, 0]"
5721,<SOS>araceli<EOS>    ,girl,"['a', 'r', 'a', 'c', 'e', 'l', 'i']",7,0.0,"[1, 3, 20, 3, 5, 7, 14, 11, 2, 0, 0, 0, 0]"
22,<SOS>richard<EOS>    ,boy,"['r', 'i', 'c', 'h', 'a', 'r', 'd']",7,1.0,"[1, 20, 11, 5, 10, 3, 20, 6, 2, 0, 0, 0, 0]"
6172,<SOS>shatara<EOS>    ,girl,"['s', 'h', 'a', 't', 'a', 'r', 'a']",7,0.0,"[1, 21, 10, 3, 22, 3, 20, 3, 2, 0, 0, 0, 0]"
2971,<SOS>brantley<EOS>   ,boy,"['b', 'r', 'a', 'n', 't', 'l', 'e', 'y']",8,1.0,"[1, 4, 20, 3, 16, 22, 14, 7, 27, 2, 0, 0, 0]"
2785,<SOS>ezequiel<EOS>   ,boy,"['e', 'z', 'e', 'q', 'u', 'i', 'e', 'l']",8,1.0,"[1, 7, 28, 7, 19, 23, 11, 7, 14, 2, 0, 0, 0]"
4709,<SOS>venus<EOS>      ,girl,"['v', 'e', 'n', 'u', 's']",5,0.0,"[1, 24, 7, 16, 23, 21, 2, 0, 0, 0, 0, 0, 0]"
347,<SOS>neil<EOS>       ,boy,"['n', 'e', 'i', 'l']",4,1.0,"[1, 16, 7, 11, 14, 2, 0, 0, 0, 0, 0, 0, 0]"
5239,<SOS>georgeann<EOS>  ,girl,"['g', 'e', 'o', 'r', 'g', 'e', 'a', 'n', 'n']",9,0.0,"[1, 9, 7, 17, 20, 9, 7, 3, 16, 16, 2, 0, 0]"
5515,<SOS>keri<EOS>       ,girl,"['k', 'e', 'r', 'i']",4,0.0,"[1, 13, 7, 20, 11, 2, 0, 0, 0, 0, 0, 0, 0]"
951,<SOS>elroy<EOS>      ,boy,"['e', 'l', 'r', 'o', 'y']",5,1.0,"[1, 7, 14, 20, 17, 27, 2, 0, 0, 0, 0, 0, 0]"
5127,<SOS>louann<EOS>     ,girl,"['l', 'o', 'u', 'a', 'n', 'n']",6,0.0,"[1, 14, 17, 23, 3, 16, 16, 2, 0, 0, 0, 0, 0]"
5442,<SOS>leeann<EOS>     ,girl,"['l', 'e', 'e', 'a', 'n', 'n']",6,0.0,"[1, 14, 7, 7, 3, 16, 16, 2, 0, 0, 0, 0, 0]"
6631,<SOS>iyanna<EOS>     ,girl,"['i', 'y', 'a', 'n', 'n', 'a']",6,0.0,"[1, 11, 27, 3, 16, 16, 3, 2, 0, 0, 0, 0, 0]"
4542,<SOS>margrett<EOS>   ,girl,"['m', 'a', 'r', 'g', 'r', 'e', 't', 't']",8,0.0,"[1, 15, 3, 20, 9, 20, 7, 22, 22, 2, 0, 0, 0]"
6244,<SOS>kelsea<EOS>     ,girl,"['k', 'e', 'l', 's', 'e', 'a']",6,0.0,"[1, 13, 7, 14, 21, 7, 3, 2, 0, 0, 0, 0, 0]"
4559,<SOS>lana<EOS>       ,girl,"['l', 'a', 'n', 'a']",4,0.0,"[1, 14, 3, 16, 3, 2, 0, 0, 0, 0, 0, 0, 0]"
2029,<SOS>lucille<EOS>    ,boy,"['l', 'u', 'c', 'i', 'l', 'l', 'e']",7,1.0,"[1, 14, 23, 5, 11, 14, 14, 7, 2, 0, 0, 0, 0]"
2723,<SOS>kristoffer<EOS> ,boy,"['k', 'r', 'i', 's', 't', 'o', 'f', 'f', 'e', 'r']",10,1.0,"[1, 13, 20, 11, 21, 22, 17, 8, 8, 7, 20, 2, 0]"
3747,<SOS>emelia<EOS>     ,girl,"['e', 'm', 'e', 'l', 'i', 'a']",6,0.0,"[1, 7, 15, 7, 14, 11, 3, 2, 0, 0, 0, 0, 0]"
6518,<SOS>noelia<EOS>     ,girl,"['n', 'o', 'e', 'l', 'i', 'a']",6,0.0,"[1, 16, 17, 7, 14, 11, 3, 2, 0, 0, 0, 0, 0]"
1092,<SOS>tolbert<EOS>    ,boy,"['t', 'o', 'l', 'b', 'e', 'r', 't']",7,1.0,"[1, 22, 17, 14, 4, 7, 20, 22, 2, 0, 0, 0, 0]"
129,<SOS>noah<EOS>       ,boy,"['n', 'o', 'a', 'h']",4,1.0,"[1, 16, 17, 3, 10, 2, 0, 0, 0, 0, 0, 0, 0]"
5456,<SOS>sherree<EOS>    ,girl,"['s', 'h', 'e', 'r', 'r', 'e', 'e']",7,0.0,"[1, 21, 10, 7, 20, 20, 7, 7, 2, 0, 0, 0, 0]"
4252,<SOS>madeleine<EOS>  ,girl,"['m', 'a', 'd', 'e', 'l', 'e', 'i', 'n', 'e']",9,0.0,"[1, 15, 3, 6, 7, 14, 7, 11, 16, 7, 2, 0, 0]"
5701,<SOS>towanda<EOS>    ,girl,"['t', 'o', 'w', 'a', 'n', 'd', 'a']",7,0.0,"[1, 22, 17, 25, 3, 16, 6, 3, 2, 0, 0, 0, 0]"
4614,<SOS>lu<EOS>         ,girl,"['l', 'u']",2,0.0,"[1, 14, 23, 2, 0, 0, 0, 0, 0, 0, 0, 0, 0]"
3176,<SOS>jovani<EOS>     ,boy,"['j', 'o', 'v', 'a', 'n', 'i']",6,1.0,"[1, 12, 17, 24, 3, 16, 11, 2, 0, 0, 0, 0, 0]"
1421,<SOS>roby<EOS>       ,boy,"['r', 'o', 'b', 'y']",4,1.0,"[1, 20, 17, 4, 27, 2, 0, 0, 0, 0, 0, 0, 0]"
4973,<SOS>mardell<EOS>    ,girl,"['m', 'a', 'r', 'd', 'e', 'l', 'l']",7,0.0,"[1, 15, 3, 20, 6, 7, 14, 14, 2, 0, 0, 0, 0]"
6230,<SOS>grecia<EOS>     ,girl,"['g', 'r', 'e', 'c', 'i', 'a']",6,0.0,"[1, 9, 20, 7, 5, 11, 3, 2, 0, 0, 0, 0, 0]"
3398,<SOS>slade<EOS>      ,boy,"['s', 'l', 'a', 'd', 'e']",5,1.0,"[1, 21, 14, 3, 6, 7, 2, 0, 0, 0, 0, 0, 0]"
5061,<SOS>joycelyn<EOS>   ,girl,"['j', 'o', 'y', 'c', 'e', 'l', 'y', 'n']",8,0.0,"[1, 12, 17, 27, 5, 7, 14, 27, 16, 2, 0, 0, 0]"
1294,<SOS>festus<EOS>     ,boy,"['f', 'e', 's', 't', 'u', 's']",6,1.0,"[1, 8, 7, 21, 22, 23, 21, 2, 0, 0, 0, 0, 0]"
5945,<SOS>shanika<EOS>    ,girl,"['s', 'h', 'a', 'n', 'i', 'k', 'a']",7,0.0,"[1, 21, 10, 3, 16, 11, 13, 3, 2, 0, 0, 0, 0]"
3782,<SOS>vena<EOS>       ,girl,"['v', 'e', 'n', 'a']",4,0.0,"[1, 24, 7, 16, 3, 2, 0, 0, 0, 0, 0, 0, 0]"
43,<SOS>howard<EOS>     ,boy,"['h', 'o', 'w', 'a', 'r', 'd']",6,1.0,"[1, 10, 17, 25, 3, 20, 6, 2, 0, 0, 0, 0, 0]"
738,<SOS>solon<EOS>      ,boy,"['s', 'o', 'l', 'o', 'n']",5,1.0,"[1, 21, 17, 14, 17, 16, 2, 0, 0, 0, 0, 0, 0]"
6482,<SOS>micayla<EOS>    ,girl,"['m', 'i', 'c', 'a', 'y', 'l', 'a']",7,0.0,"[1, 15, 11, 5, 3, 27, 14, 3, 2, 0, 0, 0, 0]"
2848,<SOS>tremaine<EOS>   ,boy,"['t', 'r', 'e', 'm', 'a', 'i', 'n', 'e']",8,1.0,"[1, 22, 20, 7, 15, 3, 11, 16, 7, 2, 0, 0, 0]"
90,<SOS>milton<EOS>     ,boy,"['m', 'i', 'l', 't', 'o', 'n']",6,1.0,"[1, 15, 11, 14, 22, 17, 16, 2, 0, 0, 0, 0, 0]"
3497,<SOS>mathilda<EOS>   ,girl,"['m', 'a', 't', 'h', 'i', 'l', 'd', 'a']",8,0.0,"[1, 15, 3, 22, 10, 11, 14, 6, 3, 2, 0, 0, 0]"
6479,<SOS>shaylee<EOS>    ,girl,"['s', 'h', 'a', 'y', 'l', 'e', 'e']",7,0.0,"[1, 21, 10, 3, 27, 14, 7, 7, 2, 0, 0, 0, 0]"
4679,<SOS>ilah<EOS>       ,girl,"['i', 'l', 'a', 'h']",4,0.0,"[1, 11, 14, 3, 10, 2, 0, 0, 0, 0, 0, 0, 0]"
54,<SOS>ed<EOS>         ,boy,"['e', 'd']",2,1.0,"[1, 7, 6, 2, 0, 0, 0, 0, 0, 0, 0, 0, 0]"
3722,<SOS>ava<EOS>        ,girl,"['a', 'v', 'a']",3,0.0,"[1, 3, 24, 3, 2, 0, 0, 0, 0, 0, 0, 0, 0]"
4400,<SOS>lisette<EOS>    ,girl,"['l', 'i', 's', 'e', 't', 't', 'e']",7,0.0,"[1, 14, 11, 21, 7, 22, 22, 7, 2, 0, 0, 0, 0]"
5369,<SOS>sanjuana<EOS>   ,girl,"['s', 'a', 'n', 'j', 'u', 'a', 'n', 'a']",8,0.0,"[1, 21, 3, 16, 12, 23, 3, 16, 3, 2, 0, 0, 0]"
6511,<SOS>alexys<EOS>     ,girl,"['a', 'l', 'e', 'x', 'y', 's']",6,0.0,"[1, 3, 14, 7, 26, 27, 21, 2, 0, 0, 0, 0, 0]"
6199,<SOS>kaylyn<EOS>     ,girl,"['k', 'a', 'y', 'l', 'y', 'n']",6,0.0,"[1, 13, 3, 27, 14, 27, 16, 2, 0, 0, 0, 0, 0]"
1387,<SOS>bonnie<EOS>     ,boy,"['b', 'o', 'n', 'n', 'i', 'e']",6,1.0,"[1, 4, 17, 16, 16, 11, 7, 2, 0, 0, 0, 0, 0]"
4379,<SOS>beaulah<EOS>    ,girl,"['b', 'e', 'a', 'u', 'l', 'a', 'h']",7,0.0,"[1, 4, 7, 3, 23, 14, 3, 10, 2, 0, 0, 0, 0]"
2385,<SOS>shawn<EOS>      ,boy,"['s', 'h', 'a', 'w', 'n']",5,1.0,"[1, 21, 10, 3, 25, 16, 2, 0, 0, 0, 0, 0, 0]"
6018,<SOS>rikki<EOS>      ,girl,"['r', 'i', 'k', 'k', 'i']",5,0.0,"[1, 20, 11, 13, 13, 11, 2, 0, 0, 0, 0, 0, 0]"
783,<SOS>mac<EOS>        ,boy,"['m', 'a', 'c']",3,1.0,"[1, 15, 3, 5, 2, 0, 0, 0, 0, 0, 0, 0, 0]"
3909,<SOS>geraldine<EOS>  ,girl,"['g', 'e', 'r', 'a', 'l', 'd', 'i', 'n', 'e']",9,0.0,"[1, 9, 7, 20, 3, 14, 6, 11, 16, 7, 2, 0, 0]"
16,<SOS>samuel<EOS>     ,boy,"['s', 'a', 'm', 'u', 'e', 'l']",6,1.0,"[1, 21, 3, 15, 23, 7, 14, 2, 0, 0, 0, 0, 0]"
740,<SOS>tilden<EOS>     ,boy,"['t', 'i', 'l', 'd', 'e', 'n']",6,1.0,"[1, 22, 11, 14, 6, 7, 16, 2, 0, 0, 0, 0, 0]"
5447,<SOS>janel<EOS>      ,girl,"['j', 'a', 'n', 'e', 'l']",5,0.0,"[1, 12, 3, 16, 7, 14, 2, 0, 0, 0, 0, 0, 0]"
6060,<SOS>nereida<EOS>    ,girl,"['n', 'e', 'r', 'e', 'i', 'd', 'a']",7,0.0,"[1, 16, 7, 20, 7, 11, 6, 3, 2, 0, 0, 0, 0]"
474,<SOS>lige<EOS>       ,boy,"['l', 'i', 'g', 'e']",4,1.0,"[1, 14, 11, 9, 7, 2, 0, 0, 0, 0, 0, 0, 0]"
1832,<SOS>moe<EOS>        ,boy,"['m', 'o', 'e']",3,1.0,"[1, 15, 17, 7, 2, 0, 0, 0, 0, 0, 0, 0, 0]"
499,<SOS>reginald<EOS>   ,boy,"['r', 'e', 'g', 'i', 'n', 'a', 'l', 'd']",8,1.0,"[1, 20, 7, 9, 11, 16, 3, 14, 6, 2, 0, 0, 0]"
2487,<SOS>kennth<EOS>     ,boy,"['k', 'e', 'n', 'n', 't', 'h']",6,1.0,"[1, 13, 7, 16, 16, 22, 10, 2, 0, 0, 0, 0, 0]"
260,<SOS>tony<EOS>       ,boy,"['t', 'o', 'n', 'y']",4,1.0,"[1, 22, 17, 16, 27, 2, 0, 0, 0, 0, 0, 0, 0]"
3864,<SOS>ethyl<EOS>      ,girl,"['e', 't', 'h', 'y', 'l']",5,0.0,"[1, 7, 22, 10, 27, 14, 2, 0, 0, 0, 0, 0, 0]"
995,<SOS>kit<EOS>        ,boy,"['k', 'i', 't']",3,1.0,"[1, 13, 11, 22, 2, 0, 0, 0, 0, 0, 0, 0, 0]"
4509,<SOS>sussie<EOS>     ,girl,"['s', 'u', 's', 's', 'i', 'e']",6,0.0,"[1, 21, 23, 21, 21, 11, 7, 2, 0, 0, 0, 0, 0]"
1254,<SOS>theophile<EOS>  ,boy,"['t', 'h', 'e', 'o', 'p', 'h', 'i', 'l', 'e']",9,1.0,"[1, 22, 10, 7, 17, 18, 10, 11, 14, 7, 2, 0, 0]"
161,<SOS>wilbur<EOS>     ,boy,"['w', 'i', 'l', 'b', 'u', 'r']",6,1.0,"[1, 25, 11, 14, 4, 23, 20, 2, 0, 0, 0, 0, 0]"
6402,<SOS>jocelyne<EOS>   ,girl,"['j', 'o', 'c', 'e', 'l', 'y', 'n', 'e']",8,0.0,"[1, 12, 17, 5, 7, 14, 27, 16, 7, 2, 0, 0, 0]"
3426,<SOS>aarav<EOS>      ,boy,"['a', 'a', 'r', 'a', 'v']",5,1.0,"[1, 3, 3, 20, 3, 24, 2, 0, 0, 0, 0, 0, 0]"
3826,<SOS>emeline<EOS>    ,girl,"['e', 'm', 'e', 'l', 'i', 'n', 'e']",7,0.0,"[1, 7, 15, 7, 14, 11, 16, 7, 2, 0, 0, 0, 0]"
4926,<SOS>dorine<EOS>     ,girl,"['d', 'o', 'r', 'i', 'n', 'e']",6,0.0,"[1, 6, 17, 20, 11, 16, 7, 2, 0, 0, 0, 0, 0]"
2449,<SOS>alvaro<EOS>     ,boy,"['a', 'l', 'v', 'a', 'r', 'o']",6,1.0,"[1, 3, 14, 24, 3, 20, 17, 2, 0, 0, 0, 0, 0]"
6290,<SOS>haylee<EOS>     ,girl,"['h', 'a', 'y', 'l', 'e', 'e']",6,0.0,"[1, 10, 3, 27, 14, 7, 7, 2, 0, 0, 0, 0, 0]"
1162,<SOS>prosper<EOS>    ,boy,"['p', 'r', 'o', 's', 'p', 'e', 'r']",7,1.0,"[1, 18, 20, 17, 21, 18, 7, 20, 2, 0, 0, 0, 0]"
4910,<SOS>santina<EOS>    ,girl,"['s', 'a', 'n', 't', 'i', 'n', 'a']",7,0.0,"[1, 21, 3, 16, 22, 11, 16, 3, 2, 0, 0, 0, 0]"
2235,<SOS>jan<EOS>        ,boy,"['j', 'a', 'n']",3,1.0,"[1, 12, 3, 16, 2, 0, 0, 0, 0, 0, 0, 0, 0]"
4082,<SOS>marilla<EOS>    ,girl,"['m', 'a', 'r', 'i', 'l', 'l', 'a']",7,0.0,"[1, 15, 3, 20, 11, 14, 14, 3, 2, 0, 0, 0, 0]"
4146,<SOS>deliah<EOS>     ,girl,"['d', 'e', 'l', 'i', 'a', 'h']",6,0.0,"[1, 6, 7, 14, 11, 3, 10, 2, 0, 0, 0, 0, 0]"
6634,<SOS>estefani<EOS>   ,girl,"['e', 's', 't', 'e', 'f', 'a', 'n', 'i']",8,0.0,"[1, 7, 21, 22, 7, 8, 3, 16, 11, 2, 0, 0, 0]"
2369,<SOS>dorian<EOS>     ,boy,"['d', 'o', 'r', 'i', 'a', 'n']",6,1.0,"[1, 6, 17, 20, 11, 3, 16, 2, 0, 0, 0, 0, 0]"
1721,<SOS>goldie<EOS>     ,boy,"['g', 'o', 'l', 'd', 'i', 'e']",6,1.0,"[1, 9, 17, 14, 6, 11, 7, 2, 0, 0, 0, 0, 0]"
4353,<SOS>jeanie<EOS>     ,girl,"['j', 'e', 'a', 'n', 'i', 'e']",6,0.0,"[1, 12, 7, 3, 16, 11, 7, 2, 0, 0, 0, 0, 0]"
1808,<SOS>zed<EOS>        ,boy,"['z', 'e', 'd']",3,1.0,"[1, 28, 7, 6, 2, 0, 0, 0, 0, 0, 0, 0, 0]"
1243,<SOS>lone<EOS>       ,boy,"['l', 'o', 'n', 'e']",4,1.0,"[1, 14, 17, 16, 7, 2, 0, 0, 0, 0, 0, 0, 0]"
4834,<SOS>williemae<EOS>  ,girl,"['w', 'i', 'l', 'l', 'i', 'e', 'm', 'a', 'e']",9,0.0,"[1, 25, 11, 14, 14, 11, 7, 15, 3, 7, 2, 0, 0]"
1894,<SOS>adams<EOS>      ,boy,"['a', 'd', 'a', 'm', 's']",5,1.0,"[1, 3, 6, 3, 15, 21, 2, 0, 0, 0, 0, 0, 0]"
968,<SOS>halsey<EOS>     ,boy,"['h', 'a', 'l', 's', 'e', 'y']",6,1.0,"[1, 10, 3, 14, 21, 7, 27, 2, 0, 0, 0, 0, 0]"
5955,<SOS>quiana<EOS>     ,girl,"['q', 'u', 'i', 'a', 'n', 'a']",6,0.0,"[1, 19, 23, 11, 3, 16, 3, 2, 0, 0, 0, 0, 0]"
3095,<SOS>daulton<EOS>    ,boy,"['d', 'a', 'u', 'l', 't', 'o', 'n']",7,1.0,"[1, 6, 3, 23, 14, 22, 17, 16, 2, 0, 0, 0, 0]"
5876,<SOS>brande<EOS>     ,girl,"['b', 'r', 'a', 'n', 'd', 'e']",6,0.0,"[1, 4, 20, 3, 16, 6, 7, 2, 0, 0, 0, 0, 0]"
247,<SOS>cecil<EOS>      ,boy,"['c', 'e', 'c', 'i', 'l']",5,1.0,"[1, 5, 7, 5, 11, 14, 2, 0, 0, 0, 0, 0, 0]"
3772,<SOS>lissie<EOS>     ,girl,"['l', 'i', 's', 's', 'i', 'e']",6,0.0,"[1, 14, 11, 21, 21, 11, 7, 2, 0, 0, 0, 0, 0]"
1021,<SOS>collins<EOS>    ,boy,"['c', 'o', 'l', 'l', 'i', 'n', 's']",7,1.0,"[1, 5, 17, 14, 14, 11, 16, 21, 2, 0, 0, 0, 0]"
2483,<SOS>kem<EOS>        ,boy,"['k', 'e', 'm']",3,1.0,"[1, 13, 7, 15, 2, 0, 0, 0, 0, 0, 0, 0, 0]"
5634,<SOS>kimberlie<EOS>  ,girl,"['k', 'i', 'm', 'b', 'e', 'r', 'l', 'i', 'e']",9,0.0,"[1, 13, 11, 15, 4, 7, 20, 14, 11, 7, 2, 0, 0]"
5771,<SOS>kristan<EOS>    ,girl,"['k', 'r', 'i', 's', 't', 'a', 'n']",7,0.0,"[1, 13, 20, 11, 21, 22, 3, 16, 2, 0, 0, 0, 0]"
3616,<SOS>margret<EOS>    ,girl,"['m', 'a', 'r', 'g', 'r', 'e', 't']",7,0.0,"[1, 15, 3, 20, 9, 20, 7, 22, 2, 0, 0, 0, 0]"
5868,<SOS>briana<EOS>     ,girl,"['b', 'r', 'i', 'a', 'n', 'a']",6,0.0,"[1, 4, 20, 11, 3, 16, 3, 2, 0, 0, 0, 0, 0]"
1711,<SOS>kent<EOS>       ,boy,"['k', 'e', 'n', 't']",4,1.0,"[1, 13, 7, 16, 22, 2, 0, 0, 0, 0, 0, 0, 0]"
3292,<SOS>omarion<EOS>    ,boy,"['o', 'm', 'a', 'r', 'i', 'o', 'n']",7,1.0,"[1, 17, 15, 3, 20, 11, 17, 16, 2, 0, 0, 0, 0]"
4810,<SOS>vernia<EOS>     ,girl,"['v', 'e', 'r', 'n', 'i', 'a']",6,0.0,"[1, 24, 7, 20, 16, 11, 3, 2, 0, 0, 0, 0, 0]"
974,<SOS>hermon<EOS>     ,boy,"['h', 'e', 'r', 'm', 'o', 'n']",6,1.0,"[1, 10, 7, 20, 15, 17, 16, 2, 0, 0, 0, 0, 0]"
6639,<SOS>sanaa<EOS>      ,girl,"['s', 'a', 'n', 'a', 'a']",5,0.0,"[1, 21, 3, 16, 3, 3, 2, 0, 0, 0, 0, 0, 0]"
6026,<SOS>mariana<EOS>    ,girl,"['m', 'a', 'r', 'i', 'a', 'n', 'a']",7,0.0,"[1, 15, 3, 20, 11, 3, 16, 3, 2, 0, 0, 0, 0]"
5381,<SOS>terese<EOS>     ,girl,"['t', 'e', 'r', 'e', 's', 'e']",6,0.0,"[1, 22, 7, 20, 7, 21, 7, 2, 0, 0, 0, 0, 0]"
596,<SOS>verne<EOS>      ,boy,"['v', 'e', 'r', 'n', 'e']",5,1.0,"[1, 24, 7, 20, 16, 7, 2, 0, 0, 0, 0, 0, 0]"
4488,<SOS>maxine<EOS>     ,girl,"['m', 'a', 'x', 'i', 'n', 'e']",6,0.0,"[1, 15, 3, 26, 11, 16, 7, 2, 0, 0, 0, 0, 0]"
3159,<SOS>kobe<EOS>       ,boy,"['k', 'o', 'b', 'e']",4,1.0,"[1, 13, 17, 4, 7, 2, 0, 0, 0, 0, 0, 0, 0]"
1995,<SOS>jamie<EOS>      ,boy,"['j', 'a', 'm', 'i', 'e']",5,1.0,"[1, 12, 3, 15, 11, 7, 2, 0, 0, 0, 0, 0, 0]"
337,<SOS>josiah<EOS>     ,boy,"['j', 'o', 's', 'i', 'a', 'h']",6,1.0,"[1, 12, 17, 21, 11, 3, 10, 2, 0, 0, 0, 0, 0]"
1663,<SOS>posey<EOS>      ,boy,"['p', 'o', 's', 'e', 'y']",5,1.0,"[1, 18, 17, 21, 7, 27, 2, 0, 0, 0, 0, 0, 0]"
5403,<SOS>pandora<EOS>    ,girl,"['p', 'a', 'n', 'd', 'o', 'r', 'a']",7,0.0,"[1, 18, 3, 16, 6, 17, 20, 3, 2, 0, 0, 0, 0]"
6039,<SOS>kati<EOS>       ,girl,"['k', 'a', 't', 'i']",4,0.0,"[1, 13, 3, 22, 11, 2, 0, 0, 0, 0, 0, 0, 0]"
6560,<SOS>arely<EOS>      ,girl,"['a', 'r', 'e', 'l', 'y']",5,0.0,"[1, 3, 20, 7, 14, 27, 2, 0, 0, 0, 0, 0, 0]"
1922,<SOS>rosevelt<EOS>   ,boy,"['r', 'o', 's', 'e', 'v', 'e', 'l', 't']",8,1.0,"[1, 20, 17, 21, 7, 24, 7, 14, 22, 2, 0, 0, 0]"
4093,<SOS>pollie<EOS>     ,girl,"['p', 'o', 'l', 'l', 'i', 'e']",6,0.0,"[1, 18, 17, 14, 14, 11, 7, 2, 0, 0, 0, 0, 0]"
2943,<SOS>kalen<EOS>      ,boy,"['k', 'a', 'l', 'e', 'n']",5,1.0,"[1, 13, 3, 14, 7, 16, 2, 0, 0, 0, 0, 0, 0]"
4539,<SOS>beula<EOS>      ,girl,"['b', 'e', 'u', 'l', 'a']",5,0.0,"[1, 4, 7, 23, 14, 3, 2, 0, 0, 0, 0, 0, 0]"
275,<SOS>arnold<EOS>     ,boy,"['a', 'r', 'n', 'o', 'l', 'd']",6,1.0,"[1, 3, 20, 16, 17, 14, 6, 2, 0, 0, 0, 0, 0]"
1289,<SOS>garnet<EOS>     ,boy,"['g', 'a', 'r', 'n', 'e', 't']",6,1.0,"[1, 9, 3, 20, 16, 7, 22, 2, 0, 0, 0, 0, 0]"
5003,<SOS>delois<EOS>     ,girl,"['d', 'e', 'l', 'o', 'i', 's']",6,0.0,"[1, 6, 7, 14, 17, 11, 21, 2, 0, 0, 0, 0, 0]"
412,<SOS>jesus<EOS>      ,boy,"['j', 'e', 's', 'u', 's']",5,1.0,"[1, 12, 7, 21, 23, 21, 2, 0, 0, 0, 0, 0, 0]"
1383,<SOS>love<EOS>       ,boy,"['l', 'o', 'v', 'e']",4,1.0,"[1, 14, 17, 24, 7, 2, 0, 0, 0, 0, 0, 0, 0]"
950,<SOS>eliseo<EOS>     ,boy,"['e', 'l', 'i', 's', 'e', 'o']",6,1.0,"[1, 7, 14, 11, 21, 7, 17, 2, 0, 0, 0, 0, 0]"
5126,<SOS>karol<EOS>      ,girl,"['k', 'a', 'r', 'o', 'l']",5,0.0,"[1, 13, 3, 20, 17, 14, 2, 0, 0, 0, 0, 0, 0]"
2578,<SOS>daryn<EOS>      ,boy,"['d', 'a', 'r', 'y', 'n']",5,1.0,"[1, 6, 3, 20, 27, 16, 2, 0, 0, 0, 0, 0, 0]"
5964,<SOS>lashunda<EOS>   ,girl,"['l', 'a', 's', 'h', 'u', 'n', 'd', 'a']",8,0.0,"[1, 14, 3, 21, 10, 23, 16, 6, 3, 2, 0, 0, 0]"
290,<SOS>ambrose<EOS>    ,boy,"['a', 'm', 'b', 'r', 'o', 's', 'e']",7,1.0,"[1, 3, 15, 4, 20, 17, 21, 7, 2, 0, 0, 0, 0]"
750,<SOS>bedford<EOS>    ,boy,"['b', 'e', 'd', 'f', 'o', 'r', 'd']",7,1.0,"[1, 4, 7, 6, 8, 17, 20, 6, 2, 0, 0, 0, 0]"
4519,<SOS>kathern<EOS>    ,girl,"['k', 'a', 't', 'h', 'e', 'r', 'n']",7,0.0,"[1, 13, 3, 22, 10, 7, 20, 16, 2, 0, 0, 0, 0]"
1608,<SOS>elgie<EOS>      ,boy,"['e', 'l', 'g', 'i', 'e']",5,1.0,"[1, 7, 14, 9, 11, 7, 2, 0, 0, 0, 0, 0, 0]"
4953,<SOS>haruko<EOS>     ,girl,"['h', 'a', 'r', 'u', 'k', 'o']",6,0.0,"[1, 10, 3, 20, 23, 13, 17, 2, 0, 0, 0, 0, 0]"
1038,<SOS>unknown<EOS>    ,boy,"['u', 'n', 'k', 'n', 'o', 'w', 'n']",7,1.0,"[1, 23, 16, 13, 16, 17, 25, 16, 2, 0, 0, 0, 0]"
2627,<SOS>darby<EOS>      ,boy,"['d', 'a', 'r', 'b', 'y']",5,1.0,"[1, 6, 3, 20, 4, 27, 2, 0, 0, 0, 0, 0, 0]"
6227,<SOS>hali<EOS>       ,girl,"['h', 'a', 'l', 'i']",4,0.0,"[1, 10, 3, 14, 11, 2, 0, 0, 0, 0, 0, 0, 0]"
5885,<SOS>alanna<EOS>     ,girl,"['a', 'l', 'a', 'n', 'n', 'a']",6,0.0,"[1, 3, 14, 3, 16, 16, 3, 2, 0, 0, 0, 0, 0]"
38,<SOS>jacob<EOS>      ,boy,"['j', 'a', 'c', 'o', 'b']",5,1.0,"[1, 12, 3, 5, 17, 4, 2, 0, 0, 0, 0, 0, 0]"
3712,<SOS>emmaline<EOS>   ,girl,"['e', 'm', 'm', 'a', 'l', 'i', 'n', 'e']",8,0.0,"[1, 7, 15, 15, 3, 14, 11, 16, 7, 2, 0, 0, 0]"
4467,<SOS>junia<EOS>      ,girl,"['j', 'u', 'n', 'i', 'a']",5,0.0,"[1, 12, 23, 16, 11, 3, 2, 0, 0, 0, 0, 0, 0]"
4549,<SOS>dorthy<EOS>     ,girl,"['d', 'o', 'r', 't', 'h', 'y']",6,0.0,"[1, 6, 17, 20, 22, 10, 27, 2, 0, 0, 0, 0, 0]"
2356,<SOS>lenny<EOS>      ,boy,"['l', 'e', 'n', 'n', 'y']",5,1.0,"[1, 14, 7, 16, 16, 27, 2, 0, 0, 0, 0, 0, 0]"
3699,<SOS>ila<EOS>        ,girl,"['i', 'l', 'a']",3,0.0,"[1, 11, 14, 3, 2, 0, 0, 0, 0, 0, 0, 0, 0]"
5604,<SOS>alyssa<EOS>     ,girl,"['a', 'l', 'y', 's', 's', 'a']",6,0.0,"[1, 3, 14, 27, 21, 21, 3, 2, 0, 0, 0, 0, 0]"
2579,<SOS>darien<EOS>     ,boy,"['d', 'a', 'r', 'i', 'e', 'n']",6,1.0,"[1, 6, 3, 20, 11, 7, 16, 2, 0, 0, 0, 0, 0]"
1638,<SOS>doyle<EOS>      ,boy,"['d', 'o', 'y', 'l', 'e']",5,1.0,"[1, 6, 17, 27, 14, 7, 2, 0, 0, 0, 0, 0, 0]"
3148,<SOS>jair<EOS>       ,boy,"['j', 'a', 'i', 'r']",4,1.0,"[1, 12, 3, 11, 20, 2, 0, 0, 0, 0, 0, 0, 0]"
5134,<SOS>gaye<EOS>       ,girl,"['g', 'a', 'y', 'e']",4,0.0,"[1, 9, 3, 27, 7, 2, 0, 0, 0, 0, 0, 0, 0]"
3563,<SOS>jeannette<EOS>  ,girl,"['j', 'e', 'a', 'n', 'n', 'e', 't', 't', 'e']",9,0.0,"[1, 12, 7, 3, 16, 16, 7, 22, 22, 7, 2, 0, 0]"
3862,<SOS>elenora<EOS>    ,girl,"['e', 'l', 'e', 'n', 'o', 'r', 'a']",7,0.0,"[1, 7, 14, 7, 16, 17, 20, 3, 2, 0, 0, 0, 0]"
5176,<SOS>deann<EOS>      ,girl,"['d', 'e', 'a', 'n', 'n']",5,0.0,"[1, 6, 7, 3, 16, 16, 2, 0, 0, 0, 0, 0, 0]"
6454,<SOS>jacey<EOS>      ,girl,"['j', 'a', 'c', 'e', 'y']",5,0.0,"[1, 12, 3, 5, 7, 27, 2, 0, 0, 0, 0, 0, 0]"
2090,<SOS>gasper<EOS>     ,boy,"['g', 'a', 's', 'p', 'e', 'r']",6,1.0,"[1, 9, 3, 21, 18, 7, 20, 2, 0, 0, 0, 0, 0]"
339,<SOS>royal<EOS>      ,boy,"['r', 'o', 'y', 'a', 'l']",5,1.0,"[1, 20, 17, 27, 3, 14, 2, 0, 0, 0, 0, 0, 0]"
1376,<SOS>benjamen<EOS>   ,boy,"['b', 'e', 'n', 'j', 'a', 'm', 'e', 'n']",8,1.0,"[1, 4, 7, 16, 12, 3, 15, 7, 16, 2, 0, 0, 0]"
2753,<SOS>ahmed<EOS>      ,boy,"['a', 'h', 'm', 'e', 'd']",5,1.0,"[1, 3, 10, 15, 7, 6, 2, 0, 0, 0, 0, 0, 0]"
19,<SOS>joe<EOS>        ,boy,"['j', 'o', 'e']",3,1.0,"[1, 12, 17, 7, 2, 0, 0, 0, 0, 0, 0, 0, 0]"
5248,<SOS>leann<EOS>      ,girl,"['l', 'e', 'a', 'n', 'n']",5,0.0,"[1, 14, 7, 3, 16, 16, 2, 0, 0, 0, 0, 0, 0]"
5651,<SOS>gia<EOS>        ,girl,"['g', 'i', 'a']",3,0.0,"[1, 9, 11, 3, 2, 0, 0, 0, 0, 0, 0, 0, 0]"
144,<SOS>adolph<EOS>     ,boy,"['a', 'd', 'o', 'l', 'p', 'h']",6,1.0,"[1, 3, 6, 17, 14, 18, 10, 2, 0, 0, 0, 0, 0]"
274,<SOS>porter<EOS>     ,boy,"['p', 'o', 'r', 't', 'e', 'r']",6,1.0,"[1, 18, 17, 20, 22, 7, 20, 2, 0, 0, 0, 0, 0]"
4645,<SOS>madaline<EOS>   ,girl,"['m', 'a', 'd', 'a', 'l', 'i', 'n', 'e']",8,0.0,"[1, 15, 3, 6, 3, 14, 11, 16, 7, 2, 0, 0, 0]"
2505,<SOS>keenan<EOS>     ,boy,"['k', 'e', 'e', 'n', 'a', 'n']",6,1.0,"[1, 13, 7, 7, 16, 3, 16, 2, 0, 0, 0, 0, 0]"
2990,<SOS>kendal<EOS>     ,boy,"['k', 'e', 'n', 'd', 'a', 'l']",6,1.0,"[1, 13, 7, 16, 6, 3, 14, 2, 0, 0, 0, 0, 0]"
6068,<SOS>cassondra<EOS>  ,girl,"['c', 'a', 's', 's', 'o', 'n', 'd', 'r', 'a']",9,0.0,"[1, 5, 3, 21, 21, 17, 16, 6, 20, 3, 2, 0, 0]"
6498,<SOS>willow<EOS>     ,girl,"['w', 'i', 'l', 'l', 'o', 'w']",6,0.0,"[1, 25, 11, 14, 14, 17, 25, 2, 0, 0, 0, 0, 0]"
2305,<SOS>sandra<EOS>     ,boy,"['s', 'a', 'n', 'd', 'r', 'a']",6,1.0,"[1, 21, 3, 16, 6, 20, 3, 2, 0, 0, 0, 0, 0]"
3555,<SOS>selma<EOS>      ,girl,"['s', 'e', 'l', 'm', 'a']",5,0.0,"[1, 21, 7, 14, 15, 3, 2, 0, 0, 0, 0, 0, 0]"
3182,<SOS>nikhil<EOS>     ,boy,"['n', 'i', 'k', 'h', 'i', 'l']",6,1.0,"[1, 16, 11, 13, 10, 11, 14, 2, 0, 0, 0, 0, 0]"
6570,<SOS>ashtyn<EOS>     ,girl,"['a', 's', 'h', 't', 'y', 'n']",6,0.0,"[1, 3, 21, 10, 22, 27, 16, 2, 0, 0, 0, 0, 0]"
637,<SOS>wong<EOS>       ,boy,"['w', 'o', 'n', 'g']",4,1.0,"[1, 25, 17, 16, 9, 2, 0, 0, 0, 0, 0, 0, 0]"
1676,<SOS>loyal<EOS>      ,boy,"['l', 'o', 'y', 'a', 'l']",5,1.0,"[1, 14, 17, 27, 3, 14, 2, 0, 0, 0, 0, 0, 0]"
4165,<SOS>petra<EOS>      ,girl,"['p', 'e', 't', 'r', 'a']",5,0.0,"[1, 18, 7, 22, 20, 3, 2, 0, 0, 0, 0, 0, 0]"
4383,<SOS>carmela<EOS>    ,girl,"['c', 'a', 'r', 'm', 'e', 'l', 'a']",7,0.0,"[1, 5, 3, 20, 15, 7, 14, 3, 2, 0, 0, 0, 0]"
5623,<SOS>kimberli<EOS>   ,girl,"['k', 'i', 'm', 'b', 'e', 'r', 'l', 'i']",8,0.0,"[1, 13, 11, 15, 4, 7, 20, 14, 11, 2, 0, 0, 0]"
5421,<SOS>brooke<EOS>     ,girl,"['b', 'r', 'o', 'o', 'k', 'e']",6,0.0,"[1, 4, 20, 17, 17, 13, 7, 2, 0, 0, 0, 0, 0]"
403,<SOS>alvah<EOS>      ,boy,"['a', 'l', 'v', 'a', 'h']",5,1.0,"[1, 3, 14, 24, 3, 10, 2, 0, 0, 0, 0, 0, 0]"
6535,<SOS>ryleigh<EOS>    ,girl,"['r', 'y', 'l', 'e', 'i', 'g', 'h']",7,0.0,"[1, 20, 27, 14, 7, 11, 9, 10, 2, 0, 0, 0, 0]"
2514,<SOS>efrem<EOS>      ,boy,"['e', 'f', 'r', 'e', 'm']",5,1.0,"[1, 7, 8, 20, 7, 15, 2, 0, 0, 0, 0, 0, 0]"
3018,<SOS>devonte<EOS>    ,boy,"['d', 'e', 'v', 'o', 'n', 't', 'e']",7,1.0,"[1, 6, 7, 24, 17, 16, 22, 7, 2, 0, 0, 0, 0]"
2486,<SOS>cynthia<EOS>    ,boy,"['c', 'y', 'n', 't', 'h', 'i', 'a']",7,1.0,"[1, 5, 27, 16, 22, 10, 11, 3, 2, 0, 0, 0, 0]"
6322,<SOS>hailee<EOS>     ,girl,"['h', 'a', 'i', 'l', 'e', 'e']",6,0.0,"[1, 10, 3, 11, 14, 7, 7, 2, 0, 0, 0, 0, 0]"
5359,<SOS>fonda<EOS>      ,girl,"['f', 'o', 'n', 'd', 'a']",5,0.0,"[1, 8, 17, 16, 6, 3, 2, 0, 0, 0, 0, 0, 0]"
620,<SOS>lonzo<EOS>      ,boy,"['l', 'o', 'n', 'z', 'o']",5,1.0,"[1, 14, 17, 16, 28, 17, 2, 0, 0, 0, 0, 0, 0]"
4647,<SOS>sibbie<EOS>     ,girl,"['s', 'i', 'b', 'b', 'i', 'e']",6,0.0,"[1, 21, 11, 4, 4, 11, 7, 2, 0, 0, 0, 0, 0]"
2845,<SOS>mohammad<EOS>   ,boy,"['m', 'o', 'h', 'a', 'm', 'm', 'a', 'd']",8,1.0,"[1, 15, 17, 10, 3, 15, 15, 3, 6, 2, 0, 0, 0]"
2339,<SOS>jeremy<EOS>     ,boy,"['j', 'e', 'r', 'e', 'm', 'y']",6,1.0,"[1, 12, 7, 20, 7, 15, 27, 2, 0, 0, 0, 0, 0]"
2996,<SOS>stetson<EOS>    ,boy,"['s', 't', 'e', 't', 's', 'o', 'n']",7,1.0,"[1, 21, 22, 7, 22, 21, 17, 16, 2, 0, 0, 0, 0]"
4068,<SOS>letty<EOS>      ,girl,"['l', 'e', 't', 't', 'y']",5,0.0,"[1, 14, 7, 22, 22, 27, 2, 0, 0, 0, 0, 0, 0]"
1234,<SOS>jobe<EOS>       ,boy,"['j', 'o', 'b', 'e']",4,1.0,"[1, 12, 17, 4, 7, 2, 0, 0, 0, 0, 0, 0, 0]"
5377,<SOS>debrah<EOS>     ,girl,"['d', 'e', 'b', 'r', 'a', 'h']",6,0.0,"[1, 6, 7, 4, 20, 3, 10, 2, 0, 0, 0, 0, 0]"
4939,<SOS>michelina<EOS>  ,girl,"['m', 'i', 'c', 'h', 'e', 'l', 'i', 'n', 'a']",9,0.0,"[1, 15, 11, 5, 10, 7, 14, 11, 16, 3, 2, 0, 0]"
423,<SOS>wilford<EOS>    ,boy,"['w', 'i', 'l', 'f', 'o', 'r', 'd']",7,1.0,"[1, 25, 11, 14, 8, 17, 20, 6, 2, 0, 0, 0, 0]"
5254,<SOS>aloma<EOS>      ,girl,"['a', 'l', 'o', 'm', 'a']",5,0.0,"[1, 3, 14, 17, 15, 3, 2, 0, 0, 0, 0, 0, 0]"
3329,<SOS>cristofer<EOS>  ,boy,"['c', 'r', 'i', 's', 't', 'o', 'f', 'e', 'r']",9,1.0,"[1, 5, 20, 11, 21, 22, 17, 8, 7, 20, 2, 0, 0]"
1030,<SOS>manning<EOS>    ,boy,"['m', 'a', 'n', 'n', 'i', 'n', 'g']",7,1.0,"[1, 15, 3, 16, 16, 11, 16, 9, 2, 0, 0, 0, 0]"
2041,<SOS>delphin<EOS>    ,boy,"['d', 'e', 'l', 'p', 'h', 'i', 'n']",7,1.0,"[1, 6, 7, 14, 18, 10, 11, 16, 2, 0, 0, 0, 0]"
5202,<SOS>fran<EOS>       ,girl,"['f', 'r', 'a', 'n']",4,0.0,"[1, 8, 20, 3, 16, 2, 0, 0, 0, 0, 0, 0, 0]"
3078,<SOS>adonis<EOS>     ,boy,"['a', 'd', 'o', 'n', 'i', 's']",6,1.0,"[1, 3, 6, 17, 16, 11, 21, 2, 0, 0, 0, 0, 0]"
5668,<SOS>demetra<EOS>    ,girl,"['d', 'e', 'm', 'e', 't', 'r', 'a']",7,0.0,"[1, 6, 7, 15, 7, 22, 20, 3, 2, 0, 0, 0, 0]"
5262,<SOS>merrilee<EOS>   ,girl,"['m', 'e', 'r', 'r', 'i', 'l', 'e', 'e']",8,0.0,"[1, 15, 7, 20, 20, 11, 14, 7, 7, 2, 0, 0, 0]"
2965,<SOS>jamarcus<EOS>   ,boy,"['j', 'a', 'm', 'a', 'r', 'c', 'u', 's']",8,1.0,"[1, 12, 3, 15, 3, 20, 5, 23, 21, 2, 0, 0, 0]"
218,<SOS>sherman<EOS>    ,boy,"['s', 'h', 'e', 'r', 'm', 'a', 'n']",7,1.0,"[1, 21, 10, 7, 20, 15, 3, 16, 2, 0, 0, 0, 0]"
5776,<SOS>tosha<EOS>      ,girl,"['t', 'o', 's', 'h', 'a']",5,0.0,"[1, 22, 17, 21, 10, 3, 2, 0, 0, 0, 0, 0, 0]"
3021,<SOS>gunnar<EOS>     ,boy,"['g', 'u', 'n', 'n', 'a', 'r']",6,1.0,"[1, 9, 23, 16, 16, 3, 20, 2, 0, 0, 0, 0, 0]"
1227,<SOS>domingo<EOS>    ,boy,"['d', 'o', 'm', 'i', 'n', 'g', 'o']",7,1.0,"[1, 6, 17, 15, 11, 16, 9, 17, 2, 0, 0, 0, 0]"
6647,<SOS>angeles<EOS>    ,girl,"['a', 'n', 'g', 'e', 'l', 'e', 's']",7,0.0,"[1, 3, 16, 9, 7, 14, 7, 21, 2, 0, 0, 0, 0]"
2463,<SOS>levern<EOS>     ,boy,"['l', 'e', 'v', 'e', 'r', 'n']",6,1.0,"[1, 14, 7, 24, 7, 20, 16, 2, 0, 0, 0, 0, 0]"
5242,<SOS>kristine<EOS>   ,girl,"['k', 'r', 'i', 's', 't', 'i', 'n', 'e']",8,0.0,"[1, 13, 20, 11, 21, 22, 11, 16, 7, 2, 0, 0, 0]"
2797,<SOS>lavar<EOS>      ,boy,"['l', 'a', 'v', 'a', 'r']",5,1.0,"[1, 14, 3, 24, 3, 20, 2, 0, 0, 0, 0, 0, 0]"
4212,<SOS>jinnie<EOS>     ,girl,"['j', 'i', 'n', 'n', 'i', 'e']",6,0.0,"[1, 12, 11, 16, 16, 11, 7, 2, 0, 0, 0, 0, 0]"
3533,<SOS>rosetta<EOS>    ,girl,"['r', 'o', 's', 'e', 't', 't', 'a']",7,0.0,"[1, 20, 17, 21, 7, 22, 22, 3, 2, 0, 0, 0, 0]"
4962,<SOS>shirlee<EOS>    ,girl,"['s', 'h', 'i', 'r', 'l', 'e', 'e']",7,0.0,"[1, 21, 10, 11, 20, 14, 7, 7, 2, 0, 0, 0, 0]"
2624,<SOS>korey<EOS>      ,boy,"['k', 'o', 'r', 'e', 'y']",5,1.0,"[1, 13, 17, 20, 7, 27, 2, 0, 0, 0, 0, 0, 0]"
4684,<SOS>cannie<EOS>     ,girl,"['c', 'a', 'n', 'n', 'i', 'e']",6,0.0,"[1, 5, 3, 16, 16, 11, 7, 2, 0, 0, 0, 0, 0]"
5008,<SOS>sherry<EOS>     ,girl,"['s', 'h', 'e', 'r', 'r', 'y']",6,0.0,"[1, 21, 10, 7, 20, 20, 27, 2, 0, 0, 0, 0, 0]"
183,<SOS>marvin<EOS>     ,boy,"['m', 'a', 'r', 'v', 'i', 'n']",6,1.0,"[1, 15, 3, 20, 24, 11, 16, 2, 0, 0, 0, 0, 0]"
556,<SOS>rush<EOS>       ,boy,"['r', 'u', 's', 'h']",4,1.0,"[1, 20, 23, 21, 10, 2, 0, 0, 0, 0, 0, 0, 0]"
1718,<SOS>dessie<EOS>     ,boy,"['d', 'e', 's', 's', 'i', 'e']",6,1.0,"[1, 6, 7, 21, 21, 11, 7, 2, 0, 0, 0, 0, 0]"
3059,<SOS>caden<EOS>      ,boy,"['c', 'a', 'd', 'e', 'n']",5,1.0,"[1, 5, 3, 6, 7, 16, 2, 0, 0, 0, 0, 0, 0]"
2134,<SOS>merlyn<EOS>     ,boy,"['m', 'e', 'r', 'l', 'y', 'n']",6,1.0,"[1, 15, 7, 20, 14, 27, 16, 2, 0, 0, 0, 0, 0]"
4154,<SOS>eleonora<EOS>   ,girl,"['e', 'l', 'e', 'o', 'n', 'o', 'r', 'a']",8,0.0,"[1, 7, 14, 7, 17, 16, 17, 20, 3, 2, 0, 0, 0]"
5325,<SOS>lori<EOS>       ,girl,"['l', 'o', 'r', 'i']",4,0.0,"[1, 14, 17, 20, 11, 2, 0, 0, 0, 0, 0, 0, 0]"
1440,<SOS>worley<EOS>     ,boy,"['w', 'o', 'r', 'l', 'e', 'y']",6,1.0,"[1, 25, 17, 20, 14, 7, 27, 2, 0, 0, 0, 0, 0]"
6574,<SOS>jailyn<EOS>     ,girl,"['j', 'a', 'i', 'l', 'y', 'n']",6,0.0,"[1, 12, 3, 11, 14, 27, 16, 2, 0, 0, 0, 0, 0]"
1798,<SOS>gurney<EOS>     ,boy,"['g', 'u', 'r', 'n', 'e', 'y']",6,1.0,"[1, 9, 23, 20, 16, 7, 27, 2, 0, 0, 0, 0, 0]"
3315,<SOS>maddox<EOS>     ,boy,"['m', 'a', 'd', 'd', 'o', 'x']",6,1.0,"[1, 15, 3, 6, 6, 17, 26, 2, 0, 0, 0, 0, 0]"
1183,<SOS>martha<EOS>     ,boy,"['m', 'a', 'r', 't', 'h', 'a']",6,1.0,"[1, 15, 3, 20, 22, 10, 3, 2, 0, 0, 0, 0, 0]"
4228,<SOS>ason<EOS>       ,girl,"['a', 's', 'o', 'n']",4,0.0,"[1, 3, 21, 17, 16, 2, 0, 0, 0, 0, 0, 0, 0]"
833,<SOS>commodore<EOS>  ,boy,"['c', 'o', 'm', 'm', 'o', 'd', 'o', 'r', 'e']",9,1.0,"[1, 5, 17, 15, 15, 17, 6, 17, 20, 7, 2, 0, 0]"
4618,<SOS>nadine<EOS>     ,girl,"['n', 'a', 'd', 'i', 'n', 'e']",6,0.0,"[1, 16, 3, 6, 11, 16, 7, 2, 0, 0, 0, 0, 0]"
1310,<SOS>woody<EOS>      ,boy,"['w', 'o', 'o', 'd', 'y']",5,1.0,"[1, 25, 17, 17, 6, 27, 2, 0, 0, 0, 0, 0, 0]"
3495,<SOS>rena<EOS>       ,girl,"['r', 'e', 'n', 'a']",4,0.0,"[1, 20, 7, 16, 3, 2, 0, 0, 0, 0, 0, 0, 0]"
5284,<SOS>teri<EOS>       ,girl,"['t', 'e', 'r', 'i']",4,0.0,"[1, 22, 7, 20, 11, 2, 0, 0, 0, 0, 0, 0, 0]"
1944,<SOS>danny<EOS>      ,boy,"['d', 'a', 'n', 'n', 'y']",5,1.0,"[1, 6, 3, 16, 16, 27, 2, 0, 0, 0, 0, 0, 0]"
481,<SOS>alford<EOS>     ,boy,"['a', 'l', 'f', 'o', 'r', 'd']",6,1.0,"[1, 3, 14, 8, 17, 20, 6, 2, 0, 0, 0, 0, 0]"
2229,<SOS>dino<EOS>       ,boy,"['d', 'i', 'n', 'o']",4,1.0,"[1, 6, 11, 16, 17, 2, 0, 0, 0, 0, 0, 0, 0]"
3049,<SOS>devonta<EOS>    ,boy,"['d', 'e', 'v', 'o', 'n', 't', 'a']",7,1.0,"[1, 6, 7, 24, 17, 16, 22, 3, 2, 0, 0, 0, 0]"
383,<SOS>dee<EOS>        ,boy,"['d', 'e', 'e']",3,1.0,"[1, 6, 7, 7, 2, 0, 0, 0, 0, 0, 0, 0, 0]"
3451,<SOS>charlotte<EOS>  ,girl,"['c', 'h', 'a', 'r', 'l', 'o', 't', 't', 'e']",9,0.0,"[1, 5, 10, 3, 20, 14, 17, 22, 22, 7, 2, 0, 0]"
2203,<SOS>arlen<EOS>      ,boy,"['a', 'r', 'l', 'e', 'n']",5,1.0,"[1, 3, 20, 14, 7, 16, 2, 0, 0, 0, 0, 0, 0]"
2743,<SOS>stephanie<EOS>  ,boy,"['s', 't', 'e', 'p', 'h', 'a', 'n', 'i', 'e']",9,1.0,"[1, 21, 22, 7, 18, 10, 3, 16, 11, 7, 2, 0, 0]"
6519,<SOS>kiarra<EOS>     ,girl,"['k', 'i', 'a', 'r', 'r', 'a']",6,0.0,"[1, 13, 11, 3, 20, 20, 3, 2, 0, 0, 0, 0, 0]"
1543,<SOS>acey<EOS>       ,boy,"['a', 'c', 'e', 'y']",4,1.0,"[1, 3, 5, 7, 27, 2, 0, 0, 0, 0, 0, 0, 0]"
2461,<SOS>heriberto<EOS>  ,boy,"['h', 'e', 'r', 'i', 'b', 'e', 'r', 't', 'o']",9,1.0,"[1, 10, 7, 20, 11, 4, 7, 20, 22, 17, 2, 0, 0]"
3596,<SOS>adella<EOS>     ,girl,"['a', 'd', 'e', 'l', 'l', 'a']",6,0.0,"[1, 3, 6, 7, 14, 14, 3, 2, 0, 0, 0, 0, 0]"
3544,<SOS>polly<EOS>      ,girl,"['p', 'o', 'l', 'l', 'y']",5,0.0,"[1, 18, 17, 14, 14, 27, 2, 0, 0, 0, 0, 0, 0]"
3950,<SOS>ardella<EOS>    ,girl,"['a', 'r', 'd', 'e', 'l', 'l', 'a']",7,0.0,"[1, 3, 20, 6, 7, 14, 14, 3, 2, 0, 0, 0, 0]"
426,<SOS>arther<EOS>     ,boy,"['a', 'r', 't', 'h', 'e', 'r']",6,1.0,"[1, 3, 20, 22, 10, 7, 20, 2, 0, 0, 0, 0, 0]"
4468,<SOS>laney<EOS>      ,girl,"['l', 'a', 'n', 'e', 'y']",5,0.0,"[1, 14, 3, 16, 7, 27, 2, 0, 0, 0, 0, 0, 0]"
830,<SOS>clarke<EOS>     ,boy,"['c', 'l', 'a', 'r', 'k', 'e']",6,1.0,"[1, 5, 14, 3, 20, 13, 7, 2, 0, 0, 0, 0, 0]"
346,<SOS>laurence<EOS>   ,boy,"['l', 'a', 'u', 'r', 'e', 'n', 'c', 'e']",8,1.0,"[1, 14, 3, 23, 20, 7, 16, 5, 7, 2, 0, 0, 0]"
1315,<SOS>isidor<EOS>     ,boy,"['i', 's', 'i', 'd', 'o', 'r']",6,1.0,"[1, 11, 21, 11, 6, 17, 20, 2, 0, 0, 0, 0, 0]"
636,<SOS>warner<EOS>     ,boy,"['w', 'a', 'r', 'n', 'e', 'r']",6,1.0,"[1, 25, 3, 20, 16, 7, 20, 2, 0, 0, 0, 0, 0]"
1447,<SOS>fielding<EOS>   ,boy,"['f', 'i', 'e', 'l', 'd', 'i', 'n', 'g']",8,1.0,"[1, 8, 11, 7, 14, 6, 11, 16, 9, 2, 0, 0, 0]"
2613,<SOS>tina<EOS>       ,boy,"['t', 'i', 'n', 'a']",4,1.0,"[1, 22, 11, 16, 3, 2, 0, 0, 0, 0, 0, 0, 0]"
1251,<SOS>steward<EOS>    ,boy,"['s', 't', 'e', 'w', 'a', 'r', 'd']",7,1.0,"[1, 21, 22, 7, 25, 3, 20, 6, 2, 0, 0, 0, 0]"
5691,<SOS>wende<EOS>      ,girl,"['w', 'e', 'n', 'd', 'e']",5,0.0,"[1, 25, 7, 16, 6, 7, 2, 0, 0, 0, 0, 0, 0]"
4307,<SOS>hermina<EOS>    ,girl,"['h', 'e', 'r', 'm', 'i', 'n', 'a']",7,0.0,"[1, 10, 7, 20, 15, 11, 16, 3, 2, 0, 0, 0, 0]"
1558,<SOS>benson<EOS>     ,boy,"['b', 'e', 'n', 's', 'o', 'n']",6,1.0,"[1, 4, 7, 16, 21, 17, 16, 2, 0, 0, 0, 0, 0]"
1099,<SOS>atticus<EOS>    ,boy,"['a', 't', 't', 'i', 'c', 'u', 's']",7,1.0,"[1, 3, 22, 22, 11, 5, 23, 21, 2, 0, 0, 0, 0]"
2199,<SOS>akira<EOS>      ,boy,"['a', 'k', 'i', 'r', 'a']",5,1.0,"[1, 3, 13, 11, 20, 3, 2, 0, 0, 0, 0, 0, 0]"
6080,<SOS>tenika<EOS>     ,girl,"['t', 'e', 'n', 'i', 'k', 'a']",6,0.0,"[1, 22, 7, 16, 11, 13, 3, 2, 0, 0, 0, 0, 0]"
85,<SOS>willis<EOS>     ,boy,"['w', 'i', 'l', 'l', 'i', 's']",6,1.0,"[1, 25, 11, 14, 14, 11, 21, 2, 0, 0, 0, 0, 0]"
6317,<SOS>aubree<EOS>     ,girl,"['a', 'u', 'b', 'r', 'e', 'e']",6,0.0,"[1, 3, 23, 4, 20, 7, 7, 2, 0, 0, 0, 0, 0]"
5409,<SOS>deborrah<EOS>   ,girl,"['d', 'e', 'b', 'o', 'r', 'r', 'a', 'h']",8,0.0,"[1, 6, 7, 4, 17, 20, 20, 3, 10, 2, 0, 0, 0]"
5680,<SOS>nichelle<EOS>   ,girl,"['n', 'i', 'c', 'h', 'e', 'l', 'l', 'e']",8,0.0,"[1, 16, 11, 5, 10, 7, 14, 14, 7, 2, 0, 0, 0]"
5343,<SOS>candis<EOS>     ,girl,"['c', 'a', 'n', 'd', 'i', 's']",6,0.0,"[1, 5, 3, 16, 6, 11, 21, 2, 0, 0, 0, 0, 0]"
6115,<SOS>karly<EOS>      ,girl,"['k', 'a', 'r', 'l', 'y']",5,0.0,"[1, 13, 3, 20, 14, 27, 2, 0, 0, 0, 0, 0, 0]"
1226,<SOS>cooper<EOS>     ,boy,"['c', 'o', 'o', 'p', 'e', 'r']",6,1.0,"[1, 5, 17, 17, 18, 7, 20, 2, 0, 0, 0, 0, 0]"
5141,<SOS>darlyne<EOS>    ,girl,"['d', 'a', 'r', 'l', 'y', 'n', 'e']",7,0.0,"[1, 6, 3, 20, 14, 27, 16, 7, 2, 0, 0, 0, 0]"
3746,<SOS>easter<EOS>     ,girl,"['e', 'a', 's', 't', 'e', 'r']",6,0.0,"[1, 7, 3, 21, 22, 7, 20, 2, 0, 0, 0, 0, 0]"
693,<SOS>clare<EOS>      ,boy,"['c', 'l', 'a', 'r', 'e']",5,1.0,"[1, 5, 14, 3, 20, 7, 2, 0, 0, 0, 0, 0, 0]"
4634,<SOS>oliva<EOS>      ,girl,"['o', 'l', 'i', 'v', 'a']",5,0.0,"[1, 17, 14, 11, 24, 3, 2, 0, 0, 0, 0, 0, 0]"
2275,<SOS>vernell<EOS>    ,boy,"['v', 'e', 'r', 'n', 'e', 'l', 'l']",7,1.0,"[1, 24, 7, 20, 16, 7, 14, 14, 2, 0, 0, 0, 0]"
2357,<SOS>rusty<EOS>      ,boy,"['r', 'u', 's', 't', 'y']",5,1.0,"[1, 20, 23, 21, 22, 27, 2, 0, 0, 0, 0, 0, 0]"
5705,<SOS>tanja<EOS>      ,girl,"['t', 'a', 'n', 'j', 'a']",5,0.0,"[1, 22, 3, 16, 12, 3, 2, 0, 0, 0, 0, 0, 0]"
4554,<SOS>genoveva<EOS>   ,girl,"['g', 'e', 'n', 'o', 'v', 'e', 'v', 'a']",8,0.0,"[1, 9, 7, 16, 17, 24, 7, 24, 3, 2, 0, 0, 0]"
2539,<SOS>drake<EOS>      ,boy,"['d', 'r', 'a', 'k', 'e']",5,1.0,"[1, 6, 20, 3, 13, 7, 2, 0, 0, 0, 0, 0, 0]"
6355,<SOS>kalene<EOS>     ,girl,"['k', 'a', 'l', 'e', 'n', 'e']",6,0.0,"[1, 13, 3, 14, 7, 16, 7, 2, 0, 0, 0, 0, 0]"
5821,<SOS>brandee<EOS>    ,girl,"['b', 'r', 'a', 'n', 'd', 'e', 'e']",7,0.0,"[1, 4, 20, 3, 16, 6, 7, 7, 2, 0, 0, 0, 0]"
4599,<SOS>anice<EOS>      ,girl,"['a', 'n', 'i', 'c', 'e']",5,0.0,"[1, 3, 16, 11, 5, 7, 2, 0, 0, 0, 0, 0, 0]"
713,<SOS>jonah<EOS>      ,boy,"['j', 'o', 'n', 'a', 'h']",5,1.0,"[1, 12, 17, 16, 3, 10, 2, 0, 0, 0, 0, 0, 0]"
2136,<SOS>hideo<EOS>      ,boy,"['h', 'i', 'd', 'e', 'o']",5,1.0,"[1, 10, 11, 6, 7, 17, 2, 0, 0, 0, 0, 0, 0]"
3614,<SOS>elise<EOS>      ,girl,"['e', 'l', 'i', 's', 'e']",5,0.0,"[1, 7, 14, 11, 21, 7, 2, 0, 0, 0, 0, 0, 0]"
2160,<SOS>marcos<EOS>     ,boy,"['m', 'a', 'r', 'c', 'o', 's']",6,1.0,"[1, 15, 3, 20, 5, 17, 21, 2, 0, 0, 0, 0, 0]"
5533,<SOS>tresa<EOS>      ,girl,"['t', 'r', 'e', 's', 'a']",5,0.0,"[1, 22, 20, 7, 21, 3, 2, 0, 0, 0, 0, 0, 0]"
1258,<SOS>alcee<EOS>      ,boy,"['a', 'l', 'c', 'e', 'e']",5,1.0,"[1, 3, 14, 5, 7, 7, 2, 0, 0, 0, 0, 0, 0]"
2992,<SOS>tiffany<EOS>    ,boy,"['t', 'i', 'f', 'f', 'a', 'n', 'y']",7,1.0,"[1, 22, 11, 8, 8, 3, 16, 27, 2, 0, 0, 0, 0]"
4081,<SOS>margarita<EOS>  ,girl,"['m', 'a', 'r', 'g', 'a', 'r', 'i', 't', 'a']",9,0.0,"[1, 15, 3, 20, 9, 3, 20, 11, 22, 3, 2, 0, 0]"
3311,<SOS>bradyn<EOS>     ,boy,"['b', 'r', 'a', 'd', 'y', 'n']",6,1.0,"[1, 4, 20, 3, 6, 27, 16, 2, 0, 0, 0, 0, 0]"
5928,<SOS>chana<EOS>      ,girl,"['c', 'h', 'a', 'n', 'a']",5,0.0,"[1, 5, 10, 3, 16, 3, 2, 0, 0, 0, 0, 0, 0]"
3587,<SOS>elma<EOS>       ,girl,"['e', 'l', 'm', 'a']",4,0.0,"[1, 7, 14, 15, 3, 2, 0, 0, 0, 0, 0, 0, 0]"
4566,<SOS>oline<EOS>      ,girl,"['o', 'l', 'i', 'n', 'e']",5,0.0,"[1, 17, 14, 11, 16, 7, 2, 0, 0, 0, 0, 0, 0]"
2952,<SOS>montrell<EOS>   ,boy,"['m', 'o', 'n', 't', 'r', 'e', 'l', 'l']",8,1.0,"[1, 15, 17, 16, 22, 20, 7, 14, 14, 2, 0, 0, 0]"
6009,<SOS>kylene<EOS>     ,girl,"['k', 'y', 'l', 'e', 'n', 'e']",6,0.0,"[1, 13, 27, 14, 7, 16, 7, 2, 0, 0, 0, 0, 0]"
2435,<SOS>kimball<EOS>    ,boy,"['k', 'i', 'm', 'b', 'a', 'l', 'l']",7,1.0,"[1, 13, 11, 15, 4, 3, 14, 14, 2, 0, 0, 0, 0]"
1685,<SOS>charlton<EOS>   ,boy,"['c', 'h', 'a', 'r', 'l', 't', 'o', 'n']",8,1.0,"[1, 5, 10, 3, 20, 14, 22, 17, 16, 2, 0, 0, 0]"
4995,<SOS>bebe<EOS>       ,girl,"['b', 'e', 'b', 'e']",4,0.0,"[1, 4, 7, 4, 7, 2, 0, 0, 0, 0, 0, 0, 0]"
2781,<SOS>cortney<EOS>    ,boy,"['c', 'o', 'r', 't', 'n', 'e', 'y']",7,1.0,"[1, 5, 17, 20, 22, 16, 7, 27, 2, 0, 0, 0, 0]"
2533,<SOS>kory<EOS>       ,boy,"['k', 'o', 'r', 'y']",4,1.0,"[1, 13, 17, 20, 27, 2, 0, 0, 0, 0, 0, 0, 0]"
4227,<SOS>aletha<EOS>     ,girl,"['a', 'l', 'e', 't', 'h', 'a']",6,0.0,"[1, 3, 14, 7, 22, 10, 3, 2, 0, 0, 0, 0, 0]"
2261,<SOS>jerrell<EOS>    ,boy,"['j', 'e', 'r', 'r', 'e', 'l', 'l']",7,1.0,"[1, 12, 7, 20, 20, 7, 14, 14, 2, 0, 0, 0, 0]"
6188,<SOS>alessandra<EOS> ,girl,"['a', 'l', 'e', 's', 's', 'a', 'n', 'd', 'r', 'a']",10,0.0,"[1, 3, 14, 7, 21, 21, 3, 16, 6, 20, 3, 2, 0]"
6557,<SOS>cielo<EOS>      ,girl,"['c', 'i', 'e', 'l', 'o']",5,0.0,"[1, 5, 11, 7, 14, 17, 2, 0, 0, 0, 0, 0, 0]"
1621,<SOS>celestino<EOS>  ,boy,"['c', 'e', 'l', 'e', 's', 't', 'i', 'n', 'o']",9,1.0,"[1, 5, 7, 14, 7, 21, 22, 11, 16, 17, 2, 0, 0]"
1331,<SOS>alvan<EOS>      ,boy,"['a', 'l', 'v', 'a', 'n']",5,1.0,"[1, 3, 14, 24, 3, 16, 2, 0, 0, 0, 0, 0, 0]"
4480,<SOS>cleva<EOS>      ,girl,"['c', 'l', 'e', 'v', 'a']",5,0.0,"[1, 5, 14, 7, 24, 3, 2, 0, 0, 0, 0, 0, 0]"
3496,<SOS>mina<EOS>       ,girl,"['m', 'i', 'n', 'a']",4,0.0,"[1, 15, 11, 16, 3, 2, 0, 0, 0, 0, 0, 0, 0]"
4570,<SOS>clytie<EOS>     ,girl,"['c', 'l', 'y', 't', 'i', 'e']",6,0.0,"[1, 5, 14, 27, 22, 11, 7, 2, 0, 0, 0, 0, 0]"
6412,<SOS>unique<EOS>     ,girl,"['u', 'n', 'i', 'q', 'u', 'e']",6,0.0,"[1, 23, 16, 11, 19, 23, 7, 2, 0, 0, 0, 0, 0]"
4356,<SOS>leonia<EOS>     ,girl,"['l', 'e', 'o', 'n', 'i', 'a']",6,0.0,"[1, 14, 7, 17, 16, 11, 3, 2, 0, 0, 0, 0, 0]"
2688,<SOS>tristan<EOS>    ,boy,"['t', 'r', 'i', 's', 't', 'a', 'n']",7,1.0,"[1, 22, 20, 11, 21, 22, 3, 16, 2, 0, 0, 0, 0]"
1262,<SOS>ansel<EOS>      ,boy,"['a', 'n', 's', 'e', 'l']",5,1.0,"[1, 3, 16, 21, 7, 14, 2, 0, 0, 0, 0, 0, 0]"
6362,<SOS>kaylene<EOS>    ,girl,"['k', 'a', 'y', 'l', 'e', 'n', 'e']",7,0.0,"[1, 13, 3, 27, 14, 7, 16, 7, 2, 0, 0, 0, 0]"
5834,<SOS>tomika<EOS>     ,girl,"['t', 'o', 'm', 'i', 'k', 'a']",6,0.0,"[1, 22, 17, 15, 11, 13, 3, 2, 0, 0, 0, 0, 0]"
5480,<SOS>dara<EOS>       ,girl,"['d', 'a', 'r', 'a']",4,0.0,"[1, 6, 3, 20, 3, 2, 0, 0, 0, 0, 0, 0, 0]"
3004,<SOS>kiefer<EOS>     ,boy,"['k', 'i', 'e', 'f', 'e', 'r']",6,1.0,"[1, 13, 11, 7, 8, 7, 20, 2, 0, 0, 0, 0, 0]"
95,<SOS>sidney<EOS>     ,boy,"['s', 'i', 'd', 'n', 'e', 'y']",6,1.0,"[1, 21, 11, 6, 16, 7, 27, 2, 0, 0, 0, 0, 0]"
2197,<SOS>jorge<EOS>      ,boy,"['j', 'o', 'r', 'g', 'e']",5,1.0,"[1, 12, 17, 20, 9, 7, 2, 0, 0, 0, 0, 0, 0]"
5923,<SOS>january<EOS>    ,girl,"['j', 'a', 'n', 'u', 'a', 'r', 'y']",7,0.0,"[1, 12, 3, 16, 23, 3, 20, 27, 2, 0, 0, 0, 0]"
4309,<SOS>eller<EOS>      ,girl,"['e', 'l', 'l', 'e', 'r']",5,0.0,"[1, 7, 14, 14, 7, 20, 2, 0, 0, 0, 0, 0, 0]"
752,<SOS>billy<EOS>      ,boy,"['b', 'i', 'l', 'l', 'y']",5,1.0,"[1, 4, 11, 14, 14, 27, 2, 0, 0, 0, 0, 0, 0]"
1637,<SOS>lott<EOS>       ,boy,"['l', 'o', 't', 't']",4,1.0,"[1, 14, 17, 22, 22, 2, 0, 0, 0, 0, 0, 0, 0]"
369,<SOS>madison<EOS>    ,boy,"['m', 'a', 'd', 'i', 's', 'o', 'n']",7,1.0,"[1, 15, 3, 6, 11, 21, 17, 16, 2, 0, 0, 0, 0]"
6352,<SOS>coraima<EOS>    ,girl,"['c', 'o', 'r', 'a', 'i', 'm', 'a']",7,0.0,"[1, 5, 17, 20, 3, 11, 15, 3, 2, 0, 0, 0, 0]"
1924,<SOS>lemmie<EOS>     ,boy,"['l', 'e', 'm', 'm', 'i', 'e']",6,1.0,"[1, 14, 7, 15, 15, 11, 7, 2, 0, 0, 0, 0, 0]"
697,<SOS>dolphus<EOS>    ,boy,"['d', 'o', 'l', 'p', 'h', 'u', 's']",7,1.0,"[1, 6, 17, 14, 18, 10, 23, 21, 2, 0, 0, 0, 0]"
4588,<SOS>silvia<EOS>     ,girl,"['s', 'i', 'l', 'v', 'i', 'a']",6,0.0,"[1, 21, 11, 14, 24, 11, 3, 2, 0, 0, 0, 0, 0]"
2573,<SOS>kendrick<EOS>   ,boy,"['k', 'e', 'n', 'd', 'r', 'i', 'c', 'k']",8,1.0,"[1, 13, 7, 16, 6, 20, 11, 5, 13, 2, 0, 0, 0]"
1118,<SOS>elonzo<EOS>     ,boy,"['e', 'l', 'o', 'n', 'z', 'o']",6,1.0,"[1, 7, 14, 17, 16, 28, 17, 2, 0, 0, 0, 0, 0]"
4956,<SOS>elois<EOS>      ,girl,"['e', 'l', 'o', 'i', 's']",5,0.0,"[1, 7, 14, 17, 11, 21, 2, 0, 0, 0, 0, 0, 0]"
924,<SOS>barton<EOS>     ,boy,"['b', 'a', 'r', 't', 'o', 'n']",6,1.0,"[1, 4, 3, 20, 22, 17, 16, 2, 0, 0, 0, 0, 0]"
6056,<SOS>katelyn<EOS>    ,girl,"['k', 'a', 't', 'e', 'l', 'y', 'n']",7,0.0,"[1, 13, 3, 22, 7, 14, 27, 16, 2, 0, 0, 0, 0]"
5486,<SOS>wendi<EOS>      ,girl,"['w', 'e', 'n', 'd', 'i']",5,0.0,"[1, 25, 7, 16, 6, 11, 2, 0, 0, 0, 0, 0, 0]"
4890,<SOS>vita<EOS>       ,girl,"['v', 'i', 't', 'a']",4,0.0,"[1, 24, 11, 22, 3, 2, 0, 0, 0, 0, 0, 0, 0]"
5301,<SOS>marybeth<EOS>   ,girl,"['m', 'a', 'r', 'y', 'b', 'e', 't', 'h']",8,0.0,"[1, 15, 3, 20, 27, 4, 7, 22, 10, 2, 0, 0, 0]"
6112,<SOS>janessa<EOS>    ,girl,"['j', 'a', 'n', 'e', 's', 's', 'a']",7,0.0,"[1, 12, 3, 16, 7, 21, 21, 3, 2, 0, 0, 0, 0]"
2922,<SOS>uriel<EOS>      ,boy,"['u', 'r', 'i', 'e', 'l']",5,1.0,"[1, 23, 20, 11, 7, 14, 2, 0, 0, 0, 0, 0, 0]"
409,<SOS>grover<EOS>     ,boy,"['g', 'r', 'o', 'v', 'e', 'r']",6,1.0,"[1, 9, 20, 17, 24, 7, 20, 2, 0, 0, 0, 0, 0]"
4270,<SOS>agness<EOS>     ,girl,"['a', 'g', 'n', 'e', 's', 's']",6,0.0,"[1, 3, 9, 16, 7, 21, 21, 2, 0, 0, 0, 0, 0]"
5166,<SOS>shari<EOS>      ,girl,"['s', 'h', 'a', 'r', 'i']",5,0.0,"[1, 21, 10, 3, 20, 11, 2, 0, 0, 0, 0, 0, 0]"
2800,<SOS>jerimiah<EOS>   ,boy,"['j', 'e', 'r', 'i', 'm', 'i', 'a', 'h']",8,1.0,"[1, 12, 7, 20, 11, 15, 11, 3, 10, 2, 0, 0, 0]"
882,<SOS>obed<EOS>       ,boy,"['o', 'b', 'e', 'd']",4,1.0,"[1, 17, 4, 7, 6, 2, 0, 0, 0, 0, 0, 0, 0]"
779,<SOS>len<EOS>        ,boy,"['l', 'e', 'n']",3,1.0,"[1, 14, 7, 16, 2, 0, 0, 0, 0, 0, 0, 0, 0]"
3860,<SOS>drusilla<EOS>   ,girl,"['d', 'r', 'u', 's', 'i', 'l', 'l', 'a']",8,0.0,"[1, 6, 20, 23, 21, 11, 14, 14, 3, 2, 0, 0, 0]"
934,<SOS>ceylon<EOS>     ,boy,"['c', 'e', 'y', 'l', 'o', 'n']",6,1.0,"[1, 5, 7, 27, 14, 17, 16, 2, 0, 0, 0, 0, 0]"
2201,<SOS>hoover<EOS>     ,boy,"['h', 'o', 'o', 'v', 'e', 'r']",6,1.0,"[1, 10, 17, 17, 24, 7, 20, 2, 0, 0, 0, 0, 0]"
1723,<SOS>iverson<EOS>    ,boy,"['i', 'v', 'e', 'r', 's', 'o', 'n']",7,1.0,"[1, 11, 24, 7, 20, 21, 17, 16, 2, 0, 0, 0, 0]"
5095,<SOS>rosita<EOS>     ,girl,"['r', 'o', 's', 'i', 't', 'a']",6,0.0,"[1, 20, 17, 21, 11, 22, 3, 2, 0, 0, 0, 0, 0]"
4079,<SOS>margarett<EOS>  ,girl,"['m', 'a', 'r', 'g', 'a', 'r', 'e', 't', 't']",9,0.0,"[1, 15, 3, 20, 9, 3, 20, 7, 22, 22, 2, 0, 0]"
187,<SOS>jeff<EOS>       ,boy,"['j', 'e', 'f', 'f']",4,1.0,"[1, 12, 7, 8, 8, 2, 0, 0, 0, 0, 0, 0, 0]"
1724,<SOS>job<EOS>        ,boy,"['j', 'o', 'b']",3,1.0,"[1, 12, 17, 4, 2, 0, 0, 0, 0, 0, 0, 0, 0]"
825,<SOS>ballard<EOS>    ,boy,"['b', 'a', 'l', 'l', 'a', 'r', 'd']",7,1.0,"[1, 4, 3, 14, 14, 3, 20, 6, 2, 0, 0, 0, 0]"
32,<SOS>frederick<EOS>  ,boy,"['f', 'r', 'e', 'd', 'e', 'r', 'i', 'c', 'k']",9,1.0,"[1, 8, 20, 7, 6, 7, 20, 11, 5, 13, 2, 0, 0]"
4490,<SOS>savanah<EOS>    ,girl,"['s', 'a', 'v', 'a', 'n', 'a', 'h']",7,0.0,"[1, 21, 3, 24, 3, 16, 3, 10, 2, 0, 0, 0, 0]"
1926,<SOS>goebel<EOS>     ,boy,"['g', 'o', 'e', 'b', 'e', 'l']",6,1.0,"[1, 9, 17, 7, 4, 7, 14, 2, 0, 0, 0, 0, 0]"
4728,<SOS>manila<EOS>     ,girl,"['m', 'a', 'n', 'i', 'l', 'a']",6,0.0,"[1, 15, 3, 16, 11, 14, 3, 2, 0, 0, 0, 0, 0]"
5818,<SOS>chiquita<EOS>   ,girl,"['c', 'h', 'i', 'q', 'u', 'i', 't', 'a']",8,0.0,"[1, 5, 10, 11, 19, 23, 11, 22, 3, 2, 0, 0, 0]"
3822,<SOS>dellar<EOS>     ,girl,"['d', 'e', 'l', 'l', 'a', 'r']",6,0.0,"[1, 6, 7, 14, 14, 3, 20, 2, 0, 0, 0, 0, 0]"
3891,<SOS>albertina<EOS>  ,girl,"['a', 'l', 'b', 'e', 'r', 't', 'i', 'n', 'a']",9,0.0,"[1, 3, 14, 4, 7, 20, 22, 11, 16, 3, 2, 0, 0]"
4054,<SOS>georgina<EOS>   ,girl,"['g', 'e', 'o', 'r', 'g', 'i', 'n', 'a']",8,0.0,"[1, 9, 7, 17, 20, 9, 11, 16, 3, 2, 0, 0, 0]"
1914,<SOS>bynum<EOS>      ,boy,"['b', 'y', 'n', 'u', 'm']",5,1.0,"[1, 4, 27, 16, 23, 15, 2, 0, 0, 0, 0, 0, 0]"
2172,<SOS>harlen<EOS>     ,boy,"['h', 'a', 'r', 'l', 'e', 'n']",6,1.0,"[1, 10, 3, 20, 14, 7, 16, 2, 0, 0, 0, 0, 0]"
2165,<SOS>donal<EOS>      ,boy,"['d', 'o', 'n', 'a', 'l']",5,1.0,"[1, 6, 17, 16, 3, 14, 2, 0, 0, 0, 0, 0, 0]"
2749,<SOS>trinity<EOS>    ,boy,"['t', 'r', 'i', 'n', 'i', 't', 'y']",7,1.0,"[1, 22, 20, 11, 16, 11, 22, 27, 2, 0, 0, 0, 0]"
6398,<SOS>isis<EOS>       ,girl,"['i', 's', 'i', 's']",4,0.0,"[1, 11, 21, 11, 21, 2, 0, 0, 0, 0, 0, 0, 0]"
5156,<SOS>jacquline<EOS>  ,girl,"['j', 'a', 'c', 'q', 'u', 'l', 'i', 'n', 'e']",9,0.0,"[1, 12, 3, 5, 19, 23, 14, 11, 16, 7, 2, 0, 0]"
6380,<SOS>mikala<EOS>     ,girl,"['m', 'i', 'k', 'a', 'l', 'a']",6,0.0,"[1, 15, 11, 13, 3, 14, 3, 2, 0, 0, 0, 0, 0]"
3513,<SOS>hilda<EOS>      ,girl,"['h', 'i', 'l', 'd', 'a']",5,0.0,"[1, 10, 11, 14, 6, 3, 2, 0, 0, 0, 0, 0, 0]"
5522,<SOS>kirsten<EOS>    ,girl,"['k', 'i', 'r', 's', 't', 'e', 'n']",7,0.0,"[1, 13, 11, 20, 21, 22, 7, 16, 2, 0, 0, 0, 0]"
344,<SOS>fletcher<EOS>   ,boy,"['f', 'l', 'e', 't', 'c', 'h', 'e', 'r']",8,1.0,"[1, 8, 14, 7, 22, 5, 10, 7, 20, 2, 0, 0, 0]"
2838,<SOS>kendell<EOS>    ,boy,"['k', 'e', 'n', 'd', 'e', 'l', 'l']",7,1.0,"[1, 13, 7, 16, 6, 7, 14, 14, 2, 0, 0, 0, 0]"
536,<SOS>cloyd<EOS>      ,boy,"['c', 'l', 'o', 'y', 'd']",5,1.0,"[1, 5, 14, 17, 27, 6, 2, 0, 0, 0, 0, 0, 0]"
303,<SOS>pedro<EOS>      ,boy,"['p', 'e', 'd', 'r', 'o']",5,1.0,"[1, 18, 7, 6, 20, 17, 2, 0, 0, 0, 0, 0, 0]"
3768,<SOS>era<EOS>        ,girl,"['e', 'r', 'a']",3,0.0,"[1, 7, 20, 3, 2, 0, 0, 0, 0, 0, 0, 0, 0]"
6628,<SOS>galilea<EOS>    ,girl,"['g', 'a', 'l', 'i', 'l', 'e', 'a']",7,0.0,"[1, 9, 3, 14, 11, 14, 7, 3, 2, 0, 0, 0, 0]"
1046,<SOS>cass<EOS>       ,boy,"['c', 'a', 's', 's']",4,1.0,"[1, 5, 3, 21, 21, 2, 0, 0, 0, 0, 0, 0, 0]"
5717,<SOS>latrice<EOS>    ,girl,"['l', 'a', 't', 'r', 'i', 'c', 'e']",7,0.0,"[1, 14, 3, 22, 20, 11, 5, 7, 2, 0, 0, 0, 0]"
4470,<SOS>lockie<EOS>     ,girl,"['l', 'o', 'c', 'k', 'i', 'e']",6,0.0,"[1, 14, 17, 5, 13, 11, 7, 2, 0, 0, 0, 0, 0]"
1406,<SOS>hill<EOS>       ,boy,"['h', 'i', 'l', 'l']",4,1.0,"[1, 10, 11, 14, 14, 2, 0, 0, 0, 0, 0, 0, 0]"
5228,<SOS>jerilyn<EOS>    ,girl,"['j', 'e', 'r', 'i', 'l', 'y', 'n']",7,0.0,"[1, 12, 7, 20, 11, 14, 27, 16, 2, 0, 0, 0, 0]"
1931,<SOS>eddy<EOS>       ,boy,"['e', 'd', 'd', 'y']",4,1.0,"[1, 7, 6, 6, 27, 2, 0, 0, 0, 0, 0, 0, 0]"
2316,<SOS>linda<EOS>      ,boy,"['l', 'i', 'n', 'd', 'a']",5,1.0,"[1, 14, 11, 16, 6, 3, 2, 0, 0, 0, 0, 0, 0]"
3514,<SOS>hulda<EOS>      ,girl,"['h', 'u', 'l', 'd', 'a']",5,0.0,"[1, 10, 23, 14, 6, 3, 2, 0, 0, 0, 0, 0, 0]"
3681,<SOS>myrta<EOS>      ,girl,"['m', 'y', 'r', 't', 'a']",5,0.0,"[1, 15, 27, 20, 22, 3, 2, 0, 0, 0, 0, 0, 0]"
2686,<SOS>chadd<EOS>      ,boy,"['c', 'h', 'a', 'd', 'd']",5,1.0,"[1, 5, 10, 3, 6, 6, 2, 0, 0, 0, 0, 0, 0]"
2527,<SOS>darryle<EOS>    ,boy,"['d', 'a', 'r', 'r', 'y', 'l', 'e']",7,1.0,"[1, 6, 3, 20, 20, 27, 14, 7, 2, 0, 0, 0, 0]"
4109,<SOS>theda<EOS>      ,girl,"['t', 'h', 'e', 'd', 'a']",5,0.0,"[1, 22, 10, 7, 6, 3, 2, 0, 0, 0, 0, 0, 0]"
1640,<SOS>alfonzo<EOS>    ,boy,"['a', 'l', 'f', 'o', 'n', 'z', 'o']",7,1.0,"[1, 3, 14, 8, 17, 16, 28, 17, 2, 0, 0, 0, 0]"
468,<SOS>egbert<EOS>     ,boy,"['e', 'g', 'b', 'e', 'r', 't']",6,1.0,"[1, 7, 9, 4, 7, 20, 22, 2, 0, 0, 0, 0, 0]"
960,<SOS>flora<EOS>      ,boy,"['f', 'l', 'o', 'r', 'a']",5,1.0,"[1, 8, 14, 17, 20, 3, 2, 0, 0, 0, 0, 0, 0]"
2513,<SOS>daren<EOS>      ,boy,"['d', 'a', 'r', 'e', 'n']",5,1.0,"[1, 6, 3, 20, 7, 16, 2, 0, 0, 0, 0, 0, 0]"
4858,<SOS>aili<EOS>       ,girl,"['a', 'i', 'l', 'i']",4,0.0,"[1, 3, 11, 14, 11, 2, 0, 0, 0, 0, 0, 0, 0]"
1292,<SOS>greene<EOS>     ,boy,"['g', 'r', 'e', 'e', 'n', 'e']",6,1.0,"[1, 9, 20, 7, 7, 16, 7, 2, 0, 0, 0, 0, 0]"
5097,<SOS>carleen<EOS>    ,girl,"['c', 'a', 'r', 'l', 'e', 'e', 'n']",7,0.0,"[1, 5, 3, 20, 14, 7, 7, 16, 2, 0, 0, 0, 0]"
1080,<SOS>isidore<EOS>    ,boy,"['i', 's', 'i', 'd', 'o', 'r', 'e']",7,1.0,"[1, 11, 21, 11, 6, 17, 20, 7, 2, 0, 0, 0, 0]"
6106,<SOS>kaylee<EOS>     ,girl,"['k', 'a', 'y', 'l', 'e', 'e']",6,0.0,"[1, 13, 3, 27, 14, 7, 7, 2, 0, 0, 0, 0, 0]"
2131,<SOS>gerhardt<EOS>   ,boy,"['g', 'e', 'r', 'h', 'a', 'r', 'd', 't']",8,1.0,"[1, 9, 7, 20, 10, 3, 20, 6, 22, 2, 0, 0, 0]"
5154,<SOS>evon<EOS>       ,girl,"['e', 'v', 'o', 'n']",4,0.0,"[1, 7, 24, 17, 16, 2, 0, 0, 0, 0, 0, 0, 0]"
1175,<SOS>wiliam<EOS>     ,boy,"['w', 'i', 'l', 'i', 'a', 'm']",6,1.0,"[1, 25, 11, 14, 11, 3, 15, 2, 0, 0, 0, 0, 0]"
6420,<SOS>fernanda<EOS>   ,girl,"['f', 'e', 'r', 'n', 'a', 'n', 'd', 'a']",8,0.0,"[1, 8, 7, 20, 16, 3, 16, 6, 3, 2, 0, 0, 0]"
2248,<SOS>darryl<EOS>     ,boy,"['d', 'a', 'r', 'r', 'y', 'l']",6,1.0,"[1, 6, 3, 20, 20, 27, 14, 2, 0, 0, 0, 0, 0]"
5600,<SOS>tamala<EOS>     ,girl,"['t', 'a', 'm', 'a', 'l', 'a']",6,0.0,"[1, 22, 3, 15, 3, 14, 3, 2, 0, 0, 0, 0, 0]"
4862,<SOS>azalee<EOS>     ,girl,"['a', 'z', 'a', 'l', 'e', 'e']",6,0.0,"[1, 3, 28, 3, 14, 7, 7, 2, 0, 0, 0, 0, 0]"
2274,<SOS>verlon<EOS>     ,boy,"['v', 'e', 'r', 'l', 'o', 'n']",6,1.0,"[1, 24, 7, 20, 14, 17, 16, 2, 0, 0, 0, 0, 0]"
3076,<SOS>jordy<EOS>      ,boy,"['j', 'o', 'r', 'd', 'y']",5,1.0,"[1, 12, 17, 20, 6, 27, 2, 0, 0, 0, 0, 0, 0]"
1589,<SOS>dewey<EOS>      ,boy,"['d', 'e', 'w', 'e', 'y']",5,1.0,"[1, 6, 7, 25, 7, 27, 2, 0, 0, 0, 0, 0, 0]"
6167,<SOS>sharday<EOS>    ,girl,"['s', 'h', 'a', 'r', 'd', 'a', 'y']",7,0.0,"[1, 21, 10, 3, 20, 6, 3, 27, 2, 0, 0, 0, 0]"
2139,<SOS>joyce<EOS>      ,boy,"['j', 'o', 'y', 'c', 'e']",5,1.0,"[1, 12, 17, 27, 5, 7, 2, 0, 0, 0, 0, 0, 0]"
6086,<SOS>arianna<EOS>    ,girl,"['a', 'r', 'i', 'a', 'n', 'n', 'a']",7,0.0,"[1, 3, 20, 11, 3, 16, 16, 3, 2, 0, 0, 0, 0]"
4651,<SOS>hazelle<EOS>    ,girl,"['h', 'a', 'z', 'e', 'l', 'l', 'e']",7,0.0,"[1, 10, 3, 28, 7, 14, 14, 7, 2, 0, 0, 0, 0]"
2464,<SOS>darcy<EOS>      ,boy,"['d', 'a', 'r', 'c', 'y']",5,1.0,"[1, 6, 3, 20, 5, 27, 2, 0, 0, 0, 0, 0, 0]"
3610,<SOS>rosella<EOS>    ,girl,"['r', 'o', 's', 'e', 'l', 'l', 'a']",7,0.0,"[1, 20, 17, 21, 7, 14, 14, 3, 2, 0, 0, 0, 0]"
6145,<SOS>amberly<EOS>    ,girl,"['a', 'm', 'b', 'e', 'r', 'l', 'y']",7,0.0,"[1, 3, 15, 4, 7, 20, 14, 27, 2, 0, 0, 0, 0]"
872,<SOS>joeseph<EOS>    ,boy,"['j', 'o', 'e', 's', 'e', 'p', 'h']",7,1.0,"[1, 12, 17, 7, 21, 7, 18, 10, 2, 0, 0, 0, 0]"
3233,<SOS>ayden<EOS>      ,boy,"['a', 'y', 'd', 'e', 'n']",5,1.0,"[1, 3, 27, 6, 7, 16, 2, 0, 0, 0, 0, 0, 0]"
5649,<SOS>carin<EOS>      ,girl,"['c', 'a', 'r', 'i', 'n']",5,0.0,"[1, 5, 3, 20, 11, 16, 2, 0, 0, 0, 0, 0, 0]"
983,<SOS>hyrum<EOS>      ,boy,"['h', 'y', 'r', 'u', 'm']",5,1.0,"[1, 10, 27, 20, 23, 15, 2, 0, 0, 0, 0, 0, 0]"
6348,<SOS>jazmyn<EOS>     ,girl,"['j', 'a', 'z', 'm', 'y', 'n']",6,0.0,"[1, 12, 3, 28, 15, 27, 16, 2, 0, 0, 0, 0, 0]"
6620,<SOS>jaliyah<EOS>    ,girl,"['j', 'a', 'l', 'i', 'y', 'a', 'h']",7,0.0,"[1, 12, 3, 14, 11, 27, 3, 10, 2, 0, 0, 0, 0]"
1778,<SOS>elex<EOS>       ,boy,"['e', 'l', 'e', 'x']",4,1.0,"[1, 7, 14, 7, 26, 2, 0, 0, 0, 0, 0, 0, 0]"
5990,<SOS>ariane<EOS>     ,girl,"['a', 'r', 'i', 'a', 'n', 'e']",6,0.0,"[1, 3, 20, 11, 3, 16, 7, 2, 0, 0, 0, 0, 0]"
2245,<SOS>chuck<EOS>      ,boy,"['c', 'h', 'u', 'c', 'k']",5,1.0,"[1, 5, 10, 23, 5, 13, 2, 0, 0, 0, 0, 0, 0]"
2600,<SOS>jerrod<EOS>     ,boy,"['j', 'e', 'r', 'r', 'o', 'd']",6,1.0,"[1, 12, 7, 20, 20, 17, 6, 2, 0, 0, 0, 0, 0]"
6092,<SOS>tess<EOS>       ,girl,"['t', 'e', 's', 's']",4,0.0,"[1, 22, 7, 21, 21, 2, 0, 0, 0, 0, 0, 0, 0]"
1253,<SOS>theadore<EOS>   ,boy,"['t', 'h', 'e', 'a', 'd', 'o', 'r', 'e']",8,1.0,"[1, 22, 10, 7, 3, 6, 17, 20, 7, 2, 0, 0, 0]"
169,<SOS>wiley<EOS>      ,boy,"['w', 'i', 'l', 'e', 'y']",5,1.0,"[1, 25, 11, 14, 7, 27, 2, 0, 0, 0, 0, 0, 0]"
222,<SOS>lonnie<EOS>     ,boy,"['l', 'o', 'n', 'n', 'i', 'e']",6,1.0,"[1, 14, 17, 16, 16, 11, 7, 2, 0, 0, 0, 0, 0]"
2303,<SOS>dion<EOS>       ,boy,"['d', 'i', 'o', 'n']",4,1.0,"[1, 6, 11, 17, 16, 2, 0, 0, 0, 0, 0, 0, 0]"
2954,<SOS>joseluis<EOS>   ,boy,"['j', 'o', 's', 'e', 'l', 'u', 'i', 's']",8,1.0,"[1, 12, 17, 21, 7, 14, 23, 11, 21, 2, 0, 0, 0]"
3002,<SOS>male<EOS>       ,boy,"['m', 'a', 'l', 'e']",4,1.0,"[1, 15, 3, 14, 7, 2, 0, 0, 0, 0, 0, 0, 0]"
6644,<SOS>sherlyn<EOS>    ,girl,"['s', 'h', 'e', 'r', 'l', 'y', 'n']",7,0.0,"[1, 21, 10, 7, 20, 14, 27, 16, 2, 0, 0, 0, 0]"
3609,<SOS>retta<EOS>      ,girl,"['r', 'e', 't', 't', 'a']",5,0.0,"[1, 20, 7, 22, 22, 3, 2, 0, 0, 0, 0, 0, 0]"
3075,<SOS>dallin<EOS>     ,boy,"['d', 'a', 'l', 'l', 'i', 'n']",6,1.0,"[1, 6, 3, 14, 14, 11, 16, 2, 0, 0, 0, 0, 0]"
883,<SOS>oda<EOS>        ,boy,"['o', 'd', 'a']",3,1.0,"[1, 17, 6, 3, 2, 0, 0, 0, 0, 0, 0, 0, 0]"
6222,<SOS>sarina<EOS>     ,girl,"['s', 'a', 'r', 'i', 'n', 'a']",6,0.0,"[1, 21, 3, 20, 11, 16, 3, 2, 0, 0, 0, 0, 0]"
5952,<SOS>shante<EOS>     ,girl,"['s', 'h', 'a', 'n', 't', 'e']",6,0.0,"[1, 21, 10, 3, 16, 22, 7, 2, 0, 0, 0, 0, 0]"
350,<SOS>glen<EOS>       ,boy,"['g', 'l', 'e', 'n']",4,1.0,"[1, 9, 14, 7, 16, 2, 0, 0, 0, 0, 0, 0, 0]"
1861,<SOS>wardell<EOS>    ,boy,"['w', 'a', 'r', 'd', 'e', 'l', 'l']",7,1.0,"[1, 25, 3, 20, 6, 7, 14, 14, 2, 0, 0, 0, 0]"
563,<SOS>travis<EOS>     ,boy,"['t', 'r', 'a', 'v', 'i', 's']",6,1.0,"[1, 22, 20, 3, 24, 11, 21, 2, 0, 0, 0, 0, 0]"
2541,<SOS>kalvin<EOS>     ,boy,"['k', 'a', 'l', 'v', 'i', 'n']",6,1.0,"[1, 13, 3, 14, 24, 11, 16, 2, 0, 0, 0, 0, 0]"
2741,<SOS>zachery<EOS>    ,boy,"['z', 'a', 'c', 'h', 'e', 'r', 'y']",7,1.0,"[1, 28, 3, 5, 10, 7, 20, 27, 2, 0, 0, 0, 0]"
3703,<SOS>ludie<EOS>      ,girl,"['l', 'u', 'd', 'i', 'e']",5,0.0,"[1, 14, 23, 6, 11, 7, 2, 0, 0, 0, 0, 0, 0]"
746,<SOS>alf<EOS>        ,boy,"['a', 'l', 'f']",3,1.0,"[1, 3, 14, 8, 2, 0, 0, 0, 0, 0, 0, 0, 0]"
6139,<SOS>kasie<EOS>      ,girl,"['k', 'a', 's', 'i', 'e']",5,0.0,"[1, 13, 3, 21, 11, 7, 2, 0, 0, 0, 0, 0, 0]"
1898,<SOS>hilario<EOS>    ,boy,"['h', 'i', 'l', 'a', 'r', 'i', 'o']",7,1.0,"[1, 10, 11, 14, 3, 20, 11, 17, 2, 0, 0, 0, 0]"
4398,<SOS>jeannie<EOS>    ,girl,"['j', 'e', 'a', 'n', 'n', 'i', 'e']",7,0.0,"[1, 12, 7, 3, 16, 16, 11, 7, 2, 0, 0, 0, 0]"
4746,<SOS>lempi<EOS>      ,girl,"['l', 'e', 'm', 'p', 'i']",5,0.0,"[1, 14, 7, 15, 18, 11, 2, 0, 0, 0, 0, 0, 0]"
3085,<SOS>darrion<EOS>    ,boy,"['d', 'a', 'r', 'r', 'i', 'o', 'n']",7,1.0,"[1, 6, 3, 20, 20, 11, 17, 16, 2, 0, 0, 0, 0]"
5107,<SOS>sharlene<EOS>   ,girl,"['s', 'h', 'a', 'r', 'l', 'e', 'n', 'e']",8,0.0,"[1, 21, 10, 3, 20, 14, 7, 16, 7, 2, 0, 0, 0]"
4731,<SOS>earline<EOS>    ,girl,"['e', 'a', 'r', 'l', 'i', 'n', 'e']",7,0.0,"[1, 7, 3, 20, 14, 11, 16, 7, 2, 0, 0, 0, 0]"
4169,<SOS>miranda<EOS>    ,girl,"['m', 'i', 'r', 'a', 'n', 'd', 'a']",7,0.0,"[1, 15, 11, 20, 3, 16, 6, 3, 2, 0, 0, 0, 0]"
2167,<SOS>dwayne<EOS>     ,boy,"['d', 'w', 'a', 'y', 'n', 'e']",6,1.0,"[1, 6, 25, 3, 27, 16, 7, 2, 0, 0, 0, 0, 0]"
896,<SOS>stacy<EOS>      ,boy,"['s', 't', 'a', 'c', 'y']",5,1.0,"[1, 21, 22, 3, 5, 27, 2, 0, 0, 0, 0, 0, 0]"
2272,<SOS>delwin<EOS>     ,boy,"['d', 'e', 'l', 'w', 'i', 'n']",6,1.0,"[1, 6, 7, 14, 25, 11, 16, 2, 0, 0, 0, 0, 0]"
5264,<SOS>tonya<EOS>      ,girl,"['t', 'o', 'n', 'y', 'a']",5,0.0,"[1, 22, 17, 16, 27, 3, 2, 0, 0, 0, 0, 0, 0]"
1821,<SOS>rae<EOS>        ,boy,"['r', 'a', 'e']",3,1.0,"[1, 20, 3, 7, 2, 0, 0, 0, 0, 0, 0, 0, 0]"
4454,<SOS>bettye<EOS>     ,girl,"['b', 'e', 't', 't', 'y', 'e']",6,0.0,"[1, 4, 7, 22, 22, 27, 7, 2, 0, 0, 0, 0, 0]"
2066,<SOS>esker<EOS>      ,boy,"['e', 's', 'k', 'e', 'r']",5,1.0,"[1, 7, 21, 13, 7, 20, 2, 0, 0, 0, 0, 0, 0]"
2494,<SOS>cheyenne<EOS>   ,boy,"['c', 'h', 'e', 'y', 'e', 'n', 'n', 'e']",8,1.0,"[1, 5, 10, 7, 27, 7, 16, 16, 7, 2, 0, 0, 0]"
3407,<SOS>yurem<EOS>      ,boy,"['y', 'u', 'r', 'e', 'm']",5,1.0,"[1, 27, 23, 20, 7, 15, 2, 0, 0, 0, 0, 0, 0]"
4457,<SOS>cloe<EOS>       ,girl,"['c', 'l', 'o', 'e']",4,0.0,"[1, 5, 14, 17, 7, 2, 0, 0, 0, 0, 0, 0, 0]"
4754,<SOS>odette<EOS>     ,girl,"['o', 'd', 'e', 't', 't', 'e']",6,0.0,"[1, 17, 6, 7, 22, 22, 7, 2, 0, 0, 0, 0, 0]"
4035,<SOS>bulah<EOS>      ,girl,"['b', 'u', 'l', 'a', 'h']",5,0.0,"[1, 4, 23, 14, 3, 10, 2, 0, 0, 0, 0, 0, 0]"
2788,<SOS>jameel<EOS>     ,boy,"['j', 'a', 'm', 'e', 'e', 'l']",6,1.0,"[1, 12, 3, 15, 7, 7, 14, 2, 0, 0, 0, 0, 0]"
4966,<SOS>marlene<EOS>    ,girl,"['m', 'a', 'r', 'l', 'e', 'n', 'e']",7,0.0,"[1, 15, 3, 20, 14, 7, 16, 7, 2, 0, 0, 0, 0]"
3301,<SOS>javen<EOS>      ,boy,"['j', 'a', 'v', 'e', 'n']",5,1.0,"[1, 12, 3, 24, 7, 16, 2, 0, 0, 0, 0, 0, 0]"
2198,<SOS>jerrold<EOS>    ,boy,"['j', 'e', 'r', 'r', 'o', 'l', 'd']",7,1.0,"[1, 12, 7, 20, 20, 17, 14, 6, 2, 0, 0, 0, 0]"
1192,<SOS>mills<EOS>      ,boy,"['m', 'i', 'l', 'l', 's']",5,1.0,"[1, 15, 11, 14, 14, 21, 2, 0, 0, 0, 0, 0, 0]"
6379,<SOS>clarisa<EOS>    ,girl,"['c', 'l', 'a', 'r', 'i', 's', 'a']",7,0.0,"[1, 5, 14, 3, 20, 11, 21, 3, 2, 0, 0, 0, 0]"
6772,<SOS>amiah<EOS>      ,girl,"['a', 'm', 'i', 'a', 'h']",5,0.0,"[1, 3, 15, 11, 3, 10, 2, 0, 0, 0, 0, 0, 0]"
4708,<SOS>lorine<EOS>     ,girl,"['l', 'o', 'r', 'i', 'n', 'e']",6,0.0,"[1, 14, 17, 20, 11, 16, 7, 2, 0, 0, 0, 0, 0]"
1047,<SOS>chalmer<EOS>    ,boy,"['c', 'h', 'a', 'l', 'm', 'e', 'r']",7,1.0,"[1, 5, 10, 3, 14, 15, 7, 20, 2, 0, 0, 0, 0]"
1308,<SOS>sarah<EOS>      ,boy,"['s', 'a', 'r', 'a', 'h']",5,1.0,"[1, 21, 3, 20, 3, 10, 2, 0, 0, 0, 0, 0, 0]"
1128,<SOS>graham<EOS>     ,boy,"['g', 'r', 'a', 'h', 'a', 'm']",6,1.0,"[1, 9, 20, 3, 10, 3, 15, 2, 0, 0, 0, 0, 0]"
4138,<SOS>chrissie<EOS>   ,girl,"['c', 'h', 'r', 'i', 's', 's', 'i', 'e']",8,0.0,"[1, 5, 10, 20, 11, 21, 21, 11, 7, 2, 0, 0, 0]"
3700,<SOS>iola<EOS>       ,girl,"['i', 'o', 'l', 'a']",4,0.0,"[1, 11, 17, 14, 3, 2, 0, 0, 0, 0, 0, 0, 0]"
4073,<SOS>lovisa<EOS>     ,girl,"['l', 'o', 'v', 'i', 's', 'a']",6,0.0,"[1, 14, 17, 24, 11, 21, 3, 2, 0, 0, 0, 0, 0]"
798,<SOS>theron<EOS>     ,boy,"['t', 'h', 'e', 'r', 'o', 'n']",6,1.0,"[1, 22, 10, 7, 20, 17, 16, 2, 0, 0, 0, 0, 0]"
2936,<SOS>alexandro<EOS>  ,boy,"['a', 'l', 'e', 'x', 'a', 'n', 'd', 'r', 'o']",9,1.0,"[1, 3, 14, 7, 26, 3, 16, 6, 20, 17, 2, 0, 0]"
598,<SOS>williams<EOS>   ,boy,"['w', 'i', 'l', 'l', 'i', 'a', 'm', 's']",8,1.0,"[1, 25, 11, 14, 14, 11, 3, 15, 21, 2, 0, 0, 0]"
528,<SOS>anna<EOS>       ,boy,"['a', 'n', 'n', 'a']",4,1.0,"[1, 3, 16, 16, 3, 2, 0, 0, 0, 0, 0, 0, 0]"
2288,<SOS>donny<EOS>      ,boy,"['d', 'o', 'n', 'n', 'y']",5,1.0,"[1, 6, 17, 16, 16, 27, 2, 0, 0, 0, 0, 0, 0]"
1539,<SOS>ruffin<EOS>     ,boy,"['r', 'u', 'f', 'f', 'i', 'n']",6,1.0,"[1, 20, 23, 8, 8, 11, 16, 2, 0, 0, 0, 0, 0]"
6328,<SOS>brea<EOS>       ,girl,"['b', 'r', 'e', 'a']",4,0.0,"[1, 4, 20, 7, 3, 2, 0, 0, 0, 0, 0, 0, 0]"
3632,<SOS>pattie<EOS>     ,girl,"['p', 'a', 't', 't', 'i', 'e']",6,0.0,"[1, 18, 3, 22, 22, 11, 7, 2, 0, 0, 0, 0, 0]"
1973,<SOS>myrl<EOS>       ,boy,"['m', 'y', 'r', 'l']",4,1.0,"[1, 15, 27, 20, 14, 2, 0, 0, 0, 0, 0, 0, 0]"
660,<SOS>june<EOS>       ,boy,"['j', 'u', 'n', 'e']",4,1.0,"[1, 12, 23, 16, 7, 2, 0, 0, 0, 0, 0, 0, 0]"
1584,<SOS>arnie<EOS>      ,boy,"['a', 'r', 'n', 'i', 'e']",5,1.0,"[1, 3, 20, 16, 11, 7, 2, 0, 0, 0, 0, 0, 0]"
25,<SOS>ernest<EOS>     ,boy,"['e', 'r', 'n', 'e', 's', 't']",6,1.0,"[1, 7, 20, 16, 7, 21, 22, 2, 0, 0, 0, 0, 0]"
122,<SOS>adam<EOS>       ,boy,"['a', 'd', 'a', 'm']",4,1.0,"[1, 3, 6, 3, 15, 2, 0, 0, 0, 0, 0, 0, 0]"
2608,<SOS>brendon<EOS>    ,boy,"['b', 'r', 'e', 'n', 'd', 'o', 'n']",7,1.0,"[1, 4, 20, 7, 16, 6, 17, 16, 2, 0, 0, 0, 0]"
446,<SOS>ezekiel<EOS>    ,boy,"['e', 'z', 'e', 'k', 'i', 'e', 'l']",7,1.0,"[1, 7, 28, 7, 13, 11, 7, 14, 2, 0, 0, 0, 0]"
2231,<SOS>mervyn<EOS>     ,boy,"['m', 'e', 'r', 'v', 'y', 'n']",6,1.0,"[1, 15, 7, 20, 24, 27, 16, 2, 0, 0, 0, 0, 0]"
2439,<SOS>robbin<EOS>     ,boy,"['r', 'o', 'b', 'b', 'i', 'n']",6,1.0,"[1, 20, 17, 4, 4, 11, 16, 2, 0, 0, 0, 0, 0]"
1855,<SOS>cam<EOS>        ,boy,"['c', 'a', 'm']",3,1.0,"[1, 5, 3, 15, 2, 0, 0, 0, 0, 0, 0, 0, 0]"
6268,<SOS>heaven<EOS>     ,girl,"['h', 'e', 'a', 'v', 'e', 'n']",6,0.0,"[1, 10, 7, 3, 24, 7, 16, 2, 0, 0, 0, 0, 0]"
5884,<SOS>tobi<EOS>       ,girl,"['t', 'o', 'b', 'i']",4,0.0,"[1, 22, 17, 4, 11, 2, 0, 0, 0, 0, 0, 0, 0]"
3324,<SOS>kamari<EOS>     ,boy,"['k', 'a', 'm', 'a', 'r', 'i']",6,1.0,"[1, 13, 3, 15, 3, 20, 11, 2, 0, 0, 0, 0, 0]"
2736,<SOS>tarik<EOS>      ,boy,"['t', 'a', 'r', 'i', 'k']",5,1.0,"[1, 22, 3, 20, 11, 13, 2, 0, 0, 0, 0, 0, 0]"
185,<SOS>curtis<EOS>     ,boy,"['c', 'u', 'r', 't', 'i', 's']",6,1.0,"[1, 5, 23, 20, 22, 11, 21, 2, 0, 0, 0, 0, 0]"
15,<SOS>albert<EOS>     ,boy,"['a', 'l', 'b', 'e', 'r', 't']",6,1.0,"[1, 3, 14, 4, 7, 20, 22, 2, 0, 0, 0, 0, 0]"
2847,<SOS>tyrel<EOS>      ,boy,"['t', 'y', 'r', 'e', 'l']",5,1.0,"[1, 22, 27, 20, 7, 14, 2, 0, 0, 0, 0, 0, 0]"
5510,<SOS>cathi<EOS>      ,girl,"['c', 'a', 't', 'h', 'i']",5,0.0,"[1, 5, 3, 22, 10, 11, 2, 0, 0, 0, 0, 0, 0]"
6190,<SOS>lauryn<EOS>     ,girl,"['l', 'a', 'u', 'r', 'y', 'n']",6,0.0,"[1, 14, 3, 23, 20, 27, 16, 2, 0, 0, 0, 0, 0]"
4730,<SOS>cuba<EOS>       ,girl,"['c', 'u', 'b', 'a']",4,0.0,"[1, 5, 23, 4, 3, 2, 0, 0, 0, 0, 0, 0, 0]"
4660,<SOS>hildegard<EOS>  ,girl,"['h', 'i', 'l', 'd', 'e', 'g', 'a', 'r', 'd']",9,0.0,"[1, 10, 11, 14, 6, 7, 9, 3, 20, 6, 2, 0, 0]"
5855,<SOS>bianca<EOS>     ,girl,"['b', 'i', 'a', 'n', 'c', 'a']",6,0.0,"[1, 4, 11, 3, 16, 5, 3, 2, 0, 0, 0, 0, 0]"
444,<SOS>clement<EOS>    ,boy,"['c', 'l', 'e', 'm', 'e', 'n', 't']",7,1.0,"[1, 5, 14, 7, 15, 7, 16, 22, 2, 0, 0, 0, 0]"
3219,<SOS>jett<EOS>       ,boy,"['j', 'e', 't', 't']",4,1.0,"[1, 12, 7, 22, 22, 2, 0, 0, 0, 0, 0, 0, 0]"
5565,<SOS>risa<EOS>       ,girl,"['r', 'i', 's', 'a']",4,0.0,"[1, 20, 11, 21, 3, 2, 0, 0, 0, 0, 0, 0, 0]"
2396,<SOS>baron<EOS>      ,boy,"['b', 'a', 'r', 'o', 'n']",5,1.0,"[1, 4, 3, 20, 17, 16, 2, 0, 0, 0, 0, 0, 0]"
4299,<SOS>eithel<EOS>     ,girl,"['e', 'i', 't', 'h', 'e', 'l']",6,0.0,"[1, 7, 11, 22, 10, 7, 14, 2, 0, 0, 0, 0, 0]"
2740,<SOS>moshe<EOS>      ,boy,"['m', 'o', 's', 'h', 'e']",5,1.0,"[1, 15, 17, 21, 10, 7, 2, 0, 0, 0, 0, 0, 0]"
5390,<SOS>jaclyn<EOS>     ,girl,"['j', 'a', 'c', 'l', 'y', 'n']",6,0.0,"[1, 12, 3, 5, 14, 27, 16, 2, 0, 0, 0, 0, 0]"
6509,<SOS>kaylen<EOS>     ,girl,"['k', 'a', 'y', 'l', 'e', 'n']",6,0.0,"[1, 13, 3, 27, 14, 7, 16, 2, 0, 0, 0, 0, 0]"
5541,<SOS>renea<EOS>      ,girl,"['r', 'e', 'n', 'e', 'a']",5,0.0,"[1, 20, 7, 16, 7, 3, 2, 0, 0, 0, 0, 0, 0]"
1493,<SOS>courtney<EOS>   ,boy,"['c', 'o', 'u', 'r', 't', 'n', 'e', 'y']",8,1.0,"[1, 5, 17, 23, 20, 22, 16, 7, 27, 2, 0, 0, 0]"
3985,<SOS>ivah<EOS>       ,girl,"['i', 'v', 'a', 'h']",4,0.0,"[1, 11, 24, 3, 10, 2, 0, 0, 0, 0, 0, 0, 0]"
1215,<SOS>shelly<EOS>     ,boy,"['s', 'h', 'e', 'l', 'l', 'y']",6,1.0,"[1, 21, 10, 7, 14, 14, 27, 2, 0, 0, 0, 0, 0]"
3458,<SOS>sara<EOS>       ,girl,"['s', 'a', 'r', 'a']",4,0.0,"[1, 21, 3, 20, 3, 2, 0, 0, 0, 0, 0, 0, 0]"
5119,<SOS>saundra<EOS>    ,girl,"['s', 'a', 'u', 'n', 'd', 'r', 'a']",7,0.0,"[1, 21, 3, 23, 16, 6, 20, 3, 2, 0, 0, 0, 0]"
1579,<SOS>selmer<EOS>     ,boy,"['s', 'e', 'l', 'm', 'e', 'r']",6,1.0,"[1, 21, 7, 14, 15, 7, 20, 2, 0, 0, 0, 0, 0]"
5546,<SOS>penni<EOS>      ,girl,"['p', 'e', 'n', 'n', 'i']",5,0.0,"[1, 18, 7, 16, 16, 11, 2, 0, 0, 0, 0, 0, 0]"
5318,<SOS>leslee<EOS>     ,girl,"['l', 'e', 's', 'l', 'e', 'e']",6,0.0,"[1, 14, 7, 21, 14, 7, 7, 2, 0, 0, 0, 0, 0]"
3938,<SOS>tressa<EOS>     ,girl,"['t', 'r', 'e', 's', 's', 'a']",6,0.0,"[1, 22, 20, 7, 21, 21, 3, 2, 0, 0, 0, 0, 0]"
6601,<SOS>citlali<EOS>    ,girl,"['c', 'i', 't', 'l', 'a', 'l', 'i']",7,0.0,"[1, 5, 11, 22, 14, 3, 14, 11, 2, 0, 0, 0, 0]"
5631,<SOS>tawana<EOS>     ,girl,"['t', 'a', 'w', 'a', 'n', 'a']",6,0.0,"[1, 22, 3, 25, 3, 16, 3, 2, 0, 0, 0, 0, 0]"
4095,<SOS>reta<EOS>       ,girl,"['r', 'e', 't', 'a']",4,0.0,"[1, 20, 7, 22, 3, 2, 0, 0, 0, 0, 0, 0, 0]"
2707,<SOS>donte<EOS>      ,boy,"['d', 'o', 'n', 't', 'e']",5,1.0,"[1, 6, 17, 16, 22, 7, 2, 0, 0, 0, 0, 0, 0]"
2311,<SOS>joey<EOS>       ,boy,"['j', 'o', 'e', 'y']",4,1.0,"[1, 12, 17, 7, 27, 2, 0, 0, 0, 0, 0, 0, 0]"
3858,<SOS>dicie<EOS>      ,girl,"['d', 'i', 'c', 'i', 'e']",5,0.0,"[1, 6, 11, 5, 11, 7, 2, 0, 0, 0, 0, 0, 0]"
2959,<SOS>colten<EOS>     ,boy,"['c', 'o', 'l', 't', 'e', 'n']",6,1.0,"[1, 5, 17, 14, 22, 7, 16, 2, 0, 0, 0, 0, 0]"
3591,<SOS>miriam<EOS>     ,girl,"['m', 'i', 'r', 'i', 'a', 'm']",6,0.0,"[1, 15, 11, 20, 11, 3, 15, 2, 0, 0, 0, 0, 0]"
3876,<SOS>magnolia<EOS>   ,girl,"['m', 'a', 'g', 'n', 'o', 'l', 'i', 'a']",8,0.0,"[1, 15, 3, 9, 16, 17, 14, 11, 3, 2, 0, 0, 0]"
1865,<SOS>boysie<EOS>     ,boy,"['b', 'o', 'y', 's', 'i', 'e']",6,1.0,"[1, 4, 17, 27, 21, 11, 7, 2, 0, 0, 0, 0, 0]"
230,<SOS>mose<EOS>       ,boy,"['m', 'o', 's', 'e']",4,1.0,"[1, 15, 17, 21, 7, 2, 0, 0, 0, 0, 0, 0, 0]"
37,<SOS>herbert<EOS>    ,boy,"['h', 'e', 'r', 'b', 'e', 'r', 't']",7,1.0,"[1, 10, 7, 20, 4, 7, 20, 22, 2, 0, 0, 0, 0]"
1301,<SOS>effie<EOS>      ,boy,"['e', 'f', 'f', 'i', 'e']",5,1.0,"[1, 7, 8, 8, 11, 7, 2, 0, 0, 0, 0, 0, 0]"
362,<SOS>clem<EOS>       ,boy,"['c', 'l', 'e', 'm']",4,1.0,"[1, 5, 14, 7, 15, 2, 0, 0, 0, 0, 0, 0, 0]"
3241,<SOS>bridger<EOS>    ,boy,"['b', 'r', 'i', 'd', 'g', 'e', 'r']",7,1.0,"[1, 4, 20, 11, 6, 9, 7, 20, 2, 0, 0, 0, 0]"
4239,<SOS>henriette<EOS>  ,girl,"['h', 'e', 'n', 'r', 'i', 'e', 't', 't', 'e']",9,0.0,"[1, 10, 7, 16, 20, 11, 7, 22, 22, 7, 2, 0, 0]"
666,<SOS>manford<EOS>    ,boy,"['m', 'a', 'n', 'f', 'o', 'r', 'd']",7,1.0,"[1, 15, 3, 16, 8, 17, 20, 6, 2, 0, 0, 0, 0]"
5148,<SOS>tanya<EOS>      ,girl,"['t', 'a', 'n', 'y', 'a']",5,0.0,"[1, 22, 3, 16, 27, 3, 2, 0, 0, 0, 0, 0, 0]"
3841,<SOS>norah<EOS>      ,girl,"['n', 'o', 'r', 'a', 'h']",5,0.0,"[1, 16, 17, 20, 3, 10, 2, 0, 0, 0, 0, 0, 0]"
1930,<SOS>collin<EOS>     ,boy,"['c', 'o', 'l', 'l', 'i', 'n']",6,1.0,"[1, 5, 17, 14, 14, 11, 16, 2, 0, 0, 0, 0, 0]"
5698,<SOS>mayra<EOS>      ,girl,"['m', 'a', 'y', 'r', 'a']",5,0.0,"[1, 15, 3, 27, 20, 3, 2, 0, 0, 0, 0, 0, 0]"
843,<SOS>doss<EOS>       ,boy,"['d', 'o', 's', 's']",4,1.0,"[1, 6, 17, 21, 21, 2, 0, 0, 0, 0, 0, 0, 0]"
3151,<SOS>reilly<EOS>     ,boy,"['r', 'e', 'i', 'l', 'l', 'y']",6,1.0,"[1, 20, 7, 11, 14, 14, 27, 2, 0, 0, 0, 0, 0]"
3068,<SOS>kieran<EOS>     ,boy,"['k', 'i', 'e', 'r', 'a', 'n']",6,1.0,"[1, 13, 11, 7, 20, 3, 16, 2, 0, 0, 0, 0, 0]"
859,<SOS>hallie<EOS>     ,boy,"['h', 'a', 'l', 'l', 'i', 'e']",6,1.0,"[1, 10, 3, 14, 14, 11, 7, 2, 0, 0, 0, 0, 0]"
6549,<SOS>kaya<EOS>       ,girl,"['k', 'a', 'y', 'a']",4,0.0,"[1, 13, 3, 27, 3, 2, 0, 0, 0, 0, 0, 0, 0]"
5298,<SOS>gerri<EOS>      ,girl,"['g', 'e', 'r', 'r', 'i']",5,0.0,"[1, 9, 7, 20, 20, 11, 2, 0, 0, 0, 0, 0, 0]"
944,<SOS>duff<EOS>       ,boy,"['d', 'u', 'f', 'f']",4,1.0,"[1, 6, 23, 8, 8, 2, 0, 0, 0, 0, 0, 0, 0]"
6081,<SOS>sharita<EOS>    ,girl,"['s', 'h', 'a', 'r', 'i', 't', 'a']",7,0.0,"[1, 21, 10, 3, 20, 11, 22, 3, 2, 0, 0, 0, 0]"
1381,<SOS>hayward<EOS>    ,boy,"['h', 'a', 'y', 'w', 'a', 'r', 'd']",7,1.0,"[1, 10, 3, 27, 25, 3, 20, 6, 2, 0, 0, 0, 0]"
803,<SOS>vivian<EOS>     ,boy,"['v', 'i', 'v', 'i', 'a', 'n']",6,1.0,"[1, 24, 11, 24, 11, 3, 16, 2, 0, 0, 0, 0, 0]"
5051,<SOS>marilee<EOS>    ,girl,"['m', 'a', 'r', 'i', 'l', 'e', 'e']",7,0.0,"[1, 15, 3, 20, 11, 14, 7, 7, 2, 0, 0, 0, 0]"
1601,<SOS>angel<EOS>      ,boy,"['a', 'n', 'g', 'e', 'l']",5,1.0,"[1, 3, 16, 9, 7, 14, 2, 0, 0, 0, 0, 0, 0]"
3339,<SOS>jaidyn<EOS>     ,boy,"['j', 'a', 'i', 'd', 'y', 'n']",6,1.0,"[1, 12, 3, 11, 6, 27, 16, 2, 0, 0, 0, 0, 0]"
542,<SOS>evert<EOS>      ,boy,"['e', 'v', 'e', 'r', 't']",5,1.0,"[1, 7, 24, 7, 20, 22, 2, 0, 0, 0, 0, 0, 0]"
1344,<SOS>chancey<EOS>    ,boy,"['c', 'h', 'a', 'n', 'c', 'e', 'y']",7,1.0,"[1, 5, 10, 3, 16, 5, 7, 27, 2, 0, 0, 0, 0]"
865,<SOS>hollie<EOS>     ,boy,"['h', 'o', 'l', 'l', 'i', 'e']",6,1.0,"[1, 10, 17, 14, 14, 11, 7, 2, 0, 0, 0, 0, 0]"
6323,<SOS>karley<EOS>     ,girl,"['k', 'a', 'r', 'l', 'e', 'y']",6,0.0,"[1, 13, 3, 20, 14, 7, 27, 2, 0, 0, 0, 0, 0]"
2067,<SOS>florentino<EOS> ,boy,"['f', 'l', 'o', 'r', 'e', 'n', 't', 'i', 'n', 'o']",10,1.0,"[1, 8, 14, 17, 20, 7, 16, 22, 11, 16, 17, 2, 0]"
3771,<SOS>izora<EOS>      ,girl,"['i', 'z', 'o', 'r', 'a']",5,0.0,"[1, 11, 28, 17, 20, 3, 2, 0, 0, 0, 0, 0, 0]"
2420,<SOS>cory<EOS>       ,boy,"['c', 'o', 'r', 'y']",4,1.0,"[1, 5, 17, 20, 27, 2, 0, 0, 0, 0, 0, 0, 0]"
4443,<SOS>parlee<EOS>     ,girl,"['p', 'a', 'r', 'l', 'e', 'e']",6,0.0,"[1, 18, 3, 20, 14, 7, 7, 2, 0, 0, 0, 0, 0]"
2680,<SOS>dedrick<EOS>    ,boy,"['d', 'e', 'd', 'r', 'i', 'c', 'k']",7,1.0,"[1, 6, 7, 6, 20, 11, 5, 13, 2, 0, 0, 0, 0]"
5599,<SOS>brigette<EOS>   ,girl,"['b', 'r', 'i', 'g', 'e', 't', 't', 'e']",8,0.0,"[1, 4, 20, 11, 9, 7, 22, 22, 7, 2, 0, 0, 0]"
1055,<SOS>plummer<EOS>    ,boy,"['p', 'l', 'u', 'm', 'm', 'e', 'r']",7,1.0,"[1, 18, 14, 23, 15, 15, 7, 20, 2, 0, 0, 0, 0]"
3482,<SOS>mable<EOS>      ,girl,"['m', 'a', 'b', 'l', 'e']",5,0.0,"[1, 15, 3, 4, 14, 7, 2, 0, 0, 0, 0, 0, 0]"
6534,<SOS>journey<EOS>    ,girl,"['j', 'o', 'u', 'r', 'n', 'e', 'y']",7,0.0,"[1, 12, 17, 23, 20, 16, 7, 27, 2, 0, 0, 0, 0]"
2085,<SOS>colie<EOS>      ,boy,"['c', 'o', 'l', 'i', 'e']",5,1.0,"[1, 5, 17, 14, 11, 7, 2, 0, 0, 0, 0, 0, 0]"
2294,<SOS>levon<EOS>      ,boy,"['l', 'e', 'v', 'o', 'n']",5,1.0,"[1, 14, 7, 24, 17, 16, 2, 0, 0, 0, 0, 0, 0]"
2685,<SOS>christoper<EOS> ,boy,"['c', 'h', 'r', 'i', 's', 't', 'o', 'p', 'e', 'r']",10,1.0,"[1, 5, 10, 20, 11, 21, 22, 17, 18, 7, 20, 2, 0]"
6143,<SOS>shira<EOS>      ,girl,"['s', 'h', 'i', 'r', 'a']",5,0.0,"[1, 21, 10, 11, 20, 3, 2, 0, 0, 0, 0, 0, 0]"
4765,<SOS>allean<EOS>     ,girl,"['a', 'l', 'l', 'e', 'a', 'n']",6,0.0,"[1, 3, 14, 14, 7, 3, 16, 2, 0, 0, 0, 0, 0]"
4946,<SOS>jeraldine<EOS>  ,girl,"['j', 'e', 'r', 'a', 'l', 'd', 'i', 'n', 'e']",9,0.0,"[1, 12, 7, 20, 3, 14, 6, 11, 16, 7, 2, 0, 0]"
2886,<SOS>devan<EOS>      ,boy,"['d', 'e', 'v', 'a', 'n']",5,1.0,"[1, 6, 7, 24, 3, 16, 2, 0, 0, 0, 0, 0, 0]"
4126,<SOS>aura<EOS>       ,girl,"['a', 'u', 'r', 'a']",4,0.0,"[1, 3, 23, 20, 3, 2, 0, 0, 0, 0, 0, 0, 0]"
1167,<SOS>seward<EOS>     ,boy,"['s', 'e', 'w', 'a', 'r', 'd']",6,1.0,"[1, 21, 7, 25, 3, 20, 6, 2, 0, 0, 0, 0, 0]"
3955,<SOS>bena<EOS>       ,girl,"['b', 'e', 'n', 'a']",4,0.0,"[1, 4, 7, 16, 3, 2, 0, 0, 0, 0, 0, 0, 0]"
5520,<SOS>brigitte<EOS>   ,girl,"['b', 'r', 'i', 'g', 'i', 't', 't', 'e']",8,0.0,"[1, 4, 20, 11, 9, 11, 22, 22, 7, 2, 0, 0, 0]"
908,<SOS>ab<EOS>         ,boy,"['a', 'b']",2,1.0,"[1, 3, 4, 2, 0, 0, 0, 0, 0, 0, 0, 0, 0]"
5213,<SOS>kathie<EOS>     ,girl,"['k', 'a', 't', 'h', 'i', 'e']",6,0.0,"[1, 13, 3, 22, 10, 11, 7, 2, 0, 0, 0, 0, 0]"
118,<SOS>moses<EOS>      ,boy,"['m', 'o', 's', 'e', 's']",5,1.0,"[1, 15, 17, 21, 7, 21, 2, 0, 0, 0, 0, 0, 0]"
2239,<SOS>sherrill<EOS>   ,boy,"['s', 'h', 'e', 'r', 'r', 'i', 'l', 'l']",8,1.0,"[1, 21, 10, 7, 20, 20, 11, 14, 14, 2, 0, 0, 0]"
1626,<SOS>hilmer<EOS>     ,boy,"['h', 'i', 'l', 'm', 'e', 'r']",6,1.0,"[1, 10, 11, 14, 15, 7, 20, 2, 0, 0, 0, 0, 0]"
6361,<SOS>viridiana<EOS>  ,girl,"['v', 'i', 'r', 'i', 'd', 'i', 'a', 'n', 'a']",9,0.0,"[1, 24, 11, 20, 11, 6, 11, 3, 16, 3, 2, 0, 0]"
5147,<SOS>karla<EOS>      ,girl,"['k', 'a', 'r', 'l', 'a']",5,0.0,"[1, 13, 3, 20, 14, 3, 2, 0, 0, 0, 0, 0, 0]"
6451,<SOS>ansley<EOS>     ,girl,"['a', 'n', 's', 'l', 'e', 'y']",6,0.0,"[1, 3, 16, 21, 14, 7, 27, 2, 0, 0, 0, 0, 0]"
2672,<SOS>kenyon<EOS>     ,boy,"['k', 'e', 'n', 'y', 'o', 'n']",6,1.0,"[1, 13, 7, 16, 27, 17, 16, 2, 0, 0, 0, 0, 0]"
6008,<SOS>maren<EOS>      ,girl,"['m', 'a', 'r', 'e', 'n']",5,0.0,"[1, 15, 3, 20, 7, 16, 2, 0, 0, 0, 0, 0, 0]"
2001,<SOS>bobby<EOS>      ,boy,"['b', 'o', 'b', 'b', 'y']",5,1.0,"[1, 4, 17, 4, 4, 27, 2, 0, 0, 0, 0, 0, 0]"
813,<SOS>alpheus<EOS>    ,boy,"['a', 'l', 'p', 'h', 'e', 'u', 's']",7,1.0,"[1, 3, 14, 18, 10, 7, 23, 21, 2, 0, 0, 0, 0]"
415,<SOS>lucian<EOS>     ,boy,"['l', 'u', 'c', 'i', 'a', 'n']",6,1.0,"[1, 14, 23, 5, 11, 3, 16, 2, 0, 0, 0, 0, 0]"
2401,<SOS>kelvin<EOS>     ,boy,"['k', 'e', 'l', 'v', 'i', 'n']",6,1.0,"[1, 13, 7, 14, 24, 11, 16, 2, 0, 0, 0, 0, 0]"
5684,<SOS>lissette<EOS>   ,girl,"['l', 'i', 's', 's', 'e', 't', 't', 'e']",8,0.0,"[1, 14, 11, 21, 21, 7, 22, 22, 7, 2, 0, 0, 0]"
3755,<SOS>mame<EOS>       ,girl,"['m', 'a', 'm', 'e']",4,0.0,"[1, 15, 3, 15, 7, 2, 0, 0, 0, 0, 0, 0, 0]"
6466,<SOS>gisselle<EOS>   ,girl,"['g', 'i', 's', 's', 'e', 'l', 'l', 'e']",8,0.0,"[1, 9, 11, 21, 21, 7, 14, 14, 7, 2, 0, 0, 0]"
1199,<SOS>fernand<EOS>    ,boy,"['f', 'e', 'r', 'n', 'a', 'n', 'd']",7,1.0,"[1, 8, 7, 20, 16, 3, 16, 6, 2, 0, 0, 0, 0]"
4643,<SOS>josefina<EOS>   ,girl,"['j', 'o', 's', 'e', 'f', 'i', 'n', 'a']",8,0.0,"[1, 12, 17, 21, 7, 8, 11, 16, 3, 2, 0, 0, 0]"
4355,<SOS>leaner<EOS>     ,girl,"['l', 'e', 'a', 'n', 'e', 'r']",6,0.0,"[1, 14, 7, 3, 16, 7, 20, 2, 0, 0, 0, 0, 0]"
2977,<SOS>alexande<EOS>   ,boy,"['a', 'l', 'e', 'x', 'a', 'n', 'd', 'e']",8,1.0,"[1, 3, 14, 7, 26, 3, 16, 6, 7, 2, 0, 0, 0]"
3130,<SOS>killian<EOS>    ,boy,"['k', 'i', 'l', 'l', 'i', 'a', 'n']",7,1.0,"[1, 13, 11, 14, 14, 11, 3, 16, 2, 0, 0, 0, 0]"
1641,<SOS>carlie<EOS>     ,boy,"['c', 'a', 'r', 'l', 'i', 'e']",6,1.0,"[1, 5, 3, 20, 14, 11, 7, 2, 0, 0, 0, 0, 0]"
5371,<SOS>lorrie<EOS>     ,girl,"['l', 'o', 'r', 'r', 'i', 'e']",6,0.0,"[1, 14, 17, 20, 20, 11, 7, 2, 0, 0, 0, 0, 0]"
5178,<SOS>shelvia<EOS>    ,girl,"['s', 'h', 'e', 'l', 'v', 'i', 'a']",7,0.0,"[1, 21, 10, 7, 14, 24, 11, 3, 2, 0, 0, 0, 0]"
213,<SOS>vernon<EOS>     ,boy,"['v', 'e', 'r', 'n', 'o', 'n']",6,1.0,"[1, 24, 7, 20, 16, 17, 16, 2, 0, 0, 0, 0, 0]"
1470,<SOS>lillard<EOS>    ,boy,"['l', 'i', 'l', 'l', 'a', 'r', 'd']",7,1.0,"[1, 14, 11, 14, 14, 3, 20, 6, 2, 0, 0, 0, 0]"
5578,<SOS>loria<EOS>      ,girl,"['l', 'o', 'r', 'i', 'a']",5,0.0,"[1, 14, 17, 20, 11, 3, 2, 0, 0, 0, 0, 0, 0]"
2140,<SOS>minoru<EOS>     ,boy,"['m', 'i', 'n', 'o', 'r', 'u']",6,1.0,"[1, 15, 11, 16, 17, 20, 23, 2, 0, 0, 0, 0, 0]"
3279,<SOS>yusuf<EOS>      ,boy,"['y', 'u', 's', 'u', 'f']",5,1.0,"[1, 27, 23, 21, 23, 8, 2, 0, 0, 0, 0, 0, 0]"
210,<SOS>emanuel<EOS>    ,boy,"['e', 'm', 'a', 'n', 'u', 'e', 'l']",7,1.0,"[1, 7, 15, 3, 16, 23, 7, 14, 2, 0, 0, 0, 0]"
1415,<SOS>odis<EOS>       ,boy,"['o', 'd', 'i', 's']",4,1.0,"[1, 17, 6, 11, 21, 2, 0, 0, 0, 0, 0, 0, 0]"
1636,<SOS>liston<EOS>     ,boy,"['l', 'i', 's', 't', 'o', 'n']",6,1.0,"[1, 14, 11, 21, 22, 17, 16, 2, 0, 0, 0, 0, 0]"
107,<SOS>leroy<EOS>      ,boy,"['l', 'e', 'r', 'o', 'y']",5,1.0,"[1, 14, 7, 20, 17, 27, 2, 0, 0, 0, 0, 0, 0]"
5361,<SOS>kathlene<EOS>   ,girl,"['k', 'a', 't', 'h', 'l', 'e', 'n', 'e']",8,0.0,"[1, 13, 3, 22, 10, 14, 7, 16, 7, 2, 0, 0, 0]"
6163,<SOS>sable<EOS>      ,girl,"['s', 'a', 'b', 'l', 'e']",5,0.0,"[1, 21, 3, 4, 14, 7, 2, 0, 0, 0, 0, 0, 0]"
3650,<SOS>antoinette<EOS> ,girl,"['a', 'n', 't', 'o', 'i', 'n', 'e', 't', 't', 'e']",10,0.0,"[1, 3, 16, 22, 17, 11, 16, 7, 22, 22, 7, 2, 0]"
2360,<SOS>eusebio<EOS>    ,boy,"['e', 'u', 's', 'e', 'b', 'i', 'o']",7,1.0,"[1, 7, 23, 21, 7, 4, 11, 17, 2, 0, 0, 0, 0]"
978,<SOS>hoyt<EOS>       ,boy,"['h', 'o', 'y', 't']",4,1.0,"[1, 10, 17, 27, 22, 2, 0, 0, 0, 0, 0, 0, 0]"
2022,<SOS>leonardo<EOS>   ,boy,"['l', 'e', 'o', 'n', 'a', 'r', 'd', 'o']",8,1.0,"[1, 14, 7, 17, 16, 3, 20, 6, 17, 2, 0, 0, 0]"
1933,<SOS>lauren<EOS>     ,boy,"['l', 'a', 'u', 'r', 'e', 'n']",6,1.0,"[1, 14, 3, 23, 20, 7, 16, 2, 0, 0, 0, 0, 0]"
4469,<SOS>lassie<EOS>     ,girl,"['l', 'a', 's', 's', 'i', 'e']",6,0.0,"[1, 14, 3, 21, 21, 11, 7, 2, 0, 0, 0, 0, 0]"
109,<SOS>alonzo<EOS>     ,boy,"['a', 'l', 'o', 'n', 'z', 'o']",6,1.0,"[1, 3, 14, 17, 16, 28, 17, 2, 0, 0, 0, 0, 0]"
6203,<SOS>danae<EOS>      ,girl,"['d', 'a', 'n', 'a', 'e']",5,0.0,"[1, 6, 3, 16, 3, 7, 2, 0, 0, 0, 0, 0, 0]"
3532,<SOS>emilie<EOS>     ,girl,"['e', 'm', 'i', 'l', 'i', 'e']",6,0.0,"[1, 7, 15, 11, 14, 11, 7, 2, 0, 0, 0, 0, 0]"
3319,<SOS>konner<EOS>     ,boy,"['k', 'o', 'n', 'n', 'e', 'r']",6,1.0,"[1, 13, 17, 16, 16, 7, 20, 2, 0, 0, 0, 0, 0]"
6526,<SOS>nyasia<EOS>     ,girl,"['n', 'y', 'a', 's', 'i', 'a']",6,0.0,"[1, 16, 27, 3, 21, 11, 3, 2, 0, 0, 0, 0, 0]"
5842,<SOS>latrina<EOS>    ,girl,"['l', 'a', 't', 'r', 'i', 'n', 'a']",7,0.0,"[1, 14, 3, 22, 20, 11, 16, 3, 2, 0, 0, 0, 0]"
5987,<SOS>lyndsey<EOS>    ,girl,"['l', 'y', 'n', 'd', 's', 'e', 'y']",7,0.0,"[1, 14, 27, 16, 6, 21, 7, 27, 2, 0, 0, 0, 0]"
2902,<SOS>alonso<EOS>     ,boy,"['a', 'l', 'o', 'n', 's', 'o']",6,1.0,"[1, 3, 14, 17, 16, 21, 17, 2, 0, 0, 0, 0, 0]"
4541,<SOS>macy<EOS>       ,girl,"['m', 'a', 'c', 'y']",4,0.0,"[1, 15, 3, 5, 27, 2, 0, 0, 0, 0, 0, 0, 0]"
1104,<SOS>callie<EOS>     ,boy,"['c', 'a', 'l', 'l', 'i', 'e']",6,1.0,"[1, 5, 3, 14, 14, 11, 7, 2, 0, 0, 0, 0, 0]"
3554,<SOS>regina<EOS>     ,girl,"['r', 'e', 'g', 'i', 'n', 'a']",6,0.0,"[1, 20, 7, 9, 11, 16, 3, 2, 0, 0, 0, 0, 0]"
5797,<SOS>jenna<EOS>      ,girl,"['j', 'e', 'n', 'n', 'a']",5,0.0,"[1, 12, 7, 16, 16, 3, 2, 0, 0, 0, 0, 0, 0]"
5065,<SOS>jill<EOS>       ,girl,"['j', 'i', 'l', 'l']",4,0.0,"[1, 12, 11, 14, 14, 2, 0, 0, 0, 0, 0, 0, 0]"
929,<SOS>bradford<EOS>   ,boy,"['b', 'r', 'a', 'd', 'f', 'o', 'r', 'd']",8,1.0,"[1, 4, 20, 3, 6, 8, 17, 20, 6, 2, 0, 0, 0]"
6192,<SOS>kailey<EOS>     ,girl,"['k', 'a', 'i', 'l', 'e', 'y']",6,0.0,"[1, 13, 3, 11, 14, 7, 27, 2, 0, 0, 0, 0, 0]"
2931,<SOS>derrek<EOS>     ,boy,"['d', 'e', 'r', 'r', 'e', 'k']",6,1.0,"[1, 6, 7, 20, 20, 7, 13, 2, 0, 0, 0, 0, 0]"
1091,<SOS>starling<EOS>   ,boy,"['s', 't', 'a', 'r', 'l', 'i', 'n', 'g']",8,1.0,"[1, 21, 22, 3, 20, 14, 11, 16, 9, 2, 0, 0, 0]"
2485,<SOS>andrea<EOS>     ,boy,"['a', 'n', 'd', 'r', 'e', 'a']",6,1.0,"[1, 3, 16, 6, 20, 7, 3, 2, 0, 0, 0, 0, 0]"
1913,<SOS>beatrice<EOS>   ,boy,"['b', 'e', 'a', 't', 'r', 'i', 'c', 'e']",8,1.0,"[1, 4, 7, 3, 22, 20, 11, 5, 7, 2, 0, 0, 0]"
4976,<SOS>venice<EOS>     ,girl,"['v', 'e', 'n', 'i', 'c', 'e']",6,0.0,"[1, 24, 7, 16, 11, 5, 7, 2, 0, 0, 0, 0, 0]"
2445,<SOS>antony<EOS>     ,boy,"['a', 'n', 't', 'o', 'n', 'y']",6,1.0,"[1, 3, 16, 22, 17, 16, 27, 2, 0, 0, 0, 0, 0]"
736,<SOS>shade<EOS>      ,boy,"['s', 'h', 'a', 'd', 'e']",5,1.0,"[1, 21, 10, 3, 6, 7, 2, 0, 0, 0, 0, 0, 0]"
967,<SOS>gustavus<EOS>   ,boy,"['g', 'u', 's', 't', 'a', 'v', 'u', 's']",8,1.0,"[1, 9, 23, 21, 22, 3, 24, 23, 21, 2, 0, 0, 0]"
3077,<SOS>mikal<EOS>      ,boy,"['m', 'i', 'k', 'a', 'l']",5,1.0,"[1, 15, 11, 13, 3, 14, 2, 0, 0, 0, 0, 0, 0]"
538,<SOS>dana<EOS>       ,boy,"['d', 'a', 'n', 'a']",4,1.0,"[1, 6, 3, 16, 3, 2, 0, 0, 0, 0, 0, 0, 0]"
3441,<SOS>harriet<EOS>    ,girl,"['h', 'a', 'r', 'r', 'i', 'e', 't']",7,0.0,"[1, 10, 3, 20, 20, 11, 7, 22, 2, 0, 0, 0, 0]"
2589,<SOS>michelle<EOS>   ,boy,"['m', 'i', 'c', 'h', 'e', 'l', 'l', 'e']",8,1.0,"[1, 15, 11, 5, 10, 7, 14, 14, 7, 2, 0, 0, 0]"
2594,<SOS>efren<EOS>      ,boy,"['e', 'f', 'r', 'e', 'n']",5,1.0,"[1, 7, 8, 20, 7, 16, 2, 0, 0, 0, 0, 0, 0]"
2477,<SOS>chet<EOS>       ,boy,"['c', 'h', 'e', 't']",4,1.0,"[1, 5, 10, 7, 22, 2, 0, 0, 0, 0, 0, 0, 0]"
4640,<SOS>monnie<EOS>     ,girl,"['m', 'o', 'n', 'n', 'i', 'e']",6,0.0,"[1, 15, 17, 16, 16, 11, 7, 2, 0, 0, 0, 0, 0]"
3810,<SOS>una<EOS>        ,girl,"['u', 'n', 'a']",3,0.0,"[1, 23, 16, 3, 2, 0, 0, 0, 0, 0, 0, 0, 0]"
4428,<SOS>lesta<EOS>      ,girl,"['l', 'e', 's', 't', 'a']",5,0.0,"[1, 14, 7, 21, 22, 3, 2, 0, 0, 0, 0, 0, 0]"
2900,<SOS>baby<EOS>       ,boy,"['b', 'a', 'b', 'y']",4,1.0,"[1, 4, 3, 4, 27, 2, 0, 0, 0, 0, 0, 0, 0]"
5660,<SOS>tamatha<EOS>    ,girl,"['t', 'a', 'm', 'a', 't', 'h', 'a']",7,0.0,"[1, 22, 3, 15, 3, 22, 10, 3, 2, 0, 0, 0, 0]"
3815,<SOS>angelina<EOS>   ,girl,"['a', 'n', 'g', 'e', 'l', 'i', 'n', 'a']",8,0.0,"[1, 3, 16, 9, 7, 14, 11, 16, 3, 2, 0, 0, 0]"
3657,<SOS>magdalena<EOS>  ,girl,"['m', 'a', 'g', 'd', 'a', 'l', 'e', 'n', 'a']",9,0.0,"[1, 15, 3, 9, 6, 3, 14, 7, 16, 3, 2, 0, 0]"
836,<SOS>cruz<EOS>       ,boy,"['c', 'r', 'u', 'z']",4,1.0,"[1, 5, 20, 23, 28, 2, 0, 0, 0, 0, 0, 0, 0]"
6731,<SOS>azul<EOS>       ,girl,"['a', 'z', 'u', 'l']",4,0.0,"[1, 3, 28, 23, 14, 2, 0, 0, 0, 0, 0, 0, 0]"
675,<SOS>parley<EOS>     ,boy,"['p', 'a', 'r', 'l', 'e', 'y']",6,1.0,"[1, 18, 3, 20, 14, 7, 27, 2, 0, 0, 0, 0, 0]"
4827,<SOS>neola<EOS>      ,girl,"['n', 'e', 'o', 'l', 'a']",5,0.0,"[1, 16, 7, 17, 14, 3, 2, 0, 0, 0, 0, 0, 0]"
5150,<SOS>wendy<EOS>      ,girl,"['w', 'e', 'n', 'd', 'y']",5,0.0,"[1, 25, 7, 16, 6, 27, 2, 0, 0, 0, 0, 0, 0]"
5170,<SOS>dianna<EOS>     ,girl,"['d', 'i', 'a', 'n', 'n', 'a']",6,0.0,"[1, 6, 11, 3, 16, 16, 3, 2, 0, 0, 0, 0, 0]"
135,<SOS>victor<EOS>     ,boy,"['v', 'i', 'c', 't', 'o', 'r']",6,1.0,"[1, 24, 11, 5, 22, 17, 20, 2, 0, 0, 0, 0, 0]"
1754,<SOS>nolen<EOS>      ,boy,"['n', 'o', 'l', 'e', 'n']",5,1.0,"[1, 16, 17, 14, 7, 16, 2, 0, 0, 0, 0, 0, 0]"
1873,<SOS>mario<EOS>      ,boy,"['m', 'a', 'r', 'i', 'o']",5,1.0,"[1, 15, 3, 20, 11, 17, 2, 0, 0, 0, 0, 0, 0]"
1655,<SOS>foy<EOS>        ,boy,"['f', 'o', 'y']",3,1.0,"[1, 8, 17, 27, 2, 0, 0, 0, 0, 0, 0, 0, 0]"
2318,<SOS>darnell<EOS>    ,boy,"['d', 'a', 'r', 'n', 'e', 'l', 'l']",7,1.0,"[1, 6, 3, 20, 16, 7, 14, 14, 2, 0, 0, 0, 0]"
3861,<SOS>elena<EOS>      ,girl,"['e', 'l', 'e', 'n', 'a']",5,0.0,"[1, 7, 14, 7, 16, 3, 2, 0, 0, 0, 0, 0, 0]"
4322,<SOS>trudie<EOS>     ,girl,"['t', 'r', 'u', 'd', 'i', 'e']",6,0.0,"[1, 22, 20, 23, 6, 11, 7, 2, 0, 0, 0, 0, 0]"
2799,<SOS>jedediah<EOS>   ,boy,"['j', 'e', 'd', 'e', 'd', 'i', 'a', 'h']",8,1.0,"[1, 12, 7, 6, 7, 6, 11, 3, 10, 2, 0, 0, 0]"
583,<SOS>gabe<EOS>       ,boy,"['g', 'a', 'b', 'e']",4,1.0,"[1, 9, 3, 4, 7, 2, 0, 0, 0, 0, 0, 0, 0]"
3942,<SOS>zola<EOS>       ,girl,"['z', 'o', 'l', 'a']",4,0.0,"[1, 28, 17, 14, 3, 2, 0, 0, 0, 0, 0, 0, 0]"
3198,<SOS>kyree<EOS>      ,boy,"['k', 'y', 'r', 'e', 'e']",5,1.0,"[1, 13, 27, 20, 7, 7, 2, 0, 0, 0, 0, 0, 0]"
3665,<SOS>elizebeth<EOS>  ,girl,"['e', 'l', 'i', 'z', 'e', 'b', 'e', 't', 'h']",9,0.0,"[1, 7, 14, 11, 28, 7, 4, 7, 22, 10, 2, 0, 0]"
5937,<SOS>rayna<EOS>      ,girl,"['r', 'a', 'y', 'n', 'a']",5,0.0,"[1, 20, 3, 27, 16, 3, 2, 0, 0, 0, 0, 0, 0]"
1574,<SOS>leonce<EOS>     ,boy,"['l', 'e', 'o', 'n', 'c', 'e']",6,1.0,"[1, 14, 7, 17, 16, 5, 7, 2, 0, 0, 0, 0, 0]"
3357,<SOS>trenten<EOS>    ,boy,"['t', 'r', 'e', 'n', 't', 'e', 'n']",7,1.0,"[1, 22, 20, 7, 16, 22, 7, 16, 2, 0, 0, 0, 0]"
1351,<SOS>estill<EOS>     ,boy,"['e', 's', 't', 'i', 'l', 'l']",6,1.0,"[1, 7, 21, 22, 11, 14, 14, 2, 0, 0, 0, 0, 0]"
2976,<SOS>infant<EOS>     ,boy,"['i', 'n', 'f', 'a', 'n', 't']",6,1.0,"[1, 11, 16, 8, 3, 16, 22, 2, 0, 0, 0, 0, 0]"
6702,<SOS>yaretzi<EOS>    ,girl,"['y', 'a', 'r', 'e', 't', 'z', 'i']",7,0.0,"[1, 27, 3, 20, 7, 22, 28, 11, 2, 0, 0, 0, 0]"
4607,<SOS>carmelita<EOS>  ,girl,"['c', 'a', 'r', 'm', 'e', 'l', 'i', 't', 'a']",9,0.0,"[1, 5, 3, 20, 15, 7, 14, 11, 22, 3, 2, 0, 0]"
1013,<SOS>lambert<EOS>    ,boy,"['l', 'a', 'm', 'b', 'e', 'r', 't']",7,1.0,"[1, 14, 3, 15, 4, 7, 20, 22, 2, 0, 0, 0, 0]"
6707,<SOS>bethzy<EOS>     ,girl,"['b', 'e', 't', 'h', 'z', 'y']",6,0.0,"[1, 4, 7, 22, 10, 28, 27, 2, 0, 0, 0, 0, 0]"
2391,<SOS>deryl<EOS>      ,boy,"['d', 'e', 'r', 'y', 'l']",5,1.0,"[1, 6, 7, 20, 27, 14, 2, 0, 0, 0, 0, 0, 0]"
6264,<SOS>rubi<EOS>       ,girl,"['r', 'u', 'b', 'i']",4,0.0,"[1, 20, 23, 4, 11, 2, 0, 0, 0, 0, 0, 0, 0]"
1338,<SOS>blake<EOS>      ,boy,"['b', 'l', 'a', 'k', 'e']",5,1.0,"[1, 4, 14, 3, 13, 7, 2, 0, 0, 0, 0, 0, 0]"
5153,<SOS>carolann<EOS>   ,girl,"['c', 'a', 'r', 'o', 'l', 'a', 'n', 'n']",8,0.0,"[1, 5, 3, 20, 17, 14, 3, 16, 16, 2, 0, 0, 0]"
4551,<SOS>enid<EOS>       ,girl,"['e', 'n', 'i', 'd']",4,0.0,"[1, 7, 16, 11, 6, 2, 0, 0, 0, 0, 0, 0, 0]"
916,<SOS>arvid<EOS>      ,boy,"['a', 'r', 'v', 'i', 'd']",5,1.0,"[1, 3, 20, 24, 11, 6, 2, 0, 0, 0, 0, 0, 0]"
4111,<SOS>ula<EOS>        ,girl,"['u', 'l', 'a']",3,0.0,"[1, 23, 14, 3, 2, 0, 0, 0, 0, 0, 0, 0, 0]"
2175,<SOS>boris<EOS>      ,boy,"['b', 'o', 'r', 'i', 's']",5,1.0,"[1, 4, 17, 20, 11, 21, 2, 0, 0, 0, 0, 0, 0]"
1084,<SOS>maude<EOS>      ,boy,"['m', 'a', 'u', 'd', 'e']",5,1.0,"[1, 15, 3, 23, 6, 7, 2, 0, 0, 0, 0, 0, 0]"
5463,<SOS>debroah<EOS>    ,girl,"['d', 'e', 'b', 'r', 'o', 'a', 'h']",7,0.0,"[1, 6, 7, 4, 20, 17, 3, 10, 2, 0, 0, 0, 0]"
2333,<SOS>darell<EOS>     ,boy,"['d', 'a', 'r', 'e', 'l', 'l']",6,1.0,"[1, 6, 3, 20, 7, 14, 14, 2, 0, 0, 0, 0, 0]"
3204,<SOS>matteo<EOS>     ,boy,"['m', 'a', 't', 't', 'e', 'o']",6,1.0,"[1, 15, 3, 22, 22, 7, 17, 2, 0, 0, 0, 0, 0]"
96,<SOS>bernard<EOS>    ,boy,"['b', 'e', 'r', 'n', 'a', 'r', 'd']",7,1.0,"[1, 4, 7, 20, 16, 3, 20, 6, 2, 0, 0, 0, 0]"
947,<SOS>elick<EOS>      ,boy,"['e', 'l', 'i', 'c', 'k']",5,1.0,"[1, 7, 14, 11, 5, 13, 2, 0, 0, 0, 0, 0, 0]"
6202,<SOS>kaylie<EOS>     ,girl,"['k', 'a', 'y', 'l', 'i', 'e']",6,0.0,"[1, 13, 3, 27, 14, 11, 7, 2, 0, 0, 0, 0, 0]"
6548,<SOS>jackeline<EOS>  ,girl,"['j', 'a', 'c', 'k', 'e', 'l', 'i', 'n', 'e']",9,0.0,"[1, 12, 3, 5, 13, 7, 14, 11, 16, 7, 2, 0, 0]"
4867,<SOS>loree<EOS>      ,girl,"['l', 'o', 'r', 'e', 'e']",5,0.0,"[1, 14, 17, 20, 7, 7, 2, 0, 0, 0, 0, 0, 0]"
6459,<SOS>yulissa<EOS>    ,girl,"['y', 'u', 'l', 'i', 's', 's', 'a']",7,0.0,"[1, 27, 23, 14, 11, 21, 21, 3, 2, 0, 0, 0, 0]"
2181,<SOS>faustino<EOS>   ,boy,"['f', 'a', 'u', 's', 't', 'i', 'n', 'o']",8,1.0,"[1, 8, 3, 23, 21, 22, 11, 16, 17, 2, 0, 0, 0]"
876,<SOS>mervin<EOS>     ,boy,"['m', 'e', 'r', 'v', 'i', 'n']",6,1.0,"[1, 15, 7, 20, 24, 11, 16, 2, 0, 0, 0, 0, 0]"
1622,<SOS>cephus<EOS>     ,boy,"['c', 'e', 'p', 'h', 'u', 's']",6,1.0,"[1, 5, 7, 18, 10, 23, 21, 2, 0, 0, 0, 0, 0]"
421,<SOS>sandy<EOS>      ,boy,"['s', 'a', 'n', 'd', 'y']",5,1.0,"[1, 21, 3, 16, 6, 27, 2, 0, 0, 0, 0, 0, 0]"
1386,<SOS>vollie<EOS>     ,boy,"['v', 'o', 'l', 'l', 'i', 'e']",6,1.0,"[1, 24, 17, 14, 14, 11, 7, 2, 0, 0, 0, 0, 0]"
2195,<SOS>denny<EOS>      ,boy,"['d', 'e', 'n', 'n', 'y']",5,1.0,"[1, 6, 7, 16, 16, 27, 2, 0, 0, 0, 0, 0, 0]"
2493,<SOS>brien<EOS>      ,boy,"['b', 'r', 'i', 'e', 'n']",5,1.0,"[1, 4, 20, 11, 7, 16, 2, 0, 0, 0, 0, 0, 0]"
6027,<SOS>renada<EOS>     ,girl,"['r', 'e', 'n', 'a', 'd', 'a']",6,0.0,"[1, 20, 7, 16, 3, 6, 3, 2, 0, 0, 0, 0, 0]"
2342,<SOS>lary<EOS>       ,boy,"['l', 'a', 'r', 'y']",4,1.0,"[1, 14, 3, 20, 27, 2, 0, 0, 0, 0, 0, 0, 0]"
1911,<SOS>viola<EOS>      ,boy,"['v', 'i', 'o', 'l', 'a']",5,1.0,"[1, 24, 11, 17, 14, 3, 2, 0, 0, 0, 0, 0, 0]"
40,<SOS>elmer<EOS>      ,boy,"['e', 'l', 'm', 'e', 'r']",5,1.0,"[1, 7, 14, 15, 7, 20, 2, 0, 0, 0, 0, 0, 0]"
6141,<SOS>kelsie<EOS>     ,girl,"['k', 'e', 'l', 's', 'i', 'e']",6,0.0,"[1, 13, 7, 14, 21, 11, 7, 2, 0, 0, 0, 0, 0]"
5777,<SOS>christel<EOS>   ,girl,"['c', 'h', 'r', 'i', 's', 't', 'e', 'l']",8,0.0,"[1, 5, 10, 20, 11, 21, 22, 7, 14, 2, 0, 0, 0]"
6280,<SOS>laken<EOS>      ,girl,"['l', 'a', 'k', 'e', 'n']",5,0.0,"[1, 14, 3, 13, 7, 16, 2, 0, 0, 0, 0, 0, 0]"
2184,<SOS>esteban<EOS>    ,boy,"['e', 's', 't', 'e', 'b', 'a', 'n']",7,1.0,"[1, 7, 21, 22, 7, 4, 3, 16, 2, 0, 0, 0, 0]"
2621,<SOS>colby<EOS>      ,boy,"['c', 'o', 'l', 'b', 'y']",5,1.0,"[1, 5, 17, 14, 4, 27, 2, 0, 0, 0, 0, 0, 0]"
658,<SOS>isreal<EOS>     ,boy,"['i', 's', 'r', 'e', 'a', 'l']",6,1.0,"[1, 11, 21, 20, 7, 3, 14, 2, 0, 0, 0, 0, 0]"
5889,<SOS>cherish<EOS>    ,girl,"['c', 'h', 'e', 'r', 'i', 's', 'h']",7,0.0,"[1, 5, 10, 7, 20, 11, 21, 10, 2, 0, 0, 0, 0]"
5435,<SOS>sabrina<EOS>    ,girl,"['s', 'a', 'b', 'r', 'i', 'n', 'a']",7,0.0,"[1, 21, 3, 4, 20, 11, 16, 3, 2, 0, 0, 0, 0]"
4918,<SOS>alexandra<EOS>  ,girl,"['a', 'l', 'e', 'x', 'a', 'n', 'd', 'r', 'a']",9,0.0,"[1, 3, 14, 7, 26, 3, 16, 6, 20, 3, 2, 0, 0]"
3297,<SOS>treyton<EOS>    ,boy,"['t', 'r', 'e', 'y', 't', 'o', 'n']",7,1.0,"[1, 22, 20, 7, 27, 22, 17, 16, 2, 0, 0, 0, 0]"
4673,<SOS>evia<EOS>       ,girl,"['e', 'v', 'i', 'a']",4,0.0,"[1, 7, 24, 11, 3, 2, 0, 0, 0, 0, 0, 0, 0]"
6715,<SOS>malaya<EOS>     ,girl,"['m', 'a', 'l', 'a', 'y', 'a']",6,0.0,"[1, 15, 3, 14, 3, 27, 3, 2, 0, 0, 0, 0, 0]"
955,<SOS>erasmus<EOS>    ,boy,"['e', 'r', 'a', 's', 'm', 'u', 's']",7,1.0,"[1, 7, 20, 3, 21, 15, 23, 21, 2, 0, 0, 0, 0]"
2609,<SOS>kristian<EOS>   ,boy,"['k', 'r', 'i', 's', 't', 'i', 'a', 'n']",8,1.0,"[1, 13, 20, 11, 21, 22, 11, 3, 16, 2, 0, 0, 0]"
4087,<SOS>nolie<EOS>      ,girl,"['n', 'o', 'l', 'i', 'e']",5,0.0,"[1, 16, 17, 14, 11, 7, 2, 0, 0, 0, 0, 0, 0]"
3194,<SOS>izaiah<EOS>     ,boy,"['i', 'z', 'a', 'i', 'a', 'h']",6,1.0,"[1, 11, 28, 3, 11, 3, 10, 2, 0, 0, 0, 0, 0]"
2451,<SOS>dusty<EOS>      ,boy,"['d', 'u', 's', 't', 'y']",5,1.0,"[1, 6, 23, 21, 22, 27, 2, 0, 0, 0, 0, 0, 0]"
768,<SOS>elton<EOS>      ,boy,"['e', 'l', 't', 'o', 'n']",5,1.0,"[1, 7, 14, 22, 17, 16, 2, 0, 0, 0, 0, 0, 0]"
4370,<SOS>vella<EOS>      ,girl,"['v', 'e', 'l', 'l', 'a']",5,0.0,"[1, 24, 7, 14, 14, 3, 2, 0, 0, 0, 0, 0, 0]"
4426,<SOS>elenor<EOS>     ,girl,"['e', 'l', 'e', 'n', 'o', 'r']",6,0.0,"[1, 7, 14, 7, 16, 17, 20, 2, 0, 0, 0, 0, 0]"
3993,<SOS>leatha<EOS>     ,girl,"['l', 'e', 'a', 't', 'h', 'a']",6,0.0,"[1, 14, 7, 3, 22, 10, 3, 2, 0, 0, 0, 0, 0]"
1790,<SOS>ovid<EOS>       ,boy,"['o', 'v', 'i', 'd']",4,1.0,"[1, 17, 24, 11, 6, 2, 0, 0, 0, 0, 0, 0, 0]"
1426,<SOS>zollie<EOS>     ,boy,"['z', 'o', 'l', 'l', 'i', 'e']",6,1.0,"[1, 28, 17, 14, 14, 11, 7, 2, 0, 0, 0, 0, 0]"
2930,<SOS>dangelo<EOS>    ,boy,"['d', 'a', 'n', 'g', 'e', 'l', 'o']",7,1.0,"[1, 6, 3, 16, 9, 7, 14, 17, 2, 0, 0, 0, 0]"
1085,<SOS>murphy<EOS>     ,boy,"['m', 'u', 'r', 'p', 'h', 'y']",6,1.0,"[1, 15, 23, 20, 18, 10, 27, 2, 0, 0, 0, 0, 0]"
1484,<SOS>alejandro<EOS>  ,boy,"['a', 'l', 'e', 'j', 'a', 'n', 'd', 'r', 'o']",9,1.0,"[1, 3, 14, 7, 12, 3, 16, 6, 20, 17, 2, 0, 0]"
1947,<SOS>josef<EOS>      ,boy,"['j', 'o', 's', 'e', 'f']",5,1.0,"[1, 12, 17, 21, 7, 8, 2, 0, 0, 0, 0, 0, 0]"
5229,<SOS>sharyn<EOS>     ,girl,"['s', 'h', 'a', 'r', 'y', 'n']",6,0.0,"[1, 21, 10, 3, 20, 27, 16, 2, 0, 0, 0, 0, 0]"
2010,<SOS>darrel<EOS>     ,boy,"['d', 'a', 'r', 'r', 'e', 'l']",6,1.0,"[1, 6, 3, 20, 20, 7, 14, 2, 0, 0, 0, 0, 0]"
2563,<SOS>erin<EOS>       ,boy,"['e', 'r', 'i', 'n']",4,1.0,"[1, 7, 20, 11, 16, 2, 0, 0, 0, 0, 0, 0, 0]"
2046,<SOS>americo<EOS>    ,boy,"['a', 'm', 'e', 'r', 'i', 'c', 'o']",7,1.0,"[1, 3, 15, 7, 20, 11, 5, 17, 2, 0, 0, 0, 0]"
6728,<SOS>jordin<EOS>     ,girl,"['j', 'o', 'r', 'd', 'i', 'n']",6,0.0,"[1, 12, 17, 20, 6, 11, 16, 2, 0, 0, 0, 0, 0]"
907,<SOS>zeke<EOS>       ,boy,"['z', 'e', 'k', 'e']",4,1.0,"[1, 28, 7, 13, 7, 2, 0, 0, 0, 0, 0, 0, 0]"
1156,<SOS>montgomery<EOS> ,boy,"['m', 'o', 'n', 't', 'g', 'o', 'm', 'e', 'r', 'y']",10,1.0,"[1, 15, 17, 16, 22, 9, 17, 15, 7, 20, 27, 2, 0]"
1702,<SOS>robbie<EOS>     ,boy,"['r', 'o', 'b', 'b', 'i', 'e']",6,1.0,"[1, 20, 17, 4, 4, 11, 7, 2, 0, 0, 0, 0, 0]"
1242,<SOS>littleton<EOS>  ,boy,"['l', 'i', 't', 't', 'l', 'e', 't', 'o', 'n']",9,1.0,"[1, 14, 11, 22, 22, 14, 7, 22, 17, 16, 2, 0, 0]"
4940,<SOS>catalina<EOS>   ,girl,"['c', 'a', 't', 'a', 'l', 'i', 'n', 'a']",8,0.0,"[1, 5, 3, 22, 3, 14, 11, 16, 3, 2, 0, 0, 0]"
878,<SOS>milford<EOS>    ,boy,"['m', 'i', 'l', 'f', 'o', 'r', 'd']",7,1.0,"[1, 15, 11, 14, 8, 17, 20, 6, 2, 0, 0, 0, 0]"
1327,<SOS>toy<EOS>        ,boy,"['t', 'o', 'y']",3,1.0,"[1, 22, 17, 27, 2, 0, 0, 0, 0, 0, 0, 0, 0]"
2210,<SOS>adan<EOS>       ,boy,"['a', 'd', 'a', 'n']",4,1.0,"[1, 3, 6, 3, 16, 2, 0, 0, 0, 0, 0, 0, 0]"
4944,<SOS>laurene<EOS>    ,girl,"['l', 'a', 'u', 'r', 'e', 'n', 'e']",7,0.0,"[1, 14, 3, 23, 20, 7, 16, 7, 2, 0, 0, 0, 0]"
4909,<SOS>venita<EOS>     ,girl,"['v', 'e', 'n', 'i', 't', 'a']",6,0.0,"[1, 24, 7, 16, 11, 22, 3, 2, 0, 0, 0, 0, 0]"
413,<SOS>johnie<EOS>     ,boy,"['j', 'o', 'h', 'n', 'i', 'e']",6,1.0,"[1, 12, 17, 10, 16, 11, 7, 2, 0, 0, 0, 0, 0]"
6435,<SOS>alize<EOS>      ,girl,"['a', 'l', 'i', 'z', 'e']",5,0.0,"[1, 3, 14, 11, 28, 7, 2, 0, 0, 0, 0, 0, 0]"
1657,<SOS>genie<EOS>      ,boy,"['g', 'e', 'n', 'i', 'e']",5,1.0,"[1, 9, 7, 16, 11, 7, 2, 0, 0, 0, 0, 0, 0]"
5765,<SOS>maya<EOS>       ,girl,"['m', 'a', 'y', 'a']",4,0.0,"[1, 15, 3, 27, 3, 2, 0, 0, 0, 0, 0, 0, 0]"
5302,<SOS>cherrie<EOS>    ,girl,"['c', 'h', 'e', 'r', 'r', 'i', 'e']",7,0.0,"[1, 5, 10, 7, 20, 20, 11, 7, 2, 0, 0, 0, 0]"
5803,<SOS>brenna<EOS>     ,girl,"['b', 'r', 'e', 'n', 'n', 'a']",6,0.0,"[1, 4, 20, 7, 16, 16, 3, 2, 0, 0, 0, 0, 0]"
6432,<SOS>yamilex<EOS>    ,girl,"['y', 'a', 'm', 'i', 'l', 'e', 'x']",7,0.0,"[1, 27, 3, 15, 11, 14, 7, 26, 2, 0, 0, 0, 0]"
989,<SOS>jodie<EOS>      ,boy,"['j', 'o', 'd', 'i', 'e']",5,1.0,"[1, 12, 17, 6, 11, 7, 2, 0, 0, 0, 0, 0, 0]"
430,<SOS>davis<EOS>      ,boy,"['d', 'a', 'v', 'i', 's']",5,1.0,"[1, 6, 3, 24, 11, 21, 2, 0, 0, 0, 0, 0, 0]"
2880,<SOS>long<EOS>       ,boy,"['l', 'o', 'n', 'g']",4,1.0,"[1, 14, 17, 16, 9, 2, 0, 0, 0, 0, 0, 0, 0]"
1529,<SOS>joaquin<EOS>    ,boy,"['j', 'o', 'a', 'q', 'u', 'i', 'n']",7,1.0,"[1, 12, 17, 3, 19, 23, 11, 16, 2, 0, 0, 0, 0]"
2928,<SOS>martez<EOS>     ,boy,"['m', 'a', 'r', 't', 'e', 'z']",6,1.0,"[1, 15, 3, 20, 22, 7, 28, 2, 0, 0, 0, 0, 0]"
289,<SOS>van<EOS>        ,boy,"['v', 'a', 'n']",3,1.0,"[1, 24, 3, 16, 2, 0, 0, 0, 0, 0, 0, 0, 0]"
5083,<SOS>verdell<EOS>    ,girl,"['v', 'e', 'r', 'd', 'e', 'l', 'l']",7,0.0,"[1, 24, 7, 20, 6, 7, 14, 14, 2, 0, 0, 0, 0]"
1908,<SOS>griffith<EOS>   ,boy,"['g', 'r', 'i', 'f', 'f', 'i', 't', 'h']",8,1.0,"[1, 9, 20, 11, 8, 8, 11, 22, 10, 2, 0, 0, 0]"
3446,<SOS>mollie<EOS>     ,girl,"['m', 'o', 'l', 'l', 'i', 'e']",6,0.0,"[1, 15, 17, 14, 14, 11, 7, 2, 0, 0, 0, 0, 0]"
6,<SOS>joseph<EOS>     ,boy,"['j', 'o', 's', 'e', 'p', 'h']",6,1.0,"[1, 12, 17, 21, 7, 18, 10, 2, 0, 0, 0, 0, 0]"
4120,<SOS>alicia<EOS>     ,girl,"['a', 'l', 'i', 'c', 'i', 'a']",6,0.0,"[1, 3, 14, 11, 5, 11, 3, 2, 0, 0, 0, 0, 0]"
4672,<SOS>yvonne<EOS>     ,girl,"['y', 'v', 'o', 'n', 'n', 'e']",6,0.0,"[1, 27, 24, 17, 16, 16, 7, 2, 0, 0, 0, 0, 0]"
689,<SOS>carleton<EOS>   ,boy,"['c', 'a', 'r', 'l', 'e', 't', 'o', 'n']",8,1.0,"[1, 5, 3, 20, 14, 7, 22, 17, 16, 2, 0, 0, 0]"
5412,<SOS>jacqulyn<EOS>   ,girl,"['j', 'a', 'c', 'q', 'u', 'l', 'y', 'n']",8,0.0,"[1, 12, 3, 5, 19, 23, 14, 27, 16, 2, 0, 0, 0]"
5273,<SOS>kathi<EOS>      ,girl,"['k', 'a', 't', 'h', 'i']",5,0.0,"[1, 13, 3, 22, 10, 11, 2, 0, 0, 0, 0, 0, 0]"
3628,<SOS>letitia<EOS>    ,girl,"['l', 'e', 't', 'i', 't', 'i', 'a']",7,0.0,"[1, 14, 7, 22, 11, 22, 11, 3, 2, 0, 0, 0, 0]"
6176,<SOS>cayla<EOS>      ,girl,"['c', 'a', 'y', 'l', 'a']",5,0.0,"[1, 5, 3, 27, 14, 3, 2, 0, 0, 0, 0, 0, 0]"
3676,<SOS>cecile<EOS>     ,girl,"['c', 'e', 'c', 'i', 'l', 'e']",6,0.0,"[1, 5, 7, 5, 11, 14, 7, 2, 0, 0, 0, 0, 0]"
5218,<SOS>sharen<EOS>     ,girl,"['s', 'h', 'a', 'r', 'e', 'n']",6,0.0,"[1, 21, 10, 3, 20, 7, 16, 2, 0, 0, 0, 0, 0]"
2663,<SOS>antione<EOS>    ,boy,"['a', 'n', 't', 'i', 'o', 'n', 'e']",7,1.0,"[1, 3, 16, 22, 11, 17, 16, 7, 2, 0, 0, 0, 0]"
1432,<SOS>bowman<EOS>     ,boy,"['b', 'o', 'w', 'm', 'a', 'n']",6,1.0,"[1, 4, 17, 25, 15, 3, 16, 2, 0, 0, 0, 0, 0]"
1263,<SOS>bayard<EOS>     ,boy,"['b', 'a', 'y', 'a', 'r', 'd']",6,1.0,"[1, 4, 3, 27, 3, 20, 6, 2, 0, 0, 0, 0, 0]"
4805,<SOS>santa<EOS>      ,girl,"['s', 'a', 'n', 't', 'a']",5,0.0,"[1, 21, 3, 16, 22, 3, 2, 0, 0, 0, 0, 0, 0]"
1941,<SOS>kermit<EOS>     ,boy,"['k', 'e', 'r', 'm', 'i', 't']",6,1.0,"[1, 13, 7, 20, 15, 11, 22, 2, 0, 0, 0, 0, 0]"
2407,<SOS>efrain<EOS>     ,boy,"['e', 'f', 'r', 'a', 'i', 'n']",6,1.0,"[1, 7, 8, 20, 3, 11, 16, 2, 0, 0, 0, 0, 0]"
3260,<SOS>jamir<EOS>      ,boy,"['j', 'a', 'm', 'i', 'r']",5,1.0,"[1, 12, 3, 15, 11, 20, 2, 0, 0, 0, 0, 0, 0]"
228,<SOS>jerome<EOS>     ,boy,"['j', 'e', 'r', 'o', 'm', 'e']",6,1.0,"[1, 12, 7, 20, 17, 15, 7, 2, 0, 0, 0, 0, 0]"
1337,<SOS>barry<EOS>      ,boy,"['b', 'a', 'r', 'r', 'y']",5,1.0,"[1, 4, 3, 20, 20, 27, 2, 0, 0, 0, 0, 0, 0]"
4823,<SOS>renee<EOS>      ,girl,"['r', 'e', 'n', 'e', 'e']",5,0.0,"[1, 20, 7, 16, 7, 7, 2, 0, 0, 0, 0, 0, 0]"
6213,<SOS>kimber<EOS>     ,girl,"['k', 'i', 'm', 'b', 'e', 'r']",6,0.0,"[1, 13, 11, 15, 4, 7, 20, 2, 0, 0, 0, 0, 0]"
4521,<SOS>lala<EOS>       ,girl,"['l', 'a', 'l', 'a']",4,0.0,"[1, 14, 3, 14, 3, 2, 0, 0, 0, 0, 0, 0, 0]"
3764,<SOS>effa<EOS>       ,girl,"['e', 'f', 'f', 'a']",4,0.0,"[1, 7, 8, 8, 3, 2, 0, 0, 0, 0, 0, 0, 0]"
3588,<SOS>geneva<EOS>     ,girl,"['g', 'e', 'n', 'e', 'v', 'a']",6,0.0,"[1, 9, 7, 16, 7, 24, 3, 2, 0, 0, 0, 0, 0]"
1731,<SOS>vick<EOS>       ,boy,"['v', 'i', 'c', 'k']",4,1.0,"[1, 24, 11, 5, 13, 2, 0, 0, 0, 0, 0, 0, 0]"
3508,<SOS>lucinda<EOS>    ,girl,"['l', 'u', 'c', 'i', 'n', 'd', 'a']",7,0.0,"[1, 14, 23, 5, 11, 16, 6, 3, 2, 0, 0, 0, 0]"
585,<SOS>gerald<EOS>     ,boy,"['g', 'e', 'r', 'a', 'l', 'd']",6,1.0,"[1, 9, 7, 20, 3, 14, 6, 2, 0, 0, 0, 0, 0]"
5006,<SOS>natalia<EOS>    ,girl,"['n', 'a', 't', 'a', 'l', 'i', 'a']",7,0.0,"[1, 16, 3, 22, 3, 14, 11, 3, 2, 0, 0, 0, 0]"
4147,<SOS>delina<EOS>     ,girl,"['d', 'e', 'l', 'i', 'n', 'a']",6,0.0,"[1, 6, 7, 14, 11, 16, 3, 2, 0, 0, 0, 0, 0]"
5026,<SOS>erlinda<EOS>    ,girl,"['e', 'r', 'l', 'i', 'n', 'd', 'a']",7,0.0,"[1, 7, 20, 14, 11, 16, 6, 3, 2, 0, 0, 0, 0]"
3110,<SOS>tyrin<EOS>      ,boy,"['t', 'y', 'r', 'i', 'n']",5,1.0,"[1, 22, 27, 20, 11, 16, 2, 0, 0, 0, 0, 0, 0]"
5309,<SOS>nicki<EOS>      ,girl,"['n', 'i', 'c', 'k', 'i']",5,0.0,"[1, 16, 11, 5, 13, 11, 2, 0, 0, 0, 0, 0, 0]"
4421,<SOS>maida<EOS>      ,girl,"['m', 'a', 'i', 'd', 'a']",5,0.0,"[1, 15, 3, 11, 6, 3, 2, 0, 0, 0, 0, 0, 0]"
2301,<SOS>rondal<EOS>     ,boy,"['r', 'o', 'n', 'd', 'a', 'l']",6,1.0,"[1, 20, 17, 16, 6, 3, 14, 2, 0, 0, 0, 0, 0]"
3285,<SOS>arjun<EOS>      ,boy,"['a', 'r', 'j', 'u', 'n']",5,1.0,"[1, 3, 20, 12, 23, 16, 2, 0, 0, 0, 0, 0, 0]"
6058,<SOS>shanell<EOS>    ,girl,"['s', 'h', 'a', 'n', 'e', 'l', 'l']",7,0.0,"[1, 21, 10, 3, 16, 7, 14, 14, 2, 0, 0, 0, 0]"
838,<SOS>damon<EOS>      ,boy,"['d', 'a', 'm', 'o', 'n']",5,1.0,"[1, 6, 3, 15, 17, 16, 2, 0, 0, 0, 0, 0, 0]"
2951,<SOS>rashaad<EOS>    ,boy,"['r', 'a', 's', 'h', 'a', 'a', 'd']",7,1.0,"[1, 20, 3, 21, 10, 3, 3, 6, 2, 0, 0, 0, 0]"
3376,<SOS>krish<EOS>      ,boy,"['k', 'r', 'i', 's', 'h']",5,1.0,"[1, 13, 20, 11, 21, 10, 2, 0, 0, 0, 0, 0, 0]"
4989,<SOS>penny<EOS>      ,girl,"['p', 'e', 'n', 'n', 'y']",5,0.0,"[1, 18, 7, 16, 16, 27, 2, 0, 0, 0, 0, 0, 0]"
2918,<SOS>ulises<EOS>     ,boy,"['u', 'l', 'i', 's', 'e', 's']",6,1.0,"[1, 23, 14, 11, 21, 7, 21, 2, 0, 0, 0, 0, 0]"
6396,<SOS>tatum<EOS>      ,girl,"['t', 'a', 't', 'u', 'm']",5,0.0,"[1, 22, 3, 22, 23, 15, 2, 0, 0, 0, 0, 0, 0]"
4275,<SOS>ama<EOS>        ,girl,"['a', 'm', 'a']",3,0.0,"[1, 3, 15, 3, 2, 0, 0, 0, 0, 0, 0, 0, 0]"
893,<SOS>sammie<EOS>     ,boy,"['s', 'a', 'm', 'm', 'i', 'e']",6,1.0,"[1, 21, 3, 15, 15, 11, 7, 2, 0, 0, 0, 0, 0]"
4225,<SOS>zaida<EOS>      ,girl,"['z', 'a', 'i', 'd', 'a']",5,0.0,"[1, 28, 3, 11, 6, 3, 2, 0, 0, 0, 0, 0, 0]"
5914,<SOS>pepper<EOS>     ,girl,"['p', 'e', 'p', 'p', 'e', 'r']",6,0.0,"[1, 18, 7, 18, 18, 7, 20, 2, 0, 0, 0, 0, 0]"
593,<SOS>pablo<EOS>      ,boy,"['p', 'a', 'b', 'l', 'o']",5,1.0,"[1, 18, 3, 4, 14, 17, 2, 0, 0, 0, 0, 0, 0]"
1591,<SOS>dorr<EOS>       ,boy,"['d', 'o', 'r', 'r']",4,1.0,"[1, 6, 17, 20, 20, 2, 0, 0, 0, 0, 0, 0, 0]"
150,<SOS>claud<EOS>      ,boy,"['c', 'l', 'a', 'u', 'd']",5,1.0,"[1, 5, 14, 3, 23, 6, 2, 0, 0, 0, 0, 0, 0]"
3310,<SOS>jaquez<EOS>     ,boy,"['j', 'a', 'q', 'u', 'e', 'z']",6,1.0,"[1, 12, 3, 19, 23, 7, 28, 2, 0, 0, 0, 0, 0]"
2974,<SOS>alexandre<EOS>  ,boy,"['a', 'l', 'e', 'x', 'a', 'n', 'd', 'r', 'e']",9,1.0,"[1, 3, 14, 7, 26, 3, 16, 6, 20, 7, 2, 0, 0]"
5000,<SOS>vernelle<EOS>   ,girl,"['v', 'e', 'r', 'n', 'e', 'l', 'l', 'e']",8,0.0,"[1, 24, 7, 20, 16, 7, 14, 14, 7, 2, 0, 0, 0]"
3702,<SOS>lucia<EOS>      ,girl,"['l', 'u', 'c', 'i', 'a']",5,0.0,"[1, 14, 23, 5, 11, 3, 2, 0, 0, 0, 0, 0, 0]"
5936,<SOS>trish<EOS>      ,girl,"['t', 'r', 'i', 's', 'h']",5,0.0,"[1, 22, 20, 11, 21, 10, 2, 0, 0, 0, 0, 0, 0]"
1646,<SOS>franz<EOS>      ,boy,"['f', 'r', 'a', 'n', 'z']",5,1.0,"[1, 8, 20, 3, 16, 28, 2, 0, 0, 0, 0, 0, 0]"
4667,<SOS>lulla<EOS>      ,girl,"['l', 'u', 'l', 'l', 'a']",5,0.0,"[1, 14, 23, 14, 14, 3, 2, 0, 0, 0, 0, 0, 0]"
724,<SOS>oral<EOS>       ,boy,"['o', 'r', 'a', 'l']",4,1.0,"[1, 17, 20, 3, 14, 2, 0, 0, 0, 0, 0, 0, 0]"
100,<SOS>perry<EOS>      ,boy,"['p', 'e', 'r', 'r', 'y']",5,1.0,"[1, 18, 7, 20, 20, 27, 2, 0, 0, 0, 0, 0, 0]"
2822,<SOS>nikolas<EOS>    ,boy,"['n', 'i', 'k', 'o', 'l', 'a', 's']",7,1.0,"[1, 16, 11, 13, 17, 14, 3, 21, 2, 0, 0, 0, 0]"
6505,<SOS>zoie<EOS>       ,girl,"['z', 'o', 'i', 'e']",4,0.0,"[1, 28, 17, 11, 7, 2, 0, 0, 0, 0, 0, 0, 0]"
1028,<SOS>knox<EOS>       ,boy,"['k', 'n', 'o', 'x']",4,1.0,"[1, 13, 16, 17, 26, 2, 0, 0, 0, 0, 0, 0, 0]"
6105,<SOS>grisel<EOS>     ,girl,"['g', 'r', 'i', 's', 'e', 'l']",6,0.0,"[1, 9, 20, 11, 21, 7, 14, 2, 0, 0, 0, 0, 0]"
2548,<SOS>deon<EOS>       ,boy,"['d', 'e', 'o', 'n']",4,1.0,"[1, 6, 7, 17, 16, 2, 0, 0, 0, 0, 0, 0, 0]"
5538,<SOS>alesia<EOS>     ,girl,"['a', 'l', 'e', 's', 'i', 'a']",6,0.0,"[1, 3, 14, 7, 21, 11, 3, 2, 0, 0, 0, 0, 0]"
66,<SOS>patrick<EOS>    ,boy,"['p', 'a', 't', 'r', 'i', 'c', 'k']",7,1.0,"[1, 18, 3, 22, 20, 11, 5, 13, 2, 0, 0, 0, 0]"
2292,<SOS>delvin<EOS>     ,boy,"['d', 'e', 'l', 'v', 'i', 'n']",6,1.0,"[1, 6, 7, 14, 24, 11, 16, 2, 0, 0, 0, 0, 0]"
1022,<SOS>elbridge<EOS>   ,boy,"['e', 'l', 'b', 'r', 'i', 'd', 'g', 'e']",8,1.0,"[1, 7, 14, 4, 20, 11, 6, 9, 7, 2, 0, 0, 0]"
3654,<SOS>libbie<EOS>     ,girl,"['l', 'i', 'b', 'b', 'i', 'e']",6,0.0,"[1, 14, 11, 4, 4, 11, 7, 2, 0, 0, 0, 0, 0]"
2125,<SOS>arvo<EOS>       ,boy,"['a', 'r', 'v', 'o']",4,1.0,"[1, 3, 20, 24, 17, 2, 0, 0, 0, 0, 0, 0, 0]"
6108,<SOS>teela<EOS>      ,girl,"['t', 'e', 'e', 'l', 'a']",5,0.0,"[1, 22, 7, 7, 14, 3, 2, 0, 0, 0, 0, 0, 0]"
325,<SOS>archibald<EOS>  ,boy,"['a', 'r', 'c', 'h', 'i', 'b', 'a', 'l', 'd']",9,1.0,"[1, 3, 20, 5, 10, 11, 4, 3, 14, 6, 2, 0, 0]"
5946,<SOS>shandra<EOS>    ,girl,"['s', 'h', 'a', 'n', 'd', 'r', 'a']",7,0.0,"[1, 21, 10, 3, 16, 6, 20, 3, 2, 0, 0, 0, 0]"
5082,<SOS>trudy<EOS>      ,girl,"['t', 'r', 'u', 'd', 'y']",5,0.0,"[1, 22, 20, 23, 6, 27, 2, 0, 0, 0, 0, 0, 0]"
3852,<SOS>alvena<EOS>     ,girl,"['a', 'l', 'v', 'e', 'n', 'a']",6,0.0,"[1, 3, 14, 24, 7, 16, 3, 2, 0, 0, 0, 0, 0]"
1065,<SOS>ashton<EOS>     ,boy,"['a', 's', 'h', 't', 'o', 'n']",6,1.0,"[1, 3, 21, 10, 22, 17, 16, 2, 0, 0, 0, 0, 0]"
4159,<SOS>eulalie<EOS>    ,girl,"['e', 'u', 'l', 'a', 'l', 'i', 'e']",7,0.0,"[1, 7, 23, 14, 3, 14, 11, 7, 2, 0, 0, 0, 0]"
2761,<SOS>benji<EOS>      ,boy,"['b', 'e', 'n', 'j', 'i']",5,1.0,"[1, 4, 7, 16, 12, 11, 2, 0, 0, 0, 0, 0, 0]"
3227,<SOS>camren<EOS>     ,boy,"['c', 'a', 'm', 'r', 'e', 'n']",6,1.0,"[1, 5, 3, 15, 20, 7, 16, 2, 0, 0, 0, 0, 0]"
5215,<SOS>laraine<EOS>    ,girl,"['l', 'a', 'r', 'a', 'i', 'n', 'e']",7,0.0,"[1, 14, 3, 20, 3, 11, 16, 7, 2, 0, 0, 0, 0]"
5806,<SOS>consuela<EOS>   ,girl,"['c', 'o', 'n', 's', 'u', 'e', 'l', 'a']",8,0.0,"[1, 5, 17, 16, 21, 23, 7, 14, 3, 2, 0, 0, 0]"
3832,<SOS>kitty<EOS>      ,girl,"['k', 'i', 't', 't', 'y']",5,0.0,"[1, 13, 11, 22, 22, 27, 2, 0, 0, 0, 0, 0, 0]"
4124,<SOS>aria<EOS>       ,girl,"['a', 'r', 'i', 'a']",4,0.0,"[1, 3, 20, 11, 3, 2, 0, 0, 0, 0, 0, 0, 0]"
5408,<SOS>paige<EOS>      ,girl,"['p', 'a', 'i', 'g', 'e']",5,0.0,"[1, 18, 3, 11, 9, 7, 2, 0, 0, 0, 0, 0, 0]"
237,<SOS>gustave<EOS>    ,boy,"['g', 'u', 's', 't', 'a', 'v', 'e']",7,1.0,"[1, 9, 23, 21, 22, 3, 24, 7, 2, 0, 0, 0, 0]"
1725,<SOS>leamon<EOS>     ,boy,"['l', 'e', 'a', 'm', 'o', 'n']",6,1.0,"[1, 14, 7, 3, 15, 17, 16, 2, 0, 0, 0, 0, 0]"
285,<SOS>gustav<EOS>     ,boy,"['g', 'u', 's', 't', 'a', 'v']",6,1.0,"[1, 9, 23, 21, 22, 3, 24, 2, 0, 0, 0, 0, 0]"
510,<SOS>isham<EOS>      ,boy,"['i', 's', 'h', 'a', 'm']",5,1.0,"[1, 11, 21, 10, 3, 15, 2, 0, 0, 0, 0, 0, 0]"
2097,<SOS>glendon<EOS>    ,boy,"['g', 'l', 'e', 'n', 'd', 'o', 'n']",7,1.0,"[1, 9, 14, 7, 16, 6, 17, 16, 2, 0, 0, 0, 0]"
3518,<SOS>adeline<EOS>    ,girl,"['a', 'd', 'e', 'l', 'i', 'n', 'e']",7,0.0,"[1, 3, 6, 7, 14, 11, 16, 7, 2, 0, 0, 0, 0]"
5196,<SOS>judi<EOS>       ,girl,"['j', 'u', 'd', 'i']",4,0.0,"[1, 12, 23, 6, 11, 2, 0, 0, 0, 0, 0, 0, 0]"
5459,<SOS>felecia<EOS>    ,girl,"['f', 'e', 'l', 'e', 'c', 'i', 'a']",7,0.0,"[1, 8, 7, 14, 7, 5, 11, 3, 2, 0, 0, 0, 0]"
3437,<SOS>stella<EOS>     ,girl,"['s', 't', 'e', 'l', 'l', 'a']",6,0.0,"[1, 21, 22, 7, 14, 14, 3, 2, 0, 0, 0, 0, 0]"
266,<SOS>emory<EOS>      ,boy,"['e', 'm', 'o', 'r', 'y']",5,1.0,"[1, 7, 15, 17, 20, 27, 2, 0, 0, 0, 0, 0, 0]"
2768,<SOS>deangelo<EOS>   ,boy,"['d', 'e', 'a', 'n', 'g', 'e', 'l', 'o']",8,1.0,"[1, 6, 7, 3, 16, 9, 7, 14, 17, 2, 0, 0, 0]"
6165,<SOS>ashlyn<EOS>     ,girl,"['a', 's', 'h', 'l', 'y', 'n']",6,0.0,"[1, 3, 21, 10, 14, 27, 16, 2, 0, 0, 0, 0, 0]"
4258,<SOS>ressie<EOS>     ,girl,"['r', 'e', 's', 's', 'i', 'e']",6,0.0,"[1, 20, 7, 21, 21, 11, 7, 2, 0, 0, 0, 0, 0]"
6773,<SOS>averi<EOS>      ,girl,"['a', 'v', 'e', 'r', 'i']",5,0.0,"[1, 3, 24, 7, 20, 11, 2, 0, 0, 0, 0, 0, 0]"
204,<SOS>nathaniel<EOS>  ,boy,"['n', 'a', 't', 'h', 'a', 'n', 'i', 'e', 'l']",9,1.0,"[1, 16, 3, 22, 10, 3, 16, 11, 7, 14, 2, 0, 0]"
6590,<SOS>ximena<EOS>     ,girl,"['x', 'i', 'm', 'e', 'n', 'a']",6,0.0,"[1, 26, 11, 15, 7, 16, 3, 2, 0, 0, 0, 0, 0]"
3036,<SOS>babyboy<EOS>    ,boy,"['b', 'a', 'b', 'y', 'b', 'o', 'y']",7,1.0,"[1, 4, 3, 4, 27, 4, 17, 27, 2, 0, 0, 0, 0]"
1497,<SOS>duane<EOS>      ,boy,"['d', 'u', 'a', 'n', 'e']",5,1.0,"[1, 6, 23, 3, 16, 7, 2, 0, 0, 0, 0, 0, 0]"
4430,<SOS>almina<EOS>     ,girl,"['a', 'l', 'm', 'i', 'n', 'a']",6,0.0,"[1, 3, 14, 15, 11, 16, 3, 2, 0, 0, 0, 0, 0]"
4184,<SOS>victorine<EOS>  ,girl,"['v', 'i', 'c', 't', 'o', 'r', 'i', 'n', 'e']",9,0.0,"[1, 24, 11, 5, 22, 17, 20, 11, 16, 7, 2, 0, 0]"
4459,<SOS>deetta<EOS>     ,girl,"['d', 'e', 'e', 't', 't', 'a']",6,0.0,"[1, 6, 7, 7, 22, 22, 3, 2, 0, 0, 0, 0, 0]"
2719,<SOS>lashawn<EOS>    ,boy,"['l', 'a', 's', 'h', 'a', 'w', 'n']",7,1.0,"[1, 14, 3, 21, 10, 3, 25, 16, 2, 0, 0, 0, 0]"
1341,<SOS>captain<EOS>    ,boy,"['c', 'a', 'p', 't', 'a', 'i', 'n']",7,1.0,"[1, 5, 3, 18, 22, 3, 11, 16, 2, 0, 0, 0, 0]"
1577,<SOS>ottie<EOS>      ,boy,"['o', 't', 't', 'i', 'e']",5,1.0,"[1, 17, 22, 22, 11, 7, 2, 0, 0, 0, 0, 0, 0]"
5348,<SOS>caryn<EOS>      ,girl,"['c', 'a', 'r', 'y', 'n']",5,0.0,"[1, 5, 3, 20, 27, 16, 2, 0, 0, 0, 0, 0, 0]"
5485,<SOS>kellie<EOS>     ,girl,"['k', 'e', 'l', 'l', 'i', 'e']",6,0.0,"[1, 13, 7, 14, 14, 11, 7, 2, 0, 0, 0, 0, 0]"
875,<SOS>levy<EOS>       ,boy,"['l', 'e', 'v', 'y']",4,1.0,"[1, 14, 7, 24, 27, 2, 0, 0, 0, 0, 0, 0, 0]"
3274,<SOS>alijah<EOS>     ,boy,"['a', 'l', 'i', 'j', 'a', 'h']",6,1.0,"[1, 3, 14, 11, 12, 3, 10, 2, 0, 0, 0, 0, 0]"
703,<SOS>flem<EOS>       ,boy,"['f', 'l', 'e', 'm']",4,1.0,"[1, 8, 14, 7, 15, 2, 0, 0, 0, 0, 0, 0, 0]"
5433,<SOS>zandra<EOS>     ,girl,"['z', 'a', 'n', 'd', 'r', 'a']",6,0.0,"[1, 28, 3, 16, 6, 20, 3, 2, 0, 0, 0, 0, 0]"
2561,<SOS>vinson<EOS>     ,boy,"['v', 'i', 'n', 's', 'o', 'n']",6,1.0,"[1, 24, 11, 16, 21, 17, 16, 2, 0, 0, 0, 0, 0]"
3716,<SOS>melinda<EOS>    ,girl,"['m', 'e', 'l', 'i', 'n', 'd', 'a']",7,0.0,"[1, 15, 7, 14, 11, 16, 6, 3, 2, 0, 0, 0, 0]"
5728,<SOS>nicola<EOS>     ,girl,"['n', 'i', 'c', 'o', 'l', 'a']",6,0.0,"[1, 16, 11, 5, 17, 14, 3, 2, 0, 0, 0, 0, 0]"
4336,<SOS>rosy<EOS>       ,girl,"['r', 'o', 's', 'y']",4,0.0,"[1, 20, 17, 21, 27, 2, 0, 0, 0, 0, 0, 0, 0]"
3331,<SOS>zaid<EOS>       ,boy,"['z', 'a', 'i', 'd']",4,1.0,"[1, 28, 3, 11, 6, 2, 0, 0, 0, 0, 0, 0, 0]"
5380,<SOS>leticia<EOS>    ,girl,"['l', 'e', 't', 'i', 'c', 'i', 'a']",7,0.0,"[1, 14, 7, 22, 11, 5, 11, 3, 2, 0, 0, 0, 0]"
78,<SOS>horace<EOS>     ,boy,"['h', 'o', 'r', 'a', 'c', 'e']",6,1.0,"[1, 10, 17, 20, 3, 5, 7, 2, 0, 0, 0, 0, 0]"
519,<SOS>rodney<EOS>     ,boy,"['r', 'o', 'd', 'n', 'e', 'y']",6,1.0,"[1, 20, 17, 6, 16, 7, 27, 2, 0, 0, 0, 0, 0]"
5957,<SOS>shalon<EOS>     ,girl,"['s', 'h', 'a', 'l', 'o', 'n']",6,0.0,"[1, 21, 10, 3, 14, 17, 16, 2, 0, 0, 0, 0, 0]"
2614,<SOS>beau<EOS>       ,boy,"['b', 'e', 'a', 'u']",4,1.0,"[1, 4, 7, 3, 23, 2, 0, 0, 0, 0, 0, 0, 0]"
1266,<SOS>booker<EOS>     ,boy,"['b', 'o', 'o', 'k', 'e', 'r']",6,1.0,"[1, 4, 17, 17, 13, 7, 20, 2, 0, 0, 0, 0, 0]"
5174,<SOS>diann<EOS>      ,girl,"['d', 'i', 'a', 'n', 'n']",5,0.0,"[1, 6, 11, 3, 16, 16, 2, 0, 0, 0, 0, 0, 0]"
5328,<SOS>kendra<EOS>     ,girl,"['k', 'e', 'n', 'd', 'r', 'a']",6,0.0,"[1, 13, 7, 16, 6, 20, 3, 2, 0, 0, 0, 0, 0]"
6349,<SOS>yazmin<EOS>     ,girl,"['y', 'a', 'z', 'm', 'i', 'n']",6,0.0,"[1, 27, 3, 28, 15, 11, 16, 2, 0, 0, 0, 0, 0]"
2774,<SOS>raheem<EOS>     ,boy,"['r', 'a', 'h', 'e', 'e', 'm']",6,1.0,"[1, 20, 3, 10, 7, 7, 15, 2, 0, 0, 0, 0, 0]"
3974,<SOS>eola<EOS>       ,girl,"['e', 'o', 'l', 'a']",4,0.0,"[1, 7, 17, 14, 3, 2, 0, 0, 0, 0, 0, 0, 0]"
2070,<SOS>guido<EOS>      ,boy,"['g', 'u', 'i', 'd', 'o']",5,1.0,"[1, 9, 23, 11, 6, 17, 2, 0, 0, 0, 0, 0, 0]"
123,<SOS>lloyd<EOS>      ,boy,"['l', 'l', 'o', 'y', 'd']",5,1.0,"[1, 14, 14, 17, 27, 6, 2, 0, 0, 0, 0, 0, 0]"
4125,<SOS>arminda<EOS>    ,girl,"['a', 'r', 'm', 'i', 'n', 'd', 'a']",7,0.0,"[1, 3, 20, 15, 11, 16, 6, 3, 2, 0, 0, 0, 0]"
394,<SOS>francisco<EOS>  ,boy,"['f', 'r', 'a', 'n', 'c', 'i', 's', 'c', 'o']",9,1.0,"[1, 8, 20, 3, 16, 5, 11, 21, 5, 17, 2, 0, 0]"
1155,<SOS>monte<EOS>      ,boy,"['m', 'o', 'n', 't', 'e']",5,1.0,"[1, 15, 17, 16, 22, 7, 2, 0, 0, 0, 0, 0, 0]"
3394,<SOS>izayah<EOS>     ,boy,"['i', 'z', 'a', 'y', 'a', 'h']",6,1.0,"[1, 11, 28, 3, 27, 3, 10, 2, 0, 0, 0, 0, 0]"
2346,<SOS>derek<EOS>      ,boy,"['d', 'e', 'r', 'e', 'k']",5,1.0,"[1, 6, 7, 20, 7, 13, 2, 0, 0, 0, 0, 0, 0]"
3432,<SOS>deegan<EOS>     ,boy,"['d', 'e', 'e', 'g', 'a', 'n']",6,1.0,"[1, 6, 7, 7, 9, 3, 16, 2, 0, 0, 0, 0, 0]"
4770,<SOS>ethyle<EOS>     ,girl,"['e', 't', 'h', 'y', 'l', 'e']",6,0.0,"[1, 7, 22, 10, 27, 14, 7, 2, 0, 0, 0, 0, 0]"
6263,<SOS>kanisha<EOS>    ,girl,"['k', 'a', 'n', 'i', 's', 'h', 'a']",7,0.0,"[1, 13, 3, 16, 11, 21, 10, 3, 2, 0, 0, 0, 0]"
4757,<SOS>portia<EOS>     ,girl,"['p', 'o', 'r', 't', 'i', 'a']",6,0.0,"[1, 18, 17, 20, 22, 11, 3, 2, 0, 0, 0, 0, 0]"
4825,<SOS>beadie<EOS>     ,girl,"['b', 'e', 'a', 'd', 'i', 'e']",6,0.0,"[1, 4, 7, 3, 6, 11, 7, 2, 0, 0, 0, 0, 0]"
5615,<SOS>djuana<EOS>     ,girl,"['d', 'j', 'u', 'a', 'n', 'a']",6,0.0,"[1, 6, 12, 23, 3, 16, 3, 2, 0, 0, 0, 0, 0]"
1656,<SOS>galen<EOS>      ,boy,"['g', 'a', 'l', 'e', 'n']",5,1.0,"[1, 9, 3, 14, 7, 16, 2, 0, 0, 0, 0, 0, 0]"
1745,<SOS>guillermo<EOS>  ,boy,"['g', 'u', 'i', 'l', 'l', 'e', 'r', 'm', 'o']",9,1.0,"[1, 9, 23, 11, 14, 14, 7, 20, 15, 17, 2, 0, 0]"
3623,<SOS>nola<EOS>       ,girl,"['n', 'o', 'l', 'a']",4,0.0,"[1, 16, 17, 14, 3, 2, 0, 0, 0, 0, 0, 0, 0]"
3382,<SOS>zayden<EOS>     ,boy,"['z', 'a', 'y', 'd', 'e', 'n']",6,1.0,"[1, 28, 3, 27, 6, 7, 16, 2, 0, 0, 0, 0, 0]"
889,<SOS>rube<EOS>       ,boy,"['r', 'u', 'b', 'e']",4,1.0,"[1, 20, 23, 4, 7, 2, 0, 0, 0, 0, 0, 0, 0]"
5695,<SOS>tisha<EOS>      ,girl,"['t', 'i', 's', 'h', 'a']",5,0.0,"[1, 22, 11, 21, 10, 3, 2, 0, 0, 0, 0, 0, 0]"
4343,<SOS>bernadine<EOS>  ,girl,"['b', 'e', 'r', 'n', 'a', 'd', 'i', 'n', 'e']",9,0.0,"[1, 4, 7, 20, 16, 3, 6, 11, 16, 7, 2, 0, 0]"
5025,<SOS>ailene<EOS>     ,girl,"['a', 'i', 'l', 'e', 'n', 'e']",6,0.0,"[1, 3, 11, 14, 7, 16, 7, 2, 0, 0, 0, 0, 0]"
2429,<SOS>darren<EOS>     ,boy,"['d', 'a', 'r', 'r', 'e', 'n']",6,1.0,"[1, 6, 3, 20, 20, 7, 16, 2, 0, 0, 0, 0, 0]"
3872,<SOS>kattie<EOS>     ,girl,"['k', 'a', 't', 't', 'i', 'e']",6,0.0,"[1, 13, 3, 22, 22, 11, 7, 2, 0, 0, 0, 0, 0]"
3480,<SOS>birdie<EOS>     ,girl,"['b', 'i', 'r', 'd', 'i', 'e']",6,0.0,"[1, 4, 11, 20, 6, 11, 7, 2, 0, 0, 0, 0, 0]"
5900,<SOS>harmony<EOS>    ,girl,"['h', 'a', 'r', 'm', 'o', 'n', 'y']",7,0.0,"[1, 10, 3, 20, 15, 17, 16, 27, 2, 0, 0, 0, 0]"
3047,<SOS>tre<EOS>        ,boy,"['t', 'r', 'e']",3,1.0,"[1, 22, 20, 7, 2, 0, 0, 0, 0, 0, 0, 0, 0]"
4364,<SOS>phillis<EOS>    ,girl,"['p', 'h', 'i', 'l', 'l', 'i', 's']",7,0.0,"[1, 18, 10, 11, 14, 14, 11, 21, 2, 0, 0, 0, 0]"
1131,<SOS>harvie<EOS>     ,boy,"['h', 'a', 'r', 'v', 'i', 'e']",6,1.0,"[1, 10, 3, 20, 24, 11, 7, 2, 0, 0, 0, 0, 0]"
4852,<SOS>floretta<EOS>   ,girl,"['f', 'l', 'o', 'r', 'e', 't', 't', 'a']",8,0.0,"[1, 8, 14, 17, 20, 7, 22, 22, 3, 2, 0, 0, 0]"
6677,<SOS>karma<EOS>      ,girl,"['k', 'a', 'r', 'm', 'a']",5,0.0,"[1, 13, 3, 20, 15, 3, 2, 0, 0, 0, 0, 0, 0]"
5472,<SOS>trena<EOS>      ,girl,"['t', 'r', 'e', 'n', 'a']",5,0.0,"[1, 22, 20, 7, 16, 3, 2, 0, 0, 0, 0, 0, 0]"
2037,<SOS>luciano<EOS>    ,boy,"['l', 'u', 'c', 'i', 'a', 'n', 'o']",7,1.0,"[1, 14, 23, 5, 11, 3, 16, 17, 2, 0, 0, 0, 0]"
112,<SOS>emil<EOS>       ,boy,"['e', 'm', 'i', 'l']",4,1.0,"[1, 7, 15, 11, 14, 2, 0, 0, 0, 0, 0, 0, 0]"
1216,<SOS>vicente<EOS>    ,boy,"['v', 'i', 'c', 'e', 'n', 't', 'e']",7,1.0,"[1, 24, 11, 5, 7, 16, 22, 7, 2, 0, 0, 0, 0]"
276,<SOS>bud<EOS>        ,boy,"['b', 'u', 'd']",3,1.0,"[1, 4, 23, 6, 2, 0, 0, 0, 0, 0, 0, 0, 0]"
6712,<SOS>jaylah<EOS>     ,girl,"['j', 'a', 'y', 'l', 'a', 'h']",6,0.0,"[1, 12, 3, 27, 14, 3, 10, 2, 0, 0, 0, 0, 0]"
3503,<SOS>lelia<EOS>      ,girl,"['l', 'e', 'l', 'i', 'a']",5,0.0,"[1, 14, 7, 14, 11, 3, 2, 0, 0, 0, 0, 0, 0]"
6307,<SOS>miriah<EOS>     ,girl,"['m', 'i', 'r', 'i', 'a', 'h']",6,0.0,"[1, 15, 11, 20, 11, 3, 10, 2, 0, 0, 0, 0, 0]"
3592,<SOS>zora<EOS>       ,girl,"['z', 'o', 'r', 'a']",4,0.0,"[1, 28, 17, 20, 3, 2, 0, 0, 0, 0, 0, 0, 0]"
5594,<SOS>dawne<EOS>      ,girl,"['d', 'a', 'w', 'n', 'e']",5,0.0,"[1, 6, 3, 25, 16, 7, 2, 0, 0, 0, 0, 0, 0]"
5506,<SOS>deb<EOS>        ,girl,"['d', 'e', 'b']",3,0.0,"[1, 6, 7, 4, 2, 0, 0, 0, 0, 0, 0, 0, 0]"
4298,<SOS>dollye<EOS>     ,girl,"['d', 'o', 'l', 'l', 'y', 'e']",6,0.0,"[1, 6, 17, 14, 14, 27, 7, 2, 0, 0, 0, 0, 0]"
3438,<SOS>sallie<EOS>     ,girl,"['s', 'a', 'l', 'l', 'i', 'e']",6,0.0,"[1, 21, 3, 14, 14, 11, 7, 2, 0, 0, 0, 0, 0]"
308,<SOS>lynn<EOS>       ,boy,"['l', 'y', 'n', 'n']",4,1.0,"[1, 14, 27, 16, 16, 2, 0, 0, 0, 0, 0, 0, 0]"
4803,<SOS>syble<EOS>      ,girl,"['s', 'y', 'b', 'l', 'e']",5,0.0,"[1, 21, 27, 4, 14, 7, 2, 0, 0, 0, 0, 0, 0]"
5489,<SOS>jeanna<EOS>     ,girl,"['j', 'e', 'a', 'n', 'n', 'a']",6,0.0,"[1, 12, 7, 3, 16, 16, 3, 2, 0, 0, 0, 0, 0]"
1775,<SOS>avon<EOS>       ,boy,"['a', 'v', 'o', 'n']",4,1.0,"[1, 3, 24, 17, 16, 2, 0, 0, 0, 0, 0, 0, 0]"
2734,<SOS>taurus<EOS>     ,boy,"['t', 'a', 'u', 'r', 'u', 's']",6,1.0,"[1, 22, 3, 23, 20, 23, 21, 2, 0, 0, 0, 0, 0]"
5700,<SOS>ericka<EOS>     ,girl,"['e', 'r', 'i', 'c', 'k', 'a']",6,0.0,"[1, 7, 20, 11, 5, 13, 3, 2, 0, 0, 0, 0, 0]"
623,<SOS>malachi<EOS>    ,boy,"['m', 'a', 'l', 'a', 'c', 'h', 'i']",7,1.0,"[1, 15, 3, 14, 3, 5, 10, 11, 2, 0, 0, 0, 0]"
2591,<SOS>brenton<EOS>    ,boy,"['b', 'r', 'e', 'n', 't', 'o', 'n']",7,1.0,"[1, 4, 20, 7, 16, 22, 17, 16, 2, 0, 0, 0, 0]"
2653,<SOS>cale<EOS>       ,boy,"['c', 'a', 'l', 'e']",4,1.0,"[1, 5, 3, 14, 7, 2, 0, 0, 0, 0, 0, 0, 0]"
3328,<SOS>mordechai<EOS>  ,boy,"['m', 'o', 'r', 'd', 'e', 'c', 'h', 'a', 'i']",9,1.0,"[1, 15, 17, 20, 6, 7, 5, 10, 3, 11, 2, 0, 0]"
1218,<SOS>alan<EOS>       ,boy,"['a', 'l', 'a', 'n']",4,1.0,"[1, 3, 14, 3, 16, 2, 0, 0, 0, 0, 0, 0, 0]"
1328,<SOS>winston<EOS>    ,boy,"['w', 'i', 'n', 's', 't', 'o', 'n']",7,1.0,"[1, 25, 11, 16, 21, 22, 17, 16, 2, 0, 0, 0, 0]"
4317,<SOS>candace<EOS>    ,girl,"['c', 'a', 'n', 'd', 'a', 'c', 'e']",7,0.0,"[1, 5, 3, 16, 6, 3, 5, 7, 2, 0, 0, 0, 0]"
4821,<SOS>ilda<EOS>       ,girl,"['i', 'l', 'd', 'a']",4,0.0,"[1, 11, 14, 6, 3, 2, 0, 0, 0, 0, 0, 0, 0]"
3829,<SOS>indiana<EOS>    ,girl,"['i', 'n', 'd', 'i', 'a', 'n', 'a']",7,0.0,"[1, 11, 16, 6, 11, 3, 16, 3, 2, 0, 0, 0, 0]"
5583,<SOS>alecia<EOS>     ,girl,"['a', 'l', 'e', 'c', 'i', 'a']",6,0.0,"[1, 3, 14, 7, 5, 11, 3, 2, 0, 0, 0, 0, 0]"
5915,<SOS>kandice<EOS>    ,girl,"['k', 'a', 'n', 'd', 'i', 'c', 'e']",7,0.0,"[1, 13, 3, 16, 6, 11, 5, 7, 2, 0, 0, 0, 0]"
4011,<SOS>odelia<EOS>     ,girl,"['o', 'd', 'e', 'l', 'i', 'a']",6,0.0,"[1, 17, 6, 7, 14, 11, 3, 2, 0, 0, 0, 0, 0]"
1513,<SOS>rudy<EOS>       ,boy,"['r', 'u', 'd', 'y']",4,1.0,"[1, 20, 23, 6, 27, 2, 0, 0, 0, 0, 0, 0, 0]"
3968,<SOS>dinah<EOS>      ,girl,"['d', 'i', 'n', 'a', 'h']",5,0.0,"[1, 6, 11, 16, 3, 10, 2, 0, 0, 0, 0, 0, 0]"
2720,<SOS>brandy<EOS>     ,boy,"['b', 'r', 'a', 'n', 'd', 'y']",6,1.0,"[1, 4, 20, 3, 16, 6, 27, 2, 0, 0, 0, 0, 0]"
796,<SOS>shelton<EOS>    ,boy,"['s', 'h', 'e', 'l', 't', 'o', 'n']",7,1.0,"[1, 21, 10, 7, 14, 22, 17, 16, 2, 0, 0, 0, 0]"
766,<SOS>eligah<EOS>     ,boy,"['e', 'l', 'i', 'g', 'a', 'h']",6,1.0,"[1, 7, 14, 11, 9, 3, 10, 2, 0, 0, 0, 0, 0]"
1695,<SOS>esther<EOS>     ,boy,"['e', 's', 't', 'h', 'e', 'r']",6,1.0,"[1, 7, 21, 22, 10, 7, 20, 2, 0, 0, 0, 0, 0]"
1554,<SOS>colbert<EOS>    ,boy,"['c', 'o', 'l', 'b', 'e', 'r', 't']",7,1.0,"[1, 5, 17, 14, 4, 7, 20, 22, 2, 0, 0, 0, 0]"
1036,<SOS>todd<EOS>       ,boy,"['t', 'o', 'd', 'd']",4,1.0,"[1, 22, 17, 6, 6, 2, 0, 0, 0, 0, 0, 0, 0]"
4384,<SOS>carolyne<EOS>   ,girl,"['c', 'a', 'r', 'o', 'l', 'y', 'n', 'e']",8,0.0,"[1, 5, 3, 20, 17, 14, 27, 16, 7, 2, 0, 0, 0]"
197,<SOS>solomon<EOS>    ,boy,"['s', 'o', 'l', 'o', 'm', 'o', 'n']",7,1.0,"[1, 21, 17, 14, 17, 15, 17, 16, 2, 0, 0, 0, 0]"
181,<SOS>newton<EOS>     ,boy,"['n', 'e', 'w', 't', 'o', 'n']",6,1.0,"[1, 16, 7, 25, 22, 17, 16, 2, 0, 0, 0, 0, 0]"
2410,<SOS>marlon<EOS>     ,boy,"['m', 'a', 'r', 'l', 'o', 'n']",6,1.0,"[1, 15, 3, 20, 14, 17, 16, 2, 0, 0, 0, 0, 0]"
6763,<SOS>lailah<EOS>     ,girl,"['l', 'a', 'i', 'l', 'a', 'h']",6,0.0,"[1, 14, 3, 11, 14, 3, 10, 2, 0, 0, 0, 0, 0]"
206,<SOS>hubert<EOS>     ,boy,"['h', 'u', 'b', 'e', 'r', 't']",6,1.0,"[1, 10, 23, 4, 7, 20, 22, 2, 0, 0, 0, 0, 0]"
5263,<SOS>terrie<EOS>     ,girl,"['t', 'e', 'r', 'r', 'i', 'e']",6,0.0,"[1, 22, 7, 20, 20, 11, 7, 2, 0, 0, 0, 0, 0]"
1875,<SOS>rhoda<EOS>      ,boy,"['r', 'h', 'o', 'd', 'a']",5,1.0,"[1, 20, 10, 17, 6, 3, 2, 0, 0, 0, 0, 0, 0]"
3463,<SOS>anne<EOS>       ,girl,"['a', 'n', 'n', 'e']",4,0.0,"[1, 3, 16, 16, 7, 2, 0, 0, 0, 0, 0, 0, 0]"
1352,<SOS>fenton<EOS>     ,boy,"['f', 'e', 'n', 't', 'o', 'n']",6,1.0,"[1, 8, 7, 16, 22, 17, 16, 2, 0, 0, 0, 0, 0]"
1455,<SOS>glover<EOS>     ,boy,"['g', 'l', 'o', 'v', 'e', 'r']",6,1.0,"[1, 9, 14, 17, 24, 7, 20, 2, 0, 0, 0, 0, 0]"
5669,<SOS>joell<EOS>      ,girl,"['j', 'o', 'e', 'l', 'l']",5,0.0,"[1, 12, 17, 7, 14, 14, 2, 0, 0, 0, 0, 0, 0]"
3525,<SOS>teresa<EOS>     ,girl,"['t', 'e', 'r', 'e', 's', 'a']",6,0.0,"[1, 22, 7, 20, 7, 21, 3, 2, 0, 0, 0, 0, 0]"
1024,<SOS>elvis<EOS>      ,boy,"['e', 'l', 'v', 'i', 's']",5,1.0,"[1, 7, 14, 24, 11, 21, 2, 0, 0, 0, 0, 0, 0]"
903,<SOS>wendell<EOS>    ,boy,"['w', 'e', 'n', 'd', 'e', 'l', 'l']",7,1.0,"[1, 25, 7, 16, 6, 7, 14, 14, 2, 0, 0, 0, 0]"
6517,<SOS>aniya<EOS>      ,girl,"['a', 'n', 'i', 'y', 'a']",5,0.0,"[1, 3, 16, 11, 27, 3, 2, 0, 0, 0, 0, 0, 0]"
395,<SOS>hardy<EOS>      ,boy,"['h', 'a', 'r', 'd', 'y']",5,1.0,"[1, 10, 3, 20, 6, 27, 2, 0, 0, 0, 0, 0, 0]"
1823,<SOS>casimer<EOS>    ,boy,"['c', 'a', 's', 'i', 'm', 'e', 'r']",7,1.0,"[1, 5, 3, 21, 11, 15, 7, 20, 2, 0, 0, 0, 0]"
6622,<SOS>giana<EOS>      ,girl,"['g', 'i', 'a', 'n', 'a']",5,0.0,"[1, 9, 11, 3, 16, 3, 2, 0, 0, 0, 0, 0, 0]"
6197,<SOS>tianna<EOS>     ,girl,"['t', 'i', 'a', 'n', 'n', 'a']",6,0.0,"[1, 22, 11, 3, 16, 16, 3, 2, 0, 0, 0, 0, 0]"
234,<SOS>pete<EOS>       ,boy,"['p', 'e', 't', 'e']",4,1.0,"[1, 18, 7, 22, 7, 2, 0, 0, 0, 0, 0, 0, 0]"
4049,<SOS>elvina<EOS>     ,girl,"['e', 'l', 'v', 'i', 'n', 'a']",6,0.0,"[1, 7, 14, 24, 11, 16, 3, 2, 0, 0, 0, 0, 0]"
2935,<SOS>kyler<EOS>      ,boy,"['k', 'y', 'l', 'e', 'r']",5,1.0,"[1, 13, 27, 14, 7, 20, 2, 0, 0, 0, 0, 0, 0]"
2551,<SOS>tammy<EOS>      ,boy,"['t', 'a', 'm', 'm', 'y']",5,1.0,"[1, 22, 3, 15, 15, 27, 2, 0, 0, 0, 0, 0, 0]"
5808,<SOS>adria<EOS>      ,girl,"['a', 'd', 'r', 'i', 'a']",5,0.0,"[1, 3, 6, 20, 11, 3, 2, 0, 0, 0, 0, 0, 0]"
5693,<SOS>danelle<EOS>    ,girl,"['d', 'a', 'n', 'e', 'l', 'l', 'e']",7,0.0,"[1, 6, 3, 16, 7, 14, 14, 7, 2, 0, 0, 0, 0]"
5725,<SOS>corrina<EOS>    ,girl,"['c', 'o', 'r', 'r', 'i', 'n', 'a']",7,0.0,"[1, 5, 17, 20, 20, 11, 16, 3, 2, 0, 0, 0, 0]"
3133,<SOS>latrell<EOS>    ,boy,"['l', 'a', 't', 'r', 'e', 'l', 'l']",7,1.0,"[1, 14, 3, 22, 20, 7, 14, 14, 2, 0, 0, 0, 0]"
6017,<SOS>ayesha<EOS>     ,girl,"['a', 'y', 'e', 's', 'h', 'a']",6,0.0,"[1, 3, 27, 7, 21, 10, 3, 2, 0, 0, 0, 0, 0]"
1770,<SOS>thorwald<EOS>   ,boy,"['t', 'h', 'o', 'r', 'w', 'a', 'l', 'd']",8,1.0,"[1, 22, 10, 17, 20, 25, 3, 14, 6, 2, 0, 0, 0]"
81,<SOS>allen<EOS>      ,boy,"['a', 'l', 'l', 'e', 'n']",5,1.0,"[1, 3, 14, 14, 7, 16, 2, 0, 0, 0, 0, 0, 0]"
2583,<SOS>dario<EOS>      ,boy,"['d', 'a', 'r', 'i', 'o']",5,1.0,"[1, 6, 3, 20, 11, 17, 2, 0, 0, 0, 0, 0, 0]"
5132,<SOS>darla<EOS>      ,girl,"['d', 'a', 'r', 'l', 'a']",5,0.0,"[1, 6, 3, 20, 14, 3, 2, 0, 0, 0, 0, 0, 0]"
4220,<SOS>sybil<EOS>      ,girl,"['s', 'y', 'b', 'i', 'l']",5,0.0,"[1, 21, 27, 4, 11, 14, 2, 0, 0, 0, 0, 0, 0]"
5984,<SOS>shanita<EOS>    ,girl,"['s', 'h', 'a', 'n', 'i', 't', 'a']",7,0.0,"[1, 21, 10, 3, 16, 11, 22, 3, 2, 0, 0, 0, 0]"
2798,<SOS>kunta<EOS>      ,boy,"['k', 'u', 'n', 't', 'a']",5,1.0,"[1, 13, 23, 16, 22, 3, 2, 0, 0, 0, 0, 0, 0]"
1940,<SOS>donovan<EOS>    ,boy,"['d', 'o', 'n', 'o', 'v', 'a', 'n']",7,1.0,"[1, 6, 17, 16, 17, 24, 3, 16, 2, 0, 0, 0, 0]"
485,<SOS>burl<EOS>       ,boy,"['b', 'u', 'r', 'l']",4,1.0,"[1, 4, 23, 20, 14, 2, 0, 0, 0, 0, 0, 0, 0]"
5426,<SOS>alisa<EOS>      ,girl,"['a', 'l', 'i', 's', 'a']",5,0.0,"[1, 3, 14, 11, 21, 3, 2, 0, 0, 0, 0, 0, 0]"
5498,<SOS>glynis<EOS>     ,girl,"['g', 'l', 'y', 'n', 'i', 's']",6,0.0,"[1, 9, 14, 27, 16, 11, 21, 2, 0, 0, 0, 0, 0]"
3408,<SOS>lyric<EOS>      ,boy,"['l', 'y', 'r', 'i', 'c']",5,1.0,"[1, 14, 27, 20, 11, 5, 2, 0, 0, 0, 0, 0, 0]"
4494,<SOS>adelina<EOS>    ,girl,"['a', 'd', 'e', 'l', 'i', 'n', 'a']",7,0.0,"[1, 3, 6, 7, 14, 11, 16, 3, 2, 0, 0, 0, 0]"
2358,<SOS>dane<EOS>       ,boy,"['d', 'a', 'n', 'e']",4,1.0,"[1, 6, 3, 16, 7, 2, 0, 0, 0, 0, 0, 0, 0]"
2095,<SOS>erling<EOS>     ,boy,"['e', 'r', 'l', 'i', 'n', 'g']",6,1.0,"[1, 7, 20, 14, 11, 16, 9, 2, 0, 0, 0, 0, 0]"
1274,<SOS>donnie<EOS>     ,boy,"['d', 'o', 'n', 'n', 'i', 'e']",6,1.0,"[1, 6, 17, 16, 16, 11, 7, 2, 0, 0, 0, 0, 0]"
4755,<SOS>antonina<EOS>   ,girl,"['a', 'n', 't', 'o', 'n', 'i', 'n', 'a']",8,0.0,"[1, 3, 16, 22, 17, 16, 11, 16, 3, 2, 0, 0, 0]"
3813,<SOS>amalia<EOS>     ,girl,"['a', 'm', 'a', 'l', 'i', 'a']",6,0.0,"[1, 3, 15, 3, 14, 11, 3, 2, 0, 0, 0, 0, 0]"
312,<SOS>ward<EOS>       ,boy,"['w', 'a', 'r', 'd']",4,1.0,"[1, 25, 3, 20, 6, 2, 0, 0, 0, 0, 0, 0, 0]"
2456,<SOS>kevan<EOS>      ,boy,"['k', 'e', 'v', 'a', 'n']",5,1.0,"[1, 13, 7, 24, 3, 16, 2, 0, 0, 0, 0, 0, 0]"
470,<SOS>fay<EOS>        ,boy,"['f', 'a', 'y']",3,1.0,"[1, 8, 3, 27, 2, 0, 0, 0, 0, 0, 0, 0, 0]"
5232,<SOS>nyla<EOS>       ,girl,"['n', 'y', 'l', 'a']",4,0.0,"[1, 16, 27, 14, 3, 2, 0, 0, 0, 0, 0, 0, 0]"
6685,<SOS>kinsley<EOS>    ,girl,"['k', 'i', 'n', 's', 'l', 'e', 'y']",7,0.0,"[1, 13, 11, 16, 21, 14, 7, 27, 2, 0, 0, 0, 0]"
6284,<SOS>shelbie<EOS>    ,girl,"['s', 'h', 'e', 'l', 'b', 'i', 'e']",7,0.0,"[1, 21, 10, 7, 14, 4, 11, 7, 2, 0, 0, 0, 0]"
6530,<SOS>citlalli<EOS>   ,girl,"['c', 'i', 't', 'l', 'a', 'l', 'l', 'i']",8,0.0,"[1, 5, 11, 22, 14, 3, 14, 14, 11, 2, 0, 0, 0]"
1111,<SOS>darrell<EOS>    ,boy,"['d', 'a', 'r', 'r', 'e', 'l', 'l']",7,1.0,"[1, 6, 3, 20, 20, 7, 14, 14, 2, 0, 0, 0, 0]"
6730,<SOS>audrina<EOS>    ,girl,"['a', 'u', 'd', 'r', 'i', 'n', 'a']",7,0.0,"[1, 3, 23, 6, 20, 11, 16, 3, 2, 0, 0, 0, 0]"
1214,<SOS>rowland<EOS>    ,boy,"['r', 'o', 'w', 'l', 'a', 'n', 'd']",7,1.0,"[1, 20, 17, 25, 14, 3, 16, 6, 2, 0, 0, 0, 0]"
4295,<SOS>dema<EOS>       ,girl,"['d', 'e', 'm', 'a']",4,0.0,"[1, 6, 7, 15, 3, 2, 0, 0, 0, 0, 0, 0, 0]"
3271,<SOS>haden<EOS>      ,boy,"['h', 'a', 'd', 'e', 'n']",5,1.0,"[1, 10, 3, 6, 7, 16, 2, 0, 0, 0, 0, 0, 0]"
821,<SOS>asher<EOS>      ,boy,"['a', 's', 'h', 'e', 'r']",5,1.0,"[1, 3, 21, 10, 7, 20, 2, 0, 0, 0, 0, 0, 0]"
1858,<SOS>offie<EOS>      ,boy,"['o', 'f', 'f', 'i', 'e']",5,1.0,"[1, 17, 8, 8, 11, 7, 2, 0, 0, 0, 0, 0, 0]"
6138,<SOS>violeta<EOS>    ,girl,"['v', 'i', 'o', 'l', 'e', 't', 'a']",7,0.0,"[1, 24, 11, 17, 14, 7, 22, 3, 2, 0, 0, 0, 0]"
547,<SOS>luis<EOS>       ,boy,"['l', 'u', 'i', 's']",4,1.0,"[1, 14, 23, 11, 21, 2, 0, 0, 0, 0, 0, 0, 0]"
6384,<SOS>kenzie<EOS>     ,girl,"['k', 'e', 'n', 'z', 'i', 'e']",6,0.0,"[1, 13, 7, 16, 28, 11, 7, 2, 0, 0, 0, 0, 0]"
5926,<SOS>jaimee<EOS>     ,girl,"['j', 'a', 'i', 'm', 'e', 'e']",6,0.0,"[1, 12, 3, 11, 15, 7, 7, 2, 0, 0, 0, 0, 0]"
5182,<SOS>jonell<EOS>     ,girl,"['j', 'o', 'n', 'e', 'l', 'l']",6,0.0,"[1, 12, 17, 16, 7, 14, 14, 2, 0, 0, 0, 0, 0]"
6151,<SOS>brittaney<EOS>  ,girl,"['b', 'r', 'i', 't', 't', 'a', 'n', 'e', 'y']",9,0.0,"[1, 4, 20, 11, 22, 22, 3, 16, 7, 27, 2, 0, 0]"
6309,<SOS>kelcie<EOS>     ,girl,"['k', 'e', 'l', 'c', 'i', 'e']",6,0.0,"[1, 13, 7, 14, 5, 11, 7, 2, 0, 0, 0, 0, 0]"
6035,<SOS>tai<EOS>        ,girl,"['t', 'a', 'i']",3,0.0,"[1, 22, 3, 11, 2, 0, 0, 0, 0, 0, 0, 0, 0]"
3054,<SOS>davante<EOS>    ,boy,"['d', 'a', 'v', 'a', 'n', 't', 'e']",7,1.0,"[1, 6, 3, 24, 3, 16, 22, 7, 2, 0, 0, 0, 0]"
5989,<SOS>marlana<EOS>    ,girl,"['m', 'a', 'r', 'l', 'a', 'n', 'a']",7,0.0,"[1, 15, 3, 20, 14, 3, 16, 3, 2, 0, 0, 0, 0]"
3691,<SOS>dorothea<EOS>   ,girl,"['d', 'o', 'r', 'o', 't', 'h', 'e', 'a']",8,0.0,"[1, 6, 17, 20, 17, 22, 10, 7, 3, 2, 0, 0, 0]"
1461,<SOS>colon<EOS>      ,boy,"['c', 'o', 'l', 'o', 'n']",5,1.0,"[1, 5, 17, 14, 17, 16, 2, 0, 0, 0, 0, 0, 0]"
73,<SOS>august<EOS>     ,boy,"['a', 'u', 'g', 'u', 's', 't']",6,1.0,"[1, 3, 23, 9, 23, 21, 22, 2, 0, 0, 0, 0, 0]"
3535,<SOS>cecilia<EOS>    ,girl,"['c', 'e', 'c', 'i', 'l', 'i', 'a']",7,0.0,"[1, 5, 7, 5, 11, 14, 11, 3, 2, 0, 0, 0, 0]"
2509,<SOS>jamey<EOS>      ,boy,"['j', 'a', 'm', 'e', 'y']",5,1.0,"[1, 12, 3, 15, 7, 27, 2, 0, 0, 0, 0, 0, 0]"
6206,<SOS>jalisa<EOS>     ,girl,"['j', 'a', 'l', 'i', 's', 'a']",6,0.0,"[1, 12, 3, 14, 11, 21, 3, 2, 0, 0, 0, 0, 0]"
4097,<SOS>rosalee<EOS>    ,girl,"['r', 'o', 's', 'a', 'l', 'e', 'e']",7,0.0,"[1, 20, 17, 21, 3, 14, 7, 7, 2, 0, 0, 0, 0]"
1946,<SOS>esco<EOS>       ,boy,"['e', 's', 'c', 'o']",4,1.0,"[1, 7, 21, 5, 17, 2, 0, 0, 0, 0, 0, 0, 0]"
4386,<SOS>denise<EOS>     ,girl,"['d', 'e', 'n', 'i', 's', 'e']",6,0.0,"[1, 6, 7, 16, 11, 21, 7, 2, 0, 0, 0, 0, 0]"
4808,<SOS>ceil<EOS>       ,girl,"['c', 'e', 'i', 'l']",4,0.0,"[1, 5, 7, 11, 14, 2, 0, 0, 0, 0, 0, 0, 0]"
3756,<SOS>nevada<EOS>     ,girl,"['n', 'e', 'v', 'a', 'd', 'a']",6,0.0,"[1, 16, 7, 24, 3, 6, 3, 2, 0, 0, 0, 0, 0]"
4592,<SOS>verlie<EOS>     ,girl,"['v', 'e', 'r', 'l', 'i', 'e']",6,0.0,"[1, 24, 7, 20, 14, 11, 7, 2, 0, 0, 0, 0, 0]"
2534,<SOS>regan<EOS>      ,boy,"['r', 'e', 'g', 'a', 'n']",5,1.0,"[1, 20, 7, 9, 3, 16, 2, 0, 0, 0, 0, 0, 0]"
2863,<SOS>skyler<EOS>     ,boy,"['s', 'k', 'y', 'l', 'e', 'r']",6,1.0,"[1, 21, 13, 27, 14, 7, 20, 2, 0, 0, 0, 0, 0]"
4664,<SOS>twila<EOS>      ,girl,"['t', 'w', 'i', 'l', 'a']",5,0.0,"[1, 22, 25, 11, 14, 3, 2, 0, 0, 0, 0, 0, 0]"
1448,<SOS>gertrude<EOS>   ,boy,"['g', 'e', 'r', 't', 'r', 'u', 'd', 'e']",8,1.0,"[1, 9, 7, 20, 22, 20, 23, 6, 7, 2, 0, 0, 0]"
2564,<SOS>mauricio<EOS>   ,boy,"['m', 'a', 'u', 'r', 'i', 'c', 'i', 'o']",8,1.0,"[1, 15, 3, 23, 20, 11, 5, 11, 17, 2, 0, 0, 0]"
4444,<SOS>pearla<EOS>     ,girl,"['p', 'e', 'a', 'r', 'l', 'a']",6,0.0,"[1, 18, 7, 3, 20, 14, 3, 2, 0, 0, 0, 0, 0]"
2873,<SOS>colt<EOS>       ,boy,"['c', 'o', 'l', 't']",4,1.0,"[1, 5, 17, 14, 22, 2, 0, 0, 0, 0, 0, 0, 0]"
6723,<SOS>lorelai<EOS>    ,girl,"['l', 'o', 'r', 'e', 'l', 'a', 'i']",7,0.0,"[1, 14, 17, 20, 7, 14, 3, 11, 2, 0, 0, 0, 0]"
628,<SOS>pinkney<EOS>    ,boy,"['p', 'i', 'n', 'k', 'n', 'e', 'y']",7,1.0,"[1, 18, 11, 16, 13, 16, 7, 27, 2, 0, 0, 0, 0]"
3540,<SOS>adele<EOS>      ,girl,"['a', 'd', 'e', 'l', 'e']",5,0.0,"[1, 3, 6, 7, 14, 7, 2, 0, 0, 0, 0, 0, 0]"
6157,<SOS>sharde<EOS>     ,girl,"['s', 'h', 'a', 'r', 'd', 'e']",6,0.0,"[1, 21, 10, 3, 20, 6, 7, 2, 0, 0, 0, 0, 0]"
2161,<SOS>kevin<EOS>      ,boy,"['k', 'e', 'v', 'i', 'n']",5,1.0,"[1, 13, 7, 24, 11, 16, 2, 0, 0, 0, 0, 0, 0]"
1925,<SOS>estell<EOS>     ,boy,"['e', 's', 't', 'e', 'l', 'l']",6,1.0,"[1, 7, 21, 22, 7, 14, 14, 2, 0, 0, 0, 0, 0]"
1874,<SOS>pasquale<EOS>   ,boy,"['p', 'a', 's', 'q', 'u', 'a', 'l', 'e']",8,1.0,"[1, 18, 3, 21, 19, 23, 3, 14, 7, 2, 0, 0, 0]"
6098,<SOS>paola<EOS>      ,girl,"['p', 'a', 'o', 'l', 'a']",5,0.0,"[1, 18, 3, 17, 14, 3, 2, 0, 0, 0, 0, 0, 0]"
3325,<SOS>kaeden<EOS>     ,boy,"['k', 'a', 'e', 'd', 'e', 'n']",6,1.0,"[1, 13, 3, 7, 6, 7, 16, 2, 0, 0, 0, 0, 0]"
5991,<SOS>kylee<EOS>      ,girl,"['k', 'y', 'l', 'e', 'e']",5,0.0,"[1, 13, 27, 14, 7, 7, 2, 0, 0, 0, 0, 0, 0]"
6359,<SOS>yasmeen<EOS>    ,girl,"['y', 'a', 's', 'm', 'e', 'e', 'n']",7,0.0,"[1, 27, 3, 21, 15, 7, 7, 16, 2, 0, 0, 0, 0]"
1862,<SOS>willy<EOS>      ,boy,"['w', 'i', 'l', 'l', 'y']",5,1.0,"[1, 25, 11, 14, 14, 27, 2, 0, 0, 0, 0, 0, 0]"
3207,<SOS>brycen<EOS>     ,boy,"['b', 'r', 'y', 'c', 'e', 'n']",6,1.0,"[1, 4, 20, 27, 5, 7, 16, 2, 0, 0, 0, 0, 0]"
3828,<SOS>etha<EOS>       ,girl,"['e', 't', 'h', 'a']",4,0.0,"[1, 7, 22, 10, 3, 2, 0, 0, 0, 0, 0, 0, 0]"
6170,<SOS>kyrie<EOS>      ,girl,"['k', 'y', 'r', 'i', 'e']",5,0.0,"[1, 13, 27, 20, 11, 7, 2, 0, 0, 0, 0, 0, 0]"
1631,<SOS>julien<EOS>     ,boy,"['j', 'u', 'l', 'i', 'e', 'n']",6,1.0,"[1, 12, 23, 14, 11, 7, 16, 2, 0, 0, 0, 0, 0]"
5559,<SOS>loriann<EOS>    ,girl,"['l', 'o', 'r', 'i', 'a', 'n', 'n']",7,0.0,"[1, 14, 17, 20, 11, 3, 16, 16, 2, 0, 0, 0, 0]"
5368,<SOS>christa<EOS>    ,girl,"['c', 'h', 'r', 'i', 's', 't', 'a']",7,0.0,"[1, 5, 10, 20, 11, 21, 22, 3, 2, 0, 0, 0, 0]"
6085,<SOS>carley<EOS>     ,girl,"['c', 'a', 'r', 'l', 'e', 'y']",6,0.0,"[1, 5, 3, 20, 14, 7, 27, 2, 0, 0, 0, 0, 0]"
5319,<SOS>deidre<EOS>     ,girl,"['d', 'e', 'i', 'd', 'r', 'e']",6,0.0,"[1, 6, 7, 11, 6, 20, 7, 2, 0, 0, 0, 0, 0]"
2861,<SOS>isaias<EOS>     ,boy,"['i', 's', 'a', 'i', 'a', 's']",6,1.0,"[1, 11, 21, 3, 11, 3, 21, 2, 0, 0, 0, 0, 0]"
4919,<SOS>maryellen<EOS>  ,girl,"['m', 'a', 'r', 'y', 'e', 'l', 'l', 'e', 'n']",9,0.0,"[1, 15, 3, 20, 27, 7, 14, 14, 7, 16, 2, 0, 0]"
1846,<SOS>eugenio<EOS>    ,boy,"['e', 'u', 'g', 'e', 'n', 'i', 'o']",7,1.0,"[1, 7, 23, 9, 7, 16, 11, 17, 2, 0, 0, 0, 0]"
1190,<SOS>gibson<EOS>     ,boy,"['g', 'i', 'b', 's', 'o', 'n']",6,1.0,"[1, 9, 11, 4, 21, 17, 16, 2, 0, 0, 0, 0, 0]"
659,<SOS>jones<EOS>      ,boy,"['j', 'o', 'n', 'e', 's']",5,1.0,"[1, 12, 17, 16, 7, 21, 2, 0, 0, 0, 0, 0, 0]"
789,<SOS>percival<EOS>   ,boy,"['p', 'e', 'r', 'c', 'i', 'v', 'a', 'l']",8,1.0,"[1, 18, 7, 20, 5, 11, 24, 3, 14, 2, 0, 0, 0]"
2246,<SOS>orlin<EOS>      ,boy,"['o', 'r', 'l', 'i', 'n']",5,1.0,"[1, 17, 20, 14, 11, 16, 2, 0, 0, 0, 0, 0, 0]"
4288,<SOS>cena<EOS>       ,girl,"['c', 'e', 'n', 'a']",4,0.0,"[1, 5, 7, 16, 3, 2, 0, 0, 0, 0, 0, 0, 0]"
1714,<SOS>wilfrid<EOS>    ,boy,"['w', 'i', 'l', 'f', 'r', 'i', 'd']",7,1.0,"[1, 25, 11, 14, 8, 20, 11, 6, 2, 0, 0, 0, 0]"
4970,<SOS>darline<EOS>    ,girl,"['d', 'a', 'r', 'l', 'i', 'n', 'e']",7,0.0,"[1, 6, 3, 20, 14, 11, 16, 7, 2, 0, 0, 0, 0]"
4638,<SOS>lulah<EOS>      ,girl,"['l', 'u', 'l', 'a', 'h']",5,0.0,"[1, 14, 23, 14, 3, 10, 2, 0, 0, 0, 0, 0, 0]"
3833,<SOS>lavina<EOS>     ,girl,"['l', 'a', 'v', 'i', 'n', 'a']",6,0.0,"[1, 14, 3, 24, 11, 16, 3, 2, 0, 0, 0, 0, 0]"
6588,<SOS>makaila<EOS>    ,girl,"['m', 'a', 'k', 'a', 'i', 'l', 'a']",7,0.0,"[1, 15, 3, 13, 3, 11, 14, 3, 2, 0, 0, 0, 0]"
6591,<SOS>jimena<EOS>     ,girl,"['j', 'i', 'm', 'e', 'n', 'a']",6,0.0,"[1, 12, 11, 15, 7, 16, 3, 2, 0, 0, 0, 0, 0]"
2045,<SOS>giovanni<EOS>   ,boy,"['g', 'i', 'o', 'v', 'a', 'n', 'n', 'i']",8,1.0,"[1, 9, 11, 17, 24, 3, 16, 16, 11, 2, 0, 0, 0]"
5087,<SOS>lynne<EOS>      ,girl,"['l', 'y', 'n', 'n', 'e']",5,0.0,"[1, 14, 27, 16, 16, 7, 2, 0, 0, 0, 0, 0, 0]"
2716,<SOS>tremayne<EOS>   ,boy,"['t', 'r', 'e', 'm', 'a', 'y', 'n', 'e']",8,1.0,"[1, 22, 20, 7, 15, 3, 27, 16, 7, 2, 0, 0, 0]"
4249,<SOS>lilie<EOS>      ,girl,"['l', 'i', 'l', 'i', 'e']",5,0.0,"[1, 14, 11, 14, 11, 7, 2, 0, 0, 0, 0, 0, 0]"
461,<SOS>sim<EOS>        ,boy,"['s', 'i', 'm']",3,1.0,"[1, 21, 11, 15, 2, 0, 0, 0, 0, 0, 0, 0, 0]"
5161,<SOS>roxanne<EOS>    ,girl,"['r', 'o', 'x', 'a', 'n', 'n', 'e']",7,0.0,"[1, 20, 17, 26, 3, 16, 16, 7, 2, 0, 0, 0, 0]"
1151,<SOS>marcel<EOS>     ,boy,"['m', 'a', 'r', 'c', 'e', 'l']",6,1.0,"[1, 15, 3, 20, 5, 7, 14, 2, 0, 0, 0, 0, 0]"
3084,<SOS>kaden<EOS>      ,boy,"['k', 'a', 'd', 'e', 'n']",5,1.0,"[1, 13, 3, 6, 7, 16, 2, 0, 0, 0, 0, 0, 0]"
5393,<SOS>allyson<EOS>    ,girl,"['a', 'l', 'l', 'y', 's', 'o', 'n']",7,0.0,"[1, 3, 14, 14, 27, 21, 17, 16, 2, 0, 0, 0, 0]"
2796,<SOS>levar<EOS>      ,boy,"['l', 'e', 'v', 'a', 'r']",5,1.0,"[1, 14, 7, 24, 3, 20, 2, 0, 0, 0, 0, 0, 0]"
3327,<SOS>soren<EOS>      ,boy,"['s', 'o', 'r', 'e', 'n']",5,1.0,"[1, 21, 17, 20, 7, 16, 2, 0, 0, 0, 0, 0, 0]"
1465,<SOS>fleet<EOS>      ,boy,"['f', 'l', 'e', 'e', 't']",5,1.0,"[1, 8, 14, 7, 7, 22, 2, 0, 0, 0, 0, 0, 0]"
1514,<SOS>rueben<EOS>     ,boy,"['r', 'u', 'e', 'b', 'e', 'n']",6,1.0,"[1, 20, 23, 7, 4, 7, 16, 2, 0, 0, 0, 0, 0]"
6652,<SOS>kaydence<EOS>   ,girl,"['k', 'a', 'y', 'd', 'e', 'n', 'c', 'e']",8,0.0,"[1, 13, 3, 27, 6, 7, 16, 5, 7, 2, 0, 0, 0]"
450,<SOS>houston<EOS>    ,boy,"['h', 'o', 'u', 's', 't', 'o', 'n']",7,1.0,"[1, 10, 17, 23, 21, 22, 17, 16, 2, 0, 0, 0, 0]"
3347,<SOS>jaydin<EOS>     ,boy,"['j', 'a', 'y', 'd', 'i', 'n']",6,1.0,"[1, 12, 3, 27, 6, 11, 16, 2, 0, 0, 0, 0, 0]"
5694,<SOS>misti<EOS>      ,girl,"['m', 'i', 's', 't', 'i']",5,0.0,"[1, 15, 11, 21, 22, 11, 2, 0, 0, 0, 0, 0, 0]"
6662,<SOS>saniyah<EOS>    ,girl,"['s', 'a', 'n', 'i', 'y', 'a', 'h']",7,0.0,"[1, 21, 3, 16, 11, 27, 3, 10, 2, 0, 0, 0, 0]"
1138,<SOS>juluis<EOS>     ,boy,"['j', 'u', 'l', 'u', 'i', 's']",6,1.0,"[1, 12, 23, 14, 23, 11, 21, 2, 0, 0, 0, 0, 0]"
571,<SOS>basil<EOS>      ,boy,"['b', 'a', 's', 'i', 'l']",5,1.0,"[1, 4, 3, 21, 11, 14, 2, 0, 0, 0, 0, 0, 0]"
4329,<SOS>lucindy<EOS>    ,girl,"['l', 'u', 'c', 'i', 'n', 'd', 'y']",7,0.0,"[1, 14, 23, 5, 11, 16, 6, 27, 2, 0, 0, 0, 0]"
5086,<SOS>verlene<EOS>    ,girl,"['v', 'e', 'r', 'l', 'e', 'n', 'e']",7,0.0,"[1, 24, 7, 20, 14, 7, 16, 7, 2, 0, 0, 0, 0]"
6636,<SOS>dayanara<EOS>   ,girl,"['d', 'a', 'y', 'a', 'n', 'a', 'r', 'a']",8,0.0,"[1, 6, 3, 27, 3, 16, 3, 20, 3, 2, 0, 0, 0]"
4044,<SOS>dosha<EOS>      ,girl,"['d', 'o', 's', 'h', 'a']",5,0.0,"[1, 6, 17, 21, 10, 3, 2, 0, 0, 0, 0, 0, 0]"
545,<SOS>jean<EOS>       ,boy,"['j', 'e', 'a', 'n']",4,1.0,"[1, 12, 7, 3, 16, 2, 0, 0, 0, 0, 0, 0, 0]"
2233,<SOS>monty<EOS>      ,boy,"['m', 'o', 'n', 't', 'y']",5,1.0,"[1, 15, 17, 16, 22, 27, 2, 0, 0, 0, 0, 0, 0]"
2122,<SOS>hiroshi<EOS>    ,boy,"['h', 'i', 'r', 'o', 's', 'h', 'i']",7,1.0,"[1, 10, 11, 20, 17, 21, 10, 11, 2, 0, 0, 0, 0]"
4402,<SOS>luda<EOS>       ,girl,"['l', 'u', 'd', 'a']",4,0.0,"[1, 14, 23, 6, 3, 2, 0, 0, 0, 0, 0, 0, 0]"
3640,<SOS>melvina<EOS>    ,girl,"['m', 'e', 'l', 'v', 'i', 'n', 'a']",7,0.0,"[1, 15, 7, 14, 24, 11, 16, 3, 2, 0, 0, 0, 0]"
2430,<SOS>mikeal<EOS>     ,boy,"['m', 'i', 'k', 'e', 'a', 'l']",6,1.0,"[1, 15, 11, 13, 7, 3, 14, 2, 0, 0, 0, 0, 0]"
1342,<SOS>ceasar<EOS>     ,boy,"['c', 'e', 'a', 's', 'a', 'r']",6,1.0,"[1, 5, 7, 3, 21, 3, 20, 2, 0, 0, 0, 0, 0]"
4323,<SOS>agusta<EOS>     ,girl,"['a', 'g', 'u', 's', 't', 'a']",6,0.0,"[1, 3, 9, 23, 21, 22, 3, 2, 0, 0, 0, 0, 0]"
3933,<SOS>rella<EOS>      ,girl,"['r', 'e', 'l', 'l', 'a']",5,0.0,"[1, 20, 7, 14, 14, 3, 2, 0, 0, 0, 0, 0, 0]"
4627,<SOS>zana<EOS>       ,girl,"['z', 'a', 'n', 'a']",4,0.0,"[1, 28, 3, 16, 3, 2, 0, 0, 0, 0, 0, 0, 0]"
4008,<SOS>netta<EOS>      ,girl,"['n', 'e', 't', 't', 'a']",5,0.0,"[1, 16, 7, 22, 22, 3, 2, 0, 0, 0, 0, 0, 0]"
4413,<SOS>thora<EOS>      ,girl,"['t', 'h', 'o', 'r', 'a']",5,0.0,"[1, 22, 10, 17, 20, 3, 2, 0, 0, 0, 0, 0, 0]"
5175,<SOS>karolyn<EOS>    ,girl,"['k', 'a', 'r', 'o', 'l', 'y', 'n']",7,0.0,"[1, 13, 3, 20, 17, 14, 27, 16, 2, 0, 0, 0, 0]"
818,<SOS>armand<EOS>     ,boy,"['a', 'r', 'm', 'a', 'n', 'd']",6,1.0,"[1, 3, 20, 15, 3, 16, 6, 2, 0, 0, 0, 0, 0]"
656,<SOS>hermann<EOS>    ,boy,"['h', 'e', 'r', 'm', 'a', 'n', 'n']",7,1.0,"[1, 10, 7, 20, 15, 3, 16, 16, 2, 0, 0, 0, 0]"
3389,<SOS>memphis<EOS>    ,boy,"['m', 'e', 'm', 'p', 'h', 'i', 's']",7,1.0,"[1, 15, 7, 15, 18, 10, 11, 21, 2, 0, 0, 0, 0]"
6671,<SOS>gwyneth<EOS>    ,girl,"['g', 'w', 'y', 'n', 'e', 't', 'h']",7,0.0,"[1, 9, 25, 27, 16, 7, 22, 10, 2, 0, 0, 0, 0]"
4832,<SOS>annamae<EOS>    ,girl,"['a', 'n', 'n', 'a', 'm', 'a', 'e']",7,0.0,"[1, 3, 16, 16, 3, 15, 3, 7, 2, 0, 0, 0, 0]"
5947,<SOS>kizzy<EOS>      ,girl,"['k', 'i', 'z', 'z', 'y']",5,0.0,"[1, 13, 11, 28, 28, 27, 2, 0, 0, 0, 0, 0, 0]"
4114,<SOS>vertie<EOS>     ,girl,"['v', 'e', 'r', 't', 'i', 'e']",6,0.0,"[1, 24, 7, 20, 22, 11, 7, 2, 0, 0, 0, 0, 0]"
1011,<SOS>harper<EOS>     ,boy,"['h', 'a', 'r', 'p', 'e', 'r']",6,1.0,"[1, 10, 3, 20, 18, 7, 20, 2, 0, 0, 0, 0, 0]"
2371,<SOS>kip<EOS>        ,boy,"['k', 'i', 'p']",3,1.0,"[1, 13, 11, 18, 2, 0, 0, 0, 0, 0, 0, 0, 0]"
2098,<SOS>larue<EOS>      ,boy,"['l', 'a', 'r', 'u', 'e']",5,1.0,"[1, 14, 3, 20, 23, 7, 2, 0, 0, 0, 0, 0, 0]"
3209,<SOS>miguelangel<EOS>,boy,"['m', 'i', 'g', 'u', 'e', 'l', 'a', 'n', 'g', 'e', 'l']",11,1.0,"[1, 15, 11, 9, 23, 7, 14, 3, 16, 9, 7, 14, 2]"
4982,<SOS>billye<EOS>     ,girl,"['b', 'i', 'l', 'l', 'y', 'e']",6,0.0,"[1, 4, 11, 14, 14, 27, 7, 2, 0, 0, 0, 0, 0]"
2654,<SOS>jermaine<EOS>   ,boy,"['j', 'e', 'r', 'm', 'a', 'i', 'n', 'e']",8,1.0,"[1, 12, 7, 20, 15, 3, 11, 16, 7, 2, 0, 0, 0]"
5871,<SOS>sunshine<EOS>   ,girl,"['s', 'u', 'n', 's', 'h', 'i', 'n', 'e']",8,0.0,"[1, 21, 23, 16, 21, 10, 11, 16, 7, 2, 0, 0, 0]"
4099,<SOS>ruthie<EOS>     ,girl,"['r', 'u', 't', 'h', 'i', 'e']",6,0.0,"[1, 20, 23, 22, 10, 11, 7, 2, 0, 0, 0, 0, 0]"
1929,<SOS>artis<EOS>      ,boy,"['a', 'r', 't', 'i', 's']",5,1.0,"[1, 3, 20, 22, 11, 21, 2, 0, 0, 0, 0, 0, 0]"
1106,<SOS>champ<EOS>      ,boy,"['c', 'h', 'a', 'm', 'p']",5,1.0,"[1, 5, 10, 3, 15, 18, 2, 0, 0, 0, 0, 0, 0]"
6556,<SOS>monserrat<EOS>  ,girl,"['m', 'o', 'n', 's', 'e', 'r', 'r', 'a', 't']",9,0.0,"[1, 15, 17, 16, 21, 7, 20, 20, 3, 22, 2, 0, 0]"
5216,<SOS>susann<EOS>     ,girl,"['s', 'u', 's', 'a', 'n', 'n']",6,0.0,"[1, 21, 23, 21, 3, 16, 16, 2, 0, 0, 0, 0, 0]"
5780,<SOS>tanisha<EOS>    ,girl,"['t', 'a', 'n', 'i', 's', 'h', 'a']",7,0.0,"[1, 22, 3, 16, 11, 21, 10, 3, 2, 0, 0, 0, 0]"
6147,<SOS>eliana<EOS>     ,girl,"['e', 'l', 'i', 'a', 'n', 'a']",6,0.0,"[1, 7, 14, 11, 3, 16, 3, 2, 0, 0, 0, 0, 0]"
1625,<SOS>hillary<EOS>    ,boy,"['h', 'i', 'l', 'l', 'a', 'r', 'y']",7,1.0,"[1, 10, 11, 14, 14, 3, 20, 27, 2, 0, 0, 0, 0]"
4207,<SOS>evangeline<EOS> ,girl,"['e', 'v', 'a', 'n', 'g', 'e', 'l', 'i', 'n', 'e']",10,0.0,"[1, 7, 24, 3, 16, 9, 7, 14, 11, 16, 7, 2, 0]"
338,<SOS>milo<EOS>       ,boy,"['m', 'i', 'l', 'o']",4,1.0,"[1, 15, 11, 14, 17, 2, 0, 0, 0, 0, 0, 0, 0]"
3258,<SOS>jaeden<EOS>     ,boy,"['j', 'a', 'e', 'd', 'e', 'n']",6,1.0,"[1, 12, 3, 7, 6, 7, 16, 2, 0, 0, 0, 0, 0]"
3520,<SOS>lura<EOS>       ,girl,"['l', 'u', 'r', 'a']",4,0.0,"[1, 14, 23, 20, 3, 2, 0, 0, 0, 0, 0, 0, 0]"
4850,<SOS>arnetta<EOS>    ,girl,"['a', 'r', 'n', 'e', 't', 't', 'a']",7,0.0,"[1, 3, 20, 16, 7, 22, 22, 3, 2, 0, 0, 0, 0]"
1757,<SOS>willaim<EOS>    ,boy,"['w', 'i', 'l', 'l', 'a', 'i', 'm']",7,1.0,"[1, 25, 11, 14, 14, 3, 11, 15, 2, 0, 0, 0, 0]"
4661,<SOS>treva<EOS>      ,girl,"['t', 'r', 'e', 'v', 'a']",5,0.0,"[1, 22, 20, 7, 24, 3, 2, 0, 0, 0, 0, 0, 0]"
2031,<SOS>benard<EOS>     ,boy,"['b', 'e', 'n', 'a', 'r', 'd']",6,1.0,"[1, 4, 7, 16, 3, 20, 6, 2, 0, 0, 0, 0, 0]"
1939,<SOS>arturo<EOS>     ,boy,"['a', 'r', 't', 'u', 'r', 'o']",6,1.0,"[1, 3, 20, 22, 23, 20, 17, 2, 0, 0, 0, 0, 0]"
2460,<SOS>barron<EOS>     ,boy,"['b', 'a', 'r', 'r', 'o', 'n']",6,1.0,"[1, 4, 3, 20, 20, 17, 16, 2, 0, 0, 0, 0, 0]"
2343,<SOS>jaime<EOS>      ,boy,"['j', 'a', 'i', 'm', 'e']",5,1.0,"[1, 12, 3, 11, 15, 7, 2, 0, 0, 0, 0, 0, 0]"
1318,<SOS>malcom<EOS>     ,boy,"['m', 'a', 'l', 'c', 'o', 'm']",6,1.0,"[1, 15, 3, 14, 5, 17, 15, 2, 0, 0, 0, 0, 0]"
3029,<SOS>davion<EOS>     ,boy,"['d', 'a', 'v', 'i', 'o', 'n']",6,1.0,"[1, 6, 3, 24, 11, 17, 16, 2, 0, 0, 0, 0, 0]"
3028,<SOS>jaleel<EOS>     ,boy,"['j', 'a', 'l', 'e', 'e', 'l']",6,1.0,"[1, 12, 3, 14, 7, 7, 14, 2, 0, 0, 0, 0, 0]"
4144,<SOS>dayse<EOS>      ,girl,"['d', 'a', 'y', 's', 'e']",5,0.0,"[1, 6, 3, 27, 21, 7, 2, 0, 0, 0, 0, 0, 0]"
86,<SOS>raymond<EOS>    ,boy,"['r', 'a', 'y', 'm', 'o', 'n', 'd']",7,1.0,"[1, 20, 3, 27, 15, 17, 16, 6, 2, 0, 0, 0, 0]"
5188,<SOS>vicky<EOS>      ,girl,"['v', 'i', 'c', 'k', 'y']",5,0.0,"[1, 24, 11, 5, 13, 27, 2, 0, 0, 0, 0, 0, 0]"
1863,<SOS>acy<EOS>        ,boy,"['a', 'c', 'y']",3,1.0,"[1, 3, 5, 27, 2, 0, 0, 0, 0, 0, 0, 0, 0]"
2307,<SOS>scotty<EOS>     ,boy,"['s', 'c', 'o', 't', 't', 'y']",6,1.0,"[1, 21, 5, 17, 22, 22, 27, 2, 0, 0, 0, 0, 0]"
4641,<SOS>noemie<EOS>     ,girl,"['n', 'o', 'e', 'm', 'i', 'e']",6,0.0,"[1, 16, 17, 7, 15, 11, 7, 2, 0, 0, 0, 0, 0]"
1457,<SOS>laurance<EOS>   ,boy,"['l', 'a', 'u', 'r', 'a', 'n', 'c', 'e']",8,1.0,"[1, 14, 3, 23, 20, 3, 16, 5, 7, 2, 0, 0, 0]"
5566,<SOS>krystal<EOS>    ,girl,"['k', 'r', 'y', 's', 't', 'a', 'l']",7,0.0,"[1, 13, 20, 27, 21, 22, 3, 14, 2, 0, 0, 0, 0]"
1232,<SOS>hansford<EOS>   ,boy,"['h', 'a', 'n', 's', 'f', 'o', 'r', 'd']",8,1.0,"[1, 10, 3, 16, 21, 8, 17, 20, 6, 2, 0, 0, 0]"
2437,<SOS>wilfredo<EOS>   ,boy,"['w', 'i', 'l', 'f', 'r', 'e', 'd', 'o']",8,1.0,"[1, 25, 11, 14, 8, 20, 7, 6, 17, 2, 0, 0, 0]"
4689,<SOS>olinda<EOS>     ,girl,"['o', 'l', 'i', 'n', 'd', 'a']",6,0.0,"[1, 17, 14, 11, 16, 6, 3, 2, 0, 0, 0, 0, 0]"
3006,<SOS>ibrahim<EOS>    ,boy,"['i', 'b', 'r', 'a', 'h', 'i', 'm']",7,1.0,"[1, 11, 4, 20, 3, 10, 11, 15, 2, 0, 0, 0, 0]"
3173,<SOS>landen<EOS>     ,boy,"['l', 'a', 'n', 'd', 'e', 'n']",6,1.0,"[1, 14, 3, 16, 6, 7, 16, 2, 0, 0, 0, 0, 0]"
4475,<SOS>rubie<EOS>      ,girl,"['r', 'u', 'b', 'i', 'e']",5,0.0,"[1, 20, 23, 4, 11, 7, 2, 0, 0, 0, 0, 0, 0]"
2501,<SOS>wayde<EOS>      ,boy,"['w', 'a', 'y', 'd', 'e']",5,1.0,"[1, 25, 3, 27, 6, 7, 2, 0, 0, 0, 0, 0, 0]"
1756,<SOS>ruel<EOS>       ,boy,"['r', 'u', 'e', 'l']",4,1.0,"[1, 20, 23, 7, 14, 2, 0, 0, 0, 0, 0, 0, 0]"
3360,<SOS>talan<EOS>      ,boy,"['t', 'a', 'l', 'a', 'n']",5,1.0,"[1, 22, 3, 14, 3, 16, 2, 0, 0, 0, 0, 0, 0]"
462,<SOS>stuart<EOS>     ,boy,"['s', 't', 'u', 'a', 'r', 't']",6,1.0,"[1, 21, 22, 23, 3, 20, 22, 2, 0, 0, 0, 0, 0]"
5624,<SOS>linette<EOS>    ,girl,"['l', 'i', 'n', 'e', 't', 't', 'e']",7,0.0,"[1, 14, 11, 16, 7, 22, 22, 7, 2, 0, 0, 0, 0]"
1992,<SOS>waino<EOS>      ,boy,"['w', 'a', 'i', 'n', 'o']",5,1.0,"[1, 25, 3, 11, 16, 17, 2, 0, 0, 0, 0, 0, 0]"
358,<SOS>jordan<EOS>     ,boy,"['j', 'o', 'r', 'd', 'a', 'n']",6,1.0,"[1, 12, 17, 20, 6, 3, 16, 2, 0, 0, 0, 0, 0]"
4491,<SOS>savilla<EOS>    ,girl,"['s', 'a', 'v', 'i', 'l', 'l', 'a']",7,0.0,"[1, 21, 3, 24, 11, 14, 14, 3, 2, 0, 0, 0, 0]"
642,<SOS>avery<EOS>      ,boy,"['a', 'v', 'e', 'r', 'y']",5,1.0,"[1, 3, 24, 7, 20, 27, 2, 0, 0, 0, 0, 0, 0]"
1585,<SOS>arvin<EOS>      ,boy,"['a', 'r', 'v', 'i', 'n']",5,1.0,"[1, 3, 20, 24, 11, 16, 2, 0, 0, 0, 0, 0, 0]"
2372,<SOS>mikel<EOS>      ,boy,"['m', 'i', 'k', 'e', 'l']",5,1.0,"[1, 15, 11, 13, 7, 14, 2, 0, 0, 0, 0, 0, 0]"
3671,<SOS>mertie<EOS>     ,girl,"['m', 'e', 'r', 't', 'i', 'e']",6,0.0,"[1, 15, 7, 20, 22, 11, 7, 2, 0, 0, 0, 0, 0]"
1050,<SOS>erving<EOS>     ,boy,"['e', 'r', 'v', 'i', 'n', 'g']",6,1.0,"[1, 7, 20, 24, 11, 16, 9, 2, 0, 0, 0, 0, 0]"
5993,<SOS>leia<EOS>       ,girl,"['l', 'e', 'i', 'a']",4,0.0,"[1, 14, 7, 11, 3, 2, 0, 0, 0, 0, 0, 0, 0]"
5286,<SOS>danna<EOS>      ,girl,"['d', 'a', 'n', 'n', 'a']",5,0.0,"[1, 6, 3, 16, 16, 3, 2, 0, 0, 0, 0, 0, 0]"
5491,<SOS>leisa<EOS>      ,girl,"['l', 'e', 'i', 's', 'a']",5,0.0,"[1, 14, 7, 11, 21, 3, 2, 0, 0, 0, 0, 0, 0]"
2497,<SOS>devin<EOS>      ,boy,"['d', 'e', 'v', 'i', 'n']",5,1.0,"[1, 6, 7, 24, 11, 16, 2, 0, 0, 0, 0, 0, 0]"
3971,<SOS>edyth<EOS>      ,girl,"['e', 'd', 'y', 't', 'h']",5,0.0,"[1, 7, 6, 27, 22, 10, 2, 0, 0, 0, 0, 0, 0]"
2766,<SOS>corry<EOS>      ,boy,"['c', 'o', 'r', 'r', 'y']",5,1.0,"[1, 5, 17, 20, 20, 27, 2, 0, 0, 0, 0, 0, 0]"
2596,<SOS>tyson<EOS>      ,boy,"['t', 'y', 's', 'o', 'n']",5,1.0,"[1, 22, 27, 21, 17, 16, 2, 0, 0, 0, 0, 0, 0]"
3972,<SOS>eleanora<EOS>   ,girl,"['e', 'l', 'e', 'a', 'n', 'o', 'r', 'a']",8,0.0,"[1, 7, 14, 7, 3, 16, 17, 20, 3, 2, 0, 0, 0]"
4385,<SOS>cilla<EOS>      ,girl,"['c', 'i', 'l', 'l', 'a']",5,0.0,"[1, 5, 11, 14, 14, 3, 2, 0, 0, 0, 0, 0, 0]"
5978,<SOS>meaghan<EOS>    ,girl,"['m', 'e', 'a', 'g', 'h', 'a', 'n']",7,0.0,"[1, 15, 7, 3, 9, 10, 3, 16, 2, 0, 0, 0, 0]"
42,<SOS>lee<EOS>        ,boy,"['l', 'e', 'e']",3,1.0,"[1, 14, 7, 7, 2, 0, 0, 0, 0, 0, 0, 0, 0]"
5068,<SOS>marylin<EOS>    ,girl,"['m', 'a', 'r', 'y', 'l', 'i', 'n']",7,0.0,"[1, 15, 3, 20, 27, 14, 11, 16, 2, 0, 0, 0, 0]"
6668,<SOS>livia<EOS>      ,girl,"['l', 'i', 'v', 'i', 'a']",5,0.0,"[1, 14, 11, 24, 11, 3, 2, 0, 0, 0, 0, 0, 0]"
4840,<SOS>deloris<EOS>    ,girl,"['d', 'e', 'l', 'o', 'r', 'i', 's']",7,0.0,"[1, 6, 7, 14, 17, 20, 11, 21, 2, 0, 0, 0, 0]"
5618,<SOS>tessa<EOS>      ,girl,"['t', 'e', 's', 's', 'a']",5,0.0,"[1, 22, 7, 21, 21, 3, 2, 0, 0, 0, 0, 0, 0]"
5130,<SOS>sharron<EOS>    ,girl,"['s', 'h', 'a', 'r', 'r', 'o', 'n']",7,0.0,"[1, 21, 10, 3, 20, 20, 17, 16, 2, 0, 0, 0, 0]"
3024,<SOS>dylon<EOS>      ,boy,"['d', 'y', 'l', 'o', 'n']",5,1.0,"[1, 6, 27, 14, 17, 16, 2, 0, 0, 0, 0, 0, 0]"
3976,<SOS>euphemia<EOS>   ,girl,"['e', 'u', 'p', 'h', 'e', 'm', 'i', 'a']",8,0.0,"[1, 7, 23, 18, 10, 7, 15, 11, 3, 2, 0, 0, 0]"
5507,<SOS>tamela<EOS>     ,girl,"['t', 'a', 'm', 'e', 'l', 'a']",6,0.0,"[1, 22, 3, 15, 7, 14, 3, 2, 0, 0, 0, 0, 0]"
3538,<SOS>elnora<EOS>     ,girl,"['e', 'l', 'n', 'o', 'r', 'a']",6,0.0,"[1, 7, 14, 16, 17, 20, 3, 2, 0, 0, 0, 0, 0]"
2151,<SOS>metro<EOS>      ,boy,"['m', 'e', 't', 'r', 'o']",5,1.0,"[1, 15, 7, 22, 20, 17, 2, 0, 0, 0, 0, 0, 0]"
6746,<SOS>zaniyah<EOS>    ,girl,"['z', 'a', 'n', 'i', 'y', 'a', 'h']",7,0.0,"[1, 28, 3, 16, 11, 27, 3, 10, 2, 0, 0, 0, 0]"
360,<SOS>wayne<EOS>      ,boy,"['w', 'a', 'y', 'n', 'e']",5,1.0,"[1, 25, 3, 27, 16, 7, 2, 0, 0, 0, 0, 0, 0]"
3983,<SOS>hermine<EOS>    ,girl,"['h', 'e', 'r', 'm', 'i', 'n', 'e']",7,0.0,"[1, 10, 7, 20, 15, 11, 16, 7, 2, 0, 0, 0, 0]"
1212,<SOS>roman<EOS>      ,boy,"['r', 'o', 'm', 'a', 'n']",5,1.0,"[1, 20, 17, 15, 3, 16, 2, 0, 0, 0, 0, 0, 0]"
5355,<SOS>cathey<EOS>     ,girl,"['c', 'a', 't', 'h', 'e', 'y']",6,0.0,"[1, 5, 3, 22, 10, 7, 27, 2, 0, 0, 0, 0, 0]"
2764,<SOS>rasheed<EOS>    ,boy,"['r', 'a', 's', 'h', 'e', 'e', 'd']",7,1.0,"[1, 20, 3, 21, 10, 7, 7, 6, 2, 0, 0, 0, 0]"
5722,<SOS>stephenie<EOS>  ,girl,"['s', 't', 'e', 'p', 'h', 'e', 'n', 'i', 'e']",9,0.0,"[1, 21, 22, 7, 18, 10, 7, 16, 11, 7, 2, 0, 0]"
4861,<SOS>madonna<EOS>    ,girl,"['m', 'a', 'd', 'o', 'n', 'n', 'a']",7,0.0,"[1, 15, 3, 6, 17, 16, 16, 3, 2, 0, 0, 0, 0]"
733,<SOS>romeo<EOS>      ,boy,"['r', 'o', 'm', 'e', 'o']",5,1.0,"[1, 20, 17, 15, 7, 17, 2, 0, 0, 0, 0, 0, 0]"
2558,<SOS>jaimie<EOS>     ,boy,"['j', 'a', 'i', 'm', 'i', 'e']",6,1.0,"[1, 12, 3, 11, 15, 11, 7, 2, 0, 0, 0, 0, 0]"
1018,<SOS>roe<EOS>        ,boy,"['r', 'o', 'e']",3,1.0,"[1, 20, 17, 7, 2, 0, 0, 0, 0, 0, 0, 0, 0]"
3838,<SOS>margarette<EOS> ,girl,"['m', 'a', 'r', 'g', 'a', 'r', 'e', 't', 't', 'e']",10,0.0,"[1, 15, 3, 20, 9, 3, 20, 7, 22, 22, 7, 2, 0]"
3179,<SOS>kenan<EOS>      ,boy,"['k', 'e', 'n', 'a', 'n']",5,1.0,"[1, 13, 7, 16, 3, 16, 2, 0, 0, 0, 0, 0, 0]"
2949,<SOS>holden<EOS>     ,boy,"['h', 'o', 'l', 'd', 'e', 'n']",6,1.0,"[1, 10, 17, 14, 6, 7, 16, 2, 0, 0, 0, 0, 0]"
4083,<SOS>mignon<EOS>     ,girl,"['m', 'i', 'g', 'n', 'o', 'n']",6,0.0,"[1, 15, 11, 9, 16, 17, 16, 2, 0, 0, 0, 0, 0]"
6741,<SOS>mylie<EOS>      ,girl,"['m', 'y', 'l', 'i', 'e']",5,0.0,"[1, 15, 27, 14, 11, 7, 2, 0, 0, 0, 0, 0, 0]"
5556,<SOS>leisha<EOS>     ,girl,"['l', 'e', 'i', 's', 'h', 'a']",6,0.0,"[1, 14, 7, 11, 21, 10, 3, 2, 0, 0, 0, 0, 0]"
2091,<SOS>attilio<EOS>    ,boy,"['a', 't', 't', 'i', 'l', 'i', 'o']",7,1.0,"[1, 3, 22, 22, 11, 14, 11, 17, 2, 0, 0, 0, 0]"
3413,<SOS>ronin<EOS>      ,boy,"['r', 'o', 'n', 'i', 'n']",5,1.0,"[1, 20, 17, 16, 11, 16, 2, 0, 0, 0, 0, 0, 0]"
4987,<SOS>eris<EOS>       ,girl,"['e', 'r', 'i', 's']",4,0.0,"[1, 7, 20, 11, 21, 2, 0, 0, 0, 0, 0, 0, 0]"
1556,<SOS>myles<EOS>      ,boy,"['m', 'y', 'l', 'e', 's']",5,1.0,"[1, 15, 27, 14, 7, 21, 2, 0, 0, 0, 0, 0, 0]"
3502,<SOS>adelaide<EOS>   ,girl,"['a', 'd', 'e', 'l', 'a', 'i', 'd', 'e']",8,0.0,"[1, 3, 6, 7, 14, 3, 11, 6, 7, 2, 0, 0, 0]"
524,<SOS>willam<EOS>     ,boy,"['w', 'i', 'l', 'l', 'a', 'm']",6,1.0,"[1, 25, 11, 14, 14, 3, 15, 2, 0, 0, 0, 0, 0]"
101,<SOS>dave<EOS>       ,boy,"['d', 'a', 'v', 'e']",4,1.0,"[1, 6, 3, 24, 7, 2, 0, 0, 0, 0, 0, 0, 0]"
2206,<SOS>verlyn<EOS>     ,boy,"['v', 'e', 'r', 'l', 'y', 'n']",6,1.0,"[1, 24, 7, 20, 14, 27, 16, 2, 0, 0, 0, 0, 0]"
5825,<SOS>cherilyn<EOS>   ,girl,"['c', 'h', 'e', 'r', 'i', 'l', 'y', 'n']",8,0.0,"[1, 5, 10, 7, 20, 11, 14, 27, 16, 2, 0, 0, 0]"
6159,<SOS>katelynn<EOS>   ,girl,"['k', 'a', 't', 'e', 'l', 'y', 'n', 'n']",8,0.0,"[1, 13, 3, 22, 7, 14, 27, 16, 16, 2, 0, 0, 0]"
6659,<SOS>diya<EOS>       ,girl,"['d', 'i', 'y', 'a']",4,0.0,"[1, 6, 11, 27, 3, 2, 0, 0, 0, 0, 0, 0, 0]"
6072,<SOS>hailey<EOS>     ,girl,"['h', 'a', 'i', 'l', 'e', 'y']",6,0.0,"[1, 10, 3, 11, 14, 7, 27, 2, 0, 0, 0, 0, 0]"
1797,<SOS>einar<EOS>      ,boy,"['e', 'i', 'n', 'a', 'r']",5,1.0,"[1, 7, 11, 16, 3, 20, 2, 0, 0, 0, 0, 0, 0]"
3516,<SOS>cordelia<EOS>   ,girl,"['c', 'o', 'r', 'd', 'e', 'l', 'i', 'a']",8,0.0,"[1, 5, 17, 20, 6, 7, 14, 11, 3, 2, 0, 0, 0]"
2215,<SOS>joan<EOS>       ,boy,"['j', 'o', 'a', 'n']",4,1.0,"[1, 12, 17, 3, 16, 2, 0, 0, 0, 0, 0, 0, 0]"
6565,<SOS>amiya<EOS>      ,girl,"['a', 'm', 'i', 'y', 'a']",5,0.0,"[1, 3, 15, 11, 27, 3, 2, 0, 0, 0, 0, 0, 0]"
6089,<SOS>ciji<EOS>       ,girl,"['c', 'i', 'j', 'i']",4,0.0,"[1, 5, 11, 12, 11, 2, 0, 0, 0, 0, 0, 0, 0]"
2368,<SOS>hank<EOS>       ,boy,"['h', 'a', 'n', 'k']",4,1.0,"[1, 10, 3, 16, 13, 2, 0, 0, 0, 0, 0, 0, 0]"
630,<SOS>sumner<EOS>     ,boy,"['s', 'u', 'm', 'n', 'e', 'r']",6,1.0,"[1, 21, 23, 15, 16, 7, 20, 2, 0, 0, 0, 0, 0]"
4564,<SOS>mossie<EOS>     ,girl,"['m', 'o', 's', 's', 'i', 'e']",6,0.0,"[1, 15, 17, 21, 21, 11, 7, 2, 0, 0, 0, 0, 0]"
36,<SOS>roy<EOS>        ,boy,"['r', 'o', 'y']",3,1.0,"[1, 20, 17, 27, 2, 0, 0, 0, 0, 0, 0, 0, 0]"
4567,<SOS>ima<EOS>        ,girl,"['i', 'm', 'a']",3,0.0,"[1, 11, 15, 3, 2, 0, 0, 0, 0, 0, 0, 0, 0]"
1849,<SOS>carmen<EOS>     ,boy,"['c', 'a', 'r', 'm', 'e', 'n']",6,1.0,"[1, 5, 3, 20, 15, 7, 16, 2, 0, 0, 0, 0, 0]"
2112,<SOS>winton<EOS>     ,boy,"['w', 'i', 'n', 't', 'o', 'n']",6,1.0,"[1, 25, 11, 16, 22, 17, 16, 2, 0, 0, 0, 0, 0]"
1469,<SOS>laverne<EOS>    ,boy,"['l', 'a', 'v', 'e', 'r', 'n', 'e']",7,1.0,"[1, 14, 3, 24, 7, 20, 16, 7, 2, 0, 0, 0, 0]"
3647,<SOS>pearle<EOS>     ,girl,"['p', 'e', 'a', 'r', 'l', 'e']",6,0.0,"[1, 18, 7, 3, 20, 14, 7, 2, 0, 0, 0, 0, 0]"
3419,<SOS>kymani<EOS>     ,boy,"['k', 'y', 'm', 'a', 'n', 'i']",6,1.0,"[1, 13, 27, 15, 3, 16, 11, 2, 0, 0, 0, 0, 0]"
6260,<SOS>ryann<EOS>      ,girl,"['r', 'y', 'a', 'n', 'n']",5,0.0,"[1, 20, 27, 3, 16, 16, 2, 0, 0, 0, 0, 0, 0]"
113,<SOS>leon<EOS>       ,boy,"['l', 'e', 'o', 'n']",4,1.0,"[1, 14, 7, 17, 16, 2, 0, 0, 0, 0, 0, 0, 0]"
4510,<SOS>theodocia<EOS>  ,girl,"['t', 'h', 'e', 'o', 'd', 'o', 'c', 'i', 'a']",9,0.0,"[1, 22, 10, 7, 17, 6, 17, 5, 11, 3, 2, 0, 0]"
2879,<SOS>hung<EOS>       ,boy,"['h', 'u', 'n', 'g']",4,1.0,"[1, 10, 23, 16, 9, 2, 0, 0, 0, 0, 0, 0, 0]"
2419,<SOS>kurtis<EOS>     ,boy,"['k', 'u', 'r', 't', 'i', 's']",6,1.0,"[1, 13, 23, 20, 22, 11, 21, 2, 0, 0, 0, 0, 0]"
645,<SOS>doc<EOS>        ,boy,"['d', 'o', 'c']",3,1.0,"[1, 6, 17, 5, 2, 0, 0, 0, 0, 0, 0, 0, 0]"
3149,<SOS>braydon<EOS>    ,boy,"['b', 'r', 'a', 'y', 'd', 'o', 'n']",7,1.0,"[1, 4, 20, 3, 27, 6, 17, 16, 2, 0, 0, 0, 0]"
5917,<SOS>meggan<EOS>     ,girl,"['m', 'e', 'g', 'g', 'a', 'n']",6,0.0,"[1, 15, 7, 9, 9, 3, 16, 2, 0, 0, 0, 0, 0]"
1087,<SOS>orla<EOS>       ,boy,"['o', 'r', 'l', 'a']",4,1.0,"[1, 17, 20, 14, 3, 2, 0, 0, 0, 0, 0, 0, 0]"
5562,<SOS>evette<EOS>     ,girl,"['e', 'v', 'e', 't', 't', 'e']",6,0.0,"[1, 7, 24, 7, 22, 22, 7, 2, 0, 0, 0, 0, 0]"
946,<SOS>edith<EOS>      ,boy,"['e', 'd', 'i', 't', 'h']",5,1.0,"[1, 7, 6, 11, 22, 10, 2, 0, 0, 0, 0, 0, 0]"
6473,<SOS>taya<EOS>       ,girl,"['t', 'a', 'y', 'a']",4,0.0,"[1, 22, 3, 27, 3, 2, 0, 0, 0, 0, 0, 0, 0]"
5146,<SOS>deanna<EOS>     ,girl,"['d', 'e', 'a', 'n', 'n', 'a']",6,0.0,"[1, 6, 7, 3, 16, 16, 3, 2, 0, 0, 0, 0, 0]"
3505,<SOS>sue<EOS>        ,girl,"['s', 'u', 'e']",3,0.0,"[1, 21, 23, 7, 2, 0, 0, 0, 0, 0, 0, 0, 0]"
6171,<SOS>leandra<EOS>    ,girl,"['l', 'e', 'a', 'n', 'd', 'r', 'a']",7,0.0,"[1, 14, 7, 3, 16, 6, 20, 3, 2, 0, 0, 0, 0]"
5625,<SOS>christal<EOS>   ,girl,"['c', 'h', 'r', 'i', 's', 't', 'a', 'l']",8,0.0,"[1, 5, 10, 20, 11, 21, 22, 3, 14, 2, 0, 0, 0]"
2778,<SOS>jermey<EOS>     ,boy,"['j', 'e', 'r', 'm', 'e', 'y']",6,1.0,"[1, 12, 7, 20, 15, 7, 27, 2, 0, 0, 0, 0, 0]"
2334,<SOS>mcarthur<EOS>   ,boy,"['m', 'c', 'a', 'r', 't', 'h', 'u', 'r']",8,1.0,"[1, 15, 5, 3, 20, 22, 10, 23, 20, 2, 0, 0, 0]"
315,<SOS>omer<EOS>       ,boy,"['o', 'm', 'e', 'r']",4,1.0,"[1, 17, 15, 7, 20, 2, 0, 0, 0, 0, 0, 0, 0]"
3079,<SOS>kelton<EOS>     ,boy,"['k', 'e', 'l', 't', 'o', 'n']",6,1.0,"[1, 13, 7, 14, 22, 17, 16, 2, 0, 0, 0, 0, 0]"
5223,<SOS>ruthanne<EOS>   ,girl,"['r', 'u', 't', 'h', 'a', 'n', 'n', 'e']",8,0.0,"[1, 20, 23, 22, 10, 3, 16, 16, 7, 2, 0, 0, 0]"
2321,<SOS>rick<EOS>       ,boy,"['r', 'i', 'c', 'k']",4,1.0,"[1, 20, 11, 5, 13, 2, 0, 0, 0, 0, 0, 0, 0]"
2789,<SOS>brody<EOS>      ,boy,"['b', 'r', 'o', 'd', 'y']",5,1.0,"[1, 4, 20, 17, 6, 27, 2, 0, 0, 0, 0, 0, 0]"
2835,<SOS>jeb<EOS>        ,boy,"['j', 'e', 'b']",3,1.0,"[1, 12, 7, 4, 2, 0, 0, 0, 0, 0, 0, 0, 0]"
2696,<SOS>jamel<EOS>      ,boy,"['j', 'a', 'm', 'e', 'l']",5,1.0,"[1, 12, 3, 15, 7, 14, 2, 0, 0, 0, 0, 0, 0]"
729,<SOS>quincy<EOS>     ,boy,"['q', 'u', 'i', 'n', 'c', 'y']",6,1.0,"[1, 19, 23, 11, 16, 5, 27, 2, 0, 0, 0, 0, 0]"
190,<SOS>stanley<EOS>    ,boy,"['s', 't', 'a', 'n', 'l', 'e', 'y']",7,1.0,"[1, 21, 22, 3, 16, 14, 7, 27, 2, 0, 0, 0, 0]"
5661,<SOS>tasha<EOS>      ,girl,"['t', 'a', 's', 'h', 'a']",5,0.0,"[1, 22, 3, 21, 10, 3, 2, 0, 0, 0, 0, 0, 0]"
701,<SOS>felipe<EOS>     ,boy,"['f', 'e', 'l', 'i', 'p', 'e']",6,1.0,"[1, 8, 7, 14, 11, 18, 7, 2, 0, 0, 0, 0, 0]"
6688,<SOS>brylee<EOS>     ,girl,"['b', 'r', 'y', 'l', 'e', 'e']",6,0.0,"[1, 4, 20, 27, 14, 7, 7, 2, 0, 0, 0, 0, 0]"
5122,<SOS>nancie<EOS>     ,girl,"['n', 'a', 'n', 'c', 'i', 'e']",6,0.0,"[1, 16, 3, 16, 5, 11, 7, 2, 0, 0, 0, 0, 0]"
1012,<SOS>jule<EOS>       ,boy,"['j', 'u', 'l', 'e']",4,1.0,"[1, 12, 23, 14, 7, 2, 0, 0, 0, 0, 0, 0, 0]"
2905,<SOS>travon<EOS>     ,boy,"['t', 'r', 'a', 'v', 'o', 'n']",6,1.0,"[1, 22, 20, 3, 24, 17, 16, 2, 0, 0, 0, 0, 0]"
4233,<SOS>corinna<EOS>    ,girl,"['c', 'o', 'r', 'i', 'n', 'n', 'a']",7,0.0,"[1, 5, 17, 20, 11, 16, 16, 3, 2, 0, 0, 0, 0]"
3424,<SOS>zaiden<EOS>     ,boy,"['z', 'a', 'i', 'd', 'e', 'n']",6,1.0,"[1, 28, 3, 11, 6, 7, 16, 2, 0, 0, 0, 0, 0]"
4787,<SOS>rafaela<EOS>    ,girl,"['r', 'a', 'f', 'a', 'e', 'l', 'a']",7,0.0,"[1, 20, 3, 8, 3, 7, 14, 3, 2, 0, 0, 0, 0]"
1098,<SOS>arden<EOS>      ,boy,"['a', 'r', 'd', 'e', 'n']",5,1.0,"[1, 3, 20, 6, 7, 16, 2, 0, 0, 0, 0, 0, 0]"
1907,<SOS>collis<EOS>     ,boy,"['c', 'o', 'l', 'l', 'i', 's']",6,1.0,"[1, 5, 17, 14, 14, 11, 21, 2, 0, 0, 0, 0, 0]"
640,<SOS>alden<EOS>      ,boy,"['a', 'l', 'd', 'e', 'n']",5,1.0,"[1, 3, 14, 6, 7, 16, 2, 0, 0, 0, 0, 0, 0]"
6319,<SOS>miesha<EOS>     ,girl,"['m', 'i', 'e', 's', 'h', 'a']",6,0.0,"[1, 15, 11, 7, 21, 10, 3, 2, 0, 0, 0, 0, 0]"
533,<SOS>beverly<EOS>    ,boy,"['b', 'e', 'v', 'e', 'r', 'l', 'y']",7,1.0,"[1, 4, 7, 24, 7, 20, 14, 27, 2, 0, 0, 0, 0]"
565,<SOS>watson<EOS>     ,boy,"['w', 'a', 't', 's', 'o', 'n']",6,1.0,"[1, 25, 3, 22, 21, 17, 16, 2, 0, 0, 0, 0, 0]"
4447,<SOS>alene<EOS>      ,girl,"['a', 'l', 'e', 'n', 'e']",5,0.0,"[1, 3, 14, 7, 16, 7, 2, 0, 0, 0, 0, 0, 0]"
5587,<SOS>stefanie<EOS>   ,girl,"['s', 't', 'e', 'f', 'a', 'n', 'i', 'e']",8,0.0,"[1, 21, 22, 7, 8, 3, 16, 11, 7, 2, 0, 0, 0]"
6624,<SOS>shreya<EOS>     ,girl,"['s', 'h', 'r', 'e', 'y', 'a']",6,0.0,"[1, 21, 10, 20, 7, 27, 3, 2, 0, 0, 0, 0, 0]"
384,<SOS>isiah<EOS>      ,boy,"['i', 's', 'i', 'a', 'h']",5,1.0,"[1, 11, 21, 11, 3, 10, 2, 0, 0, 0, 0, 0, 0]"
1017,<SOS>reece<EOS>      ,boy,"['r', 'e', 'e', 'c', 'e']",5,1.0,"[1, 20, 7, 7, 5, 7, 2, 0, 0, 0, 0, 0, 0]"
769,<SOS>emmitt<EOS>     ,boy,"['e', 'm', 'm', 'i', 't', 't']",6,1.0,"[1, 7, 15, 15, 11, 22, 22, 2, 0, 0, 0, 0, 0]"
2642,<SOS>torrey<EOS>     ,boy,"['t', 'o', 'r', 'r', 'e', 'y']",6,1.0,"[1, 22, 17, 20, 20, 7, 27, 2, 0, 0, 0, 0, 0]"
2770,<SOS>sharif<EOS>     ,boy,"['s', 'h', 'a', 'r', 'i', 'f']",6,1.0,"[1, 21, 10, 3, 20, 11, 8, 2, 0, 0, 0, 0, 0]"
400,<SOS>wilmer<EOS>     ,boy,"['w', 'i', 'l', 'm', 'e', 'r']",6,1.0,"[1, 25, 11, 14, 15, 7, 20, 2, 0, 0, 0, 0, 0]"
3672,<SOS>molly<EOS>      ,girl,"['m', 'o', 'l', 'l', 'y']",5,0.0,"[1, 15, 17, 14, 14, 27, 2, 0, 0, 0, 0, 0, 0]"
976,<SOS>holly<EOS>      ,boy,"['h', 'o', 'l', 'l', 'y']",5,1.0,"[1, 10, 17, 14, 14, 27, 2, 0, 0, 0, 0, 0, 0]"
526,<SOS>aloysius<EOS>   ,boy,"['a', 'l', 'o', 'y', 's', 'i', 'u', 's']",8,1.0,"[1, 3, 14, 17, 27, 21, 11, 23, 21, 2, 0, 0, 0]"
3644,<SOS>chloe<EOS>      ,girl,"['c', 'h', 'l', 'o', 'e']",5,0.0,"[1, 5, 10, 14, 17, 7, 2, 0, 0, 0, 0, 0, 0]"
3356,<SOS>jayvon<EOS>     ,boy,"['j', 'a', 'y', 'v', 'o', 'n']",6,1.0,"[1, 12, 3, 27, 24, 17, 16, 2, 0, 0, 0, 0, 0]"
1547,<SOS>amil<EOS>       ,boy,"['a', 'm', 'i', 'l']",4,1.0,"[1, 3, 15, 11, 14, 2, 0, 0, 0, 0, 0, 0, 0]"
2155,<SOS>eloy<EOS>       ,boy,"['e', 'l', 'o', 'y']",4,1.0,"[1, 7, 14, 17, 27, 2, 0, 0, 0, 0, 0, 0, 0]"
6344,<SOS>kadijah<EOS>    ,girl,"['k', 'a', 'd', 'i', 'j', 'a', 'h']",7,0.0,"[1, 13, 3, 6, 11, 12, 3, 10, 2, 0, 0, 0, 0]"
6754,<SOS>caylee<EOS>     ,girl,"['c', 'a', 'y', 'l', 'e', 'e']",6,0.0,"[1, 5, 3, 27, 14, 7, 7, 2, 0, 0, 0, 0, 0]"
2745,<SOS>telly<EOS>      ,boy,"['t', 'e', 'l', 'l', 'y']",5,1.0,"[1, 22, 7, 14, 14, 27, 2, 0, 0, 0, 0, 0, 0]"
2644,<SOS>shanon<EOS>     ,boy,"['s', 'h', 'a', 'n', 'o', 'n']",6,1.0,"[1, 21, 10, 3, 16, 17, 16, 2, 0, 0, 0, 0, 0]"
3230,<SOS>gaven<EOS>      ,boy,"['g', 'a', 'v', 'e', 'n']",5,1.0,"[1, 9, 3, 24, 7, 16, 2, 0, 0, 0, 0, 0, 0]"
472,<SOS>hector<EOS>     ,boy,"['h', 'e', 'c', 't', 'o', 'r']",6,1.0,"[1, 10, 7, 5, 22, 17, 20, 2, 0, 0, 0, 0, 0]"
424,<SOS>adolphus<EOS>   ,boy,"['a', 'd', 'o', 'l', 'p', 'h', 'u', 's']",8,1.0,"[1, 3, 6, 17, 14, 18, 10, 23, 21, 2, 0, 0, 0]"
1603,<SOS>lena<EOS>       ,boy,"['l', 'e', 'n', 'a']",4,1.0,"[1, 14, 7, 16, 3, 2, 0, 0, 0, 0, 0, 0, 0]"
5756,<SOS>marisela<EOS>   ,girl,"['m', 'a', 'r', 'i', 's', 'e', 'l', 'a']",8,0.0,"[1, 15, 3, 20, 11, 21, 7, 14, 3, 2, 0, 0, 0]"
853,<SOS>ferd<EOS>       ,boy,"['f', 'e', 'r', 'd']",4,1.0,"[1, 8, 7, 20, 6, 2, 0, 0, 0, 0, 0, 0, 0]"
3570,<SOS>norma<EOS>      ,girl,"['n', 'o', 'r', 'm', 'a']",5,0.0,"[1, 16, 17, 20, 15, 3, 2, 0, 0, 0, 0, 0, 0]"
973,<SOS>hays<EOS>       ,boy,"['h', 'a', 'y', 's']",4,1.0,"[1, 10, 3, 27, 21, 2, 0, 0, 0, 0, 0, 0, 0]"
4245,<SOS>lavada<EOS>     ,girl,"['l', 'a', 'v', 'a', 'd', 'a']",6,0.0,"[1, 14, 3, 24, 3, 6, 3, 2, 0, 0, 0, 0, 0]"
4289,<SOS>chestina<EOS>   ,girl,"['c', 'h', 'e', 's', 't', 'i', 'n', 'a']",8,0.0,"[1, 5, 10, 7, 21, 22, 11, 16, 3, 2, 0, 0, 0]"
3349,<SOS>teagan<EOS>     ,boy,"['t', 'e', 'a', 'g', 'a', 'n']",6,1.0,"[1, 22, 7, 3, 9, 3, 16, 2, 0, 0, 0, 0, 0]"
730,<SOS>randall<EOS>    ,boy,"['r', 'a', 'n', 'd', 'a', 'l', 'l']",7,1.0,"[1, 20, 3, 16, 6, 3, 14, 14, 2, 0, 0, 0, 0]"
678,<SOS>stonewall<EOS>  ,boy,"['s', 't', 'o', 'n', 'e', 'w', 'a', 'l', 'l']",9,1.0,"[1, 21, 22, 17, 16, 7, 25, 3, 14, 14, 2, 0, 0]"
1541,<SOS>vince<EOS>      ,boy,"['v', 'i', 'n', 'c', 'e']",5,1.0,"[1, 24, 11, 16, 5, 7, 2, 0, 0, 0, 0, 0, 0]"
1971,<SOS>heyward<EOS>    ,boy,"['h', 'e', 'y', 'w', 'a', 'r', 'd']",7,1.0,"[1, 10, 7, 27, 25, 3, 20, 6, 2, 0, 0, 0, 0]"
1890,<SOS>ewart<EOS>      ,boy,"['e', 'w', 'a', 'r', 't']",5,1.0,"[1, 7, 25, 3, 20, 22, 2, 0, 0, 0, 0, 0, 0]"
1945,<SOS>lola<EOS>       ,boy,"['l', 'o', 'l', 'a']",4,1.0,"[1, 14, 17, 14, 3, 2, 0, 0, 0, 0, 0, 0, 0]"
4071,<SOS>lollie<EOS>     ,girl,"['l', 'o', 'l', 'l', 'i', 'e']",6,0.0,"[1, 14, 17, 14, 14, 11, 7, 2, 0, 0, 0, 0, 0]"
5252,<SOS>kaaren<EOS>     ,girl,"['k', 'a', 'a', 'r', 'e', 'n']",6,0.0,"[1, 13, 3, 3, 20, 7, 16, 2, 0, 0, 0, 0, 0]"
4930,<SOS>erlene<EOS>     ,girl,"['e', 'r', 'l', 'e', 'n', 'e']",6,0.0,"[1, 7, 20, 14, 7, 16, 7, 2, 0, 0, 0, 0, 0]"
2094,<SOS>burnell<EOS>    ,boy,"['b', 'u', 'r', 'n', 'e', 'l', 'l']",7,1.0,"[1, 4, 23, 20, 16, 7, 14, 14, 2, 0, 0, 0, 0]"
5681,<SOS>cami<EOS>       ,girl,"['c', 'a', 'm', 'i']",4,0.0,"[1, 5, 3, 15, 11, 2, 0, 0, 0, 0, 0, 0, 0]"
1651,<SOS>werner<EOS>     ,boy,"['w', 'e', 'r', 'n', 'e', 'r']",6,1.0,"[1, 25, 7, 20, 16, 7, 20, 2, 0, 0, 0, 0, 0]"
5613,<SOS>kecia<EOS>      ,girl,"['k', 'e', 'c', 'i', 'a']",5,0.0,"[1, 13, 7, 5, 11, 3, 2, 0, 0, 0, 0, 0, 0]"
314,<SOS>ole<EOS>        ,boy,"['o', 'l', 'e']",3,1.0,"[1, 17, 14, 7, 2, 0, 0, 0, 0, 0, 0, 0, 0]"
2384,<SOS>cornel<EOS>     ,boy,"['c', 'o', 'r', 'n', 'e', 'l']",6,1.0,"[1, 5, 17, 20, 16, 7, 14, 2, 0, 0, 0, 0, 0]"
6701,<SOS>paisley<EOS>    ,girl,"['p', 'a', 'i', 's', 'l', 'e', 'y']",7,0.0,"[1, 18, 3, 11, 21, 14, 7, 27, 2, 0, 0, 0, 0]"
1186,<SOS>ace<EOS>        ,boy,"['a', 'c', 'e']",3,1.0,"[1, 3, 5, 7, 2, 0, 0, 0, 0, 0, 0, 0, 0]"
5483,<SOS>barb<EOS>       ,girl,"['b', 'a', 'r', 'b']",4,0.0,"[1, 4, 3, 20, 4, 2, 0, 0, 0, 0, 0, 0, 0]"
2773,<SOS>rebecca<EOS>    ,boy,"['r', 'e', 'b', 'e', 'c', 'c', 'a']",7,1.0,"[1, 20, 7, 4, 7, 5, 5, 3, 2, 0, 0, 0, 0]"
2242,<SOS>delano<EOS>     ,boy,"['d', 'e', 'l', 'a', 'n', 'o']",6,1.0,"[1, 6, 7, 14, 3, 16, 17, 2, 0, 0, 0, 0, 0]"
2524,<SOS>darry<EOS>      ,boy,"['d', 'a', 'r', 'r', 'y']",5,1.0,"[1, 6, 3, 20, 20, 27, 2, 0, 0, 0, 0, 0, 0]"
6507,<SOS>abril<EOS>      ,girl,"['a', 'b', 'r', 'i', 'l']",5,0.0,"[1, 3, 4, 20, 11, 14, 2, 0, 0, 0, 0, 0, 0]"
2340,<SOS>susan<EOS>      ,boy,"['s', 'u', 's', 'a', 'n']",5,1.0,"[1, 21, 23, 21, 3, 16, 2, 0, 0, 0, 0, 0, 0]"
74,<SOS>floyd<EOS>      ,boy,"['f', 'l', 'o', 'y', 'd']",5,1.0,"[1, 8, 14, 17, 27, 6, 2, 0, 0, 0, 0, 0, 0]"
191,<SOS>columbus<EOS>   ,boy,"['c', 'o', 'l', 'u', 'm', 'b', 'u', 's']",8,1.0,"[1, 5, 17, 14, 23, 15, 4, 23, 21, 2, 0, 0, 0]"
5168,<SOS>gayla<EOS>      ,girl,"['g', 'a', 'y', 'l', 'a']",5,0.0,"[1, 9, 3, 27, 14, 3, 2, 0, 0, 0, 0, 0, 0]"
1481,<SOS>virge<EOS>      ,boy,"['v', 'i', 'r', 'g', 'e']",5,1.0,"[1, 24, 11, 20, 9, 7, 2, 0, 0, 0, 0, 0, 0]"
1830,<SOS>lannie<EOS>     ,boy,"['l', 'a', 'n', 'n', 'i', 'e']",6,1.0,"[1, 14, 3, 16, 16, 11, 7, 2, 0, 0, 0, 0, 0]"
5410,<SOS>joette<EOS>     ,girl,"['j', 'o', 'e', 't', 't', 'e']",6,0.0,"[1, 12, 17, 7, 22, 22, 7, 2, 0, 0, 0, 0, 0]"
931,<SOS>brooks<EOS>     ,boy,"['b', 'r', 'o', 'o', 'k', 's']",6,1.0,"[1, 4, 20, 17, 17, 13, 21, 2, 0, 0, 0, 0, 0]"
2314,<SOS>harlon<EOS>     ,boy,"['h', 'a', 'r', 'l', 'o', 'n']",6,1.0,"[1, 10, 3, 20, 14, 17, 16, 2, 0, 0, 0, 0, 0]"
505,<SOS>carey<EOS>      ,boy,"['c', 'a', 'r', 'e', 'y']",5,1.0,"[1, 5, 3, 20, 7, 27, 2, 0, 0, 0, 0, 0, 0]"
3748,<SOS>emmie<EOS>      ,girl,"['e', 'm', 'm', 'i', 'e']",5,0.0,"[1, 7, 15, 15, 11, 7, 2, 0, 0, 0, 0, 0, 0]"
3608,<SOS>minta<EOS>      ,girl,"['m', 'i', 'n', 't', 'a']",5,0.0,"[1, 15, 11, 16, 22, 3, 2, 0, 0, 0, 0, 0, 0]"
1377,<SOS>jens<EOS>       ,boy,"['j', 'e', 'n', 's']",4,1.0,"[1, 12, 7, 16, 21, 2, 0, 0, 0, 0, 0, 0, 0]"
2416,<SOS>edwardo<EOS>    ,boy,"['e', 'd', 'w', 'a', 'r', 'd', 'o']",7,1.0,"[1, 7, 6, 25, 3, 20, 6, 17, 2, 0, 0, 0, 0]"
3557,<SOS>bridget<EOS>    ,girl,"['b', 'r', 'i', 'd', 'g', 'e', 't']",7,0.0,"[1, 4, 20, 11, 6, 9, 7, 22, 2, 0, 0, 0, 0]"
5473,<SOS>noemi<EOS>      ,girl,"['n', 'o', 'e', 'm', 'i']",5,0.0,"[1, 16, 17, 7, 15, 11, 2, 0, 0, 0, 0, 0, 0]"
6272,<SOS>dulce<EOS>      ,girl,"['d', 'u', 'l', 'c', 'e']",5,0.0,"[1, 6, 23, 14, 5, 7, 2, 0, 0, 0, 0, 0, 0]"
5588,<SOS>melonie<EOS>    ,girl,"['m', 'e', 'l', 'o', 'n', 'i', 'e']",7,0.0,"[1, 15, 7, 14, 17, 16, 11, 7, 2, 0, 0, 0, 0]"
4546,<SOS>clella<EOS>     ,girl,"['c', 'l', 'e', 'l', 'l', 'a']",6,0.0,"[1, 5, 14, 7, 14, 14, 3, 2, 0, 0, 0, 0, 0]"
5304,<SOS>patrice<EOS>    ,girl,"['p', 'a', 't', 'r', 'i', 'c', 'e']",7,0.0,"[1, 18, 3, 22, 20, 11, 5, 7, 2, 0, 0, 0, 0]"
4015,<SOS>sada<EOS>       ,girl,"['s', 'a', 'd', 'a']",4,0.0,"[1, 21, 3, 6, 3, 2, 0, 0, 0, 0, 0, 0, 0]"
6752,<SOS>hadassah<EOS>   ,girl,"['h', 'a', 'd', 'a', 's', 's', 'a', 'h']",8,0.0,"[1, 10, 3, 6, 3, 21, 21, 3, 10, 2, 0, 0, 0]"
2269,<SOS>dwane<EOS>      ,boy,"['d', 'w', 'a', 'n', 'e']",5,1.0,"[1, 6, 25, 3, 16, 7, 2, 0, 0, 0, 0, 0, 0]"
2532,<SOS>arnoldo<EOS>    ,boy,"['a', 'r', 'n', 'o', 'l', 'd', 'o']",7,1.0,"[1, 3, 20, 16, 17, 14, 6, 17, 2, 0, 0, 0, 0]"
3959,<SOS>celestia<EOS>   ,girl,"['c', 'e', 'l', 'e', 's', 't', 'i', 'a']",8,0.0,"[1, 5, 7, 14, 7, 21, 22, 11, 3, 2, 0, 0, 0]"
4477,<SOS>pluma<EOS>      ,girl,"['p', 'l', 'u', 'm', 'a']",5,0.0,"[1, 18, 14, 23, 15, 3, 2, 0, 0, 0, 0, 0, 0]"
372,<SOS>abram<EOS>      ,boy,"['a', 'b', 'r', 'a', 'm']",5,1.0,"[1, 3, 4, 20, 3, 15, 2, 0, 0, 0, 0, 0, 0]"
965,<SOS>gregorio<EOS>   ,boy,"['g', 'r', 'e', 'g', 'o', 'r', 'i', 'o']",8,1.0,"[1, 9, 20, 7, 9, 17, 20, 11, 17, 2, 0, 0, 0]"
6408,<SOS>sydni<EOS>      ,girl,"['s', 'y', 'd', 'n', 'i']",5,0.0,"[1, 21, 27, 6, 16, 11, 2, 0, 0, 0, 0, 0, 0]"
6372,<SOS>eleni<EOS>      ,girl,"['e', 'l', 'e', 'n', 'i']",5,0.0,"[1, 7, 14, 7, 16, 11, 2, 0, 0, 0, 0, 0, 0]"
2232,<SOS>allyn<EOS>      ,boy,"['a', 'l', 'l', 'y', 'n']",5,1.0,"[1, 3, 14, 14, 27, 16, 2, 0, 0, 0, 0, 0, 0]"
682,<SOS>aron<EOS>       ,boy,"['a', 'r', 'o', 'n']",4,1.0,"[1, 3, 20, 17, 16, 2, 0, 0, 0, 0, 0, 0, 0]"
1879,<SOS>clearence<EOS>  ,boy,"['c', 'l', 'e', 'a', 'r', 'e', 'n', 'c', 'e']",9,1.0,"[1, 5, 14, 7, 3, 20, 7, 16, 5, 7, 2, 0, 0]"
5487,<SOS>gaylene<EOS>    ,girl,"['g', 'a', 'y', 'l', 'e', 'n', 'e']",7,0.0,"[1, 9, 3, 27, 14, 7, 16, 7, 2, 0, 0, 0, 0]"
2026,<SOS>winthrop<EOS>   ,boy,"['w', 'i', 'n', 't', 'h', 'r', 'o', 'p']",8,1.0,"[1, 25, 11, 16, 22, 10, 20, 17, 18, 2, 0, 0, 0]"
2370,<SOS>rolando<EOS>    ,boy,"['r', 'o', 'l', 'a', 'n', 'd', 'o']",7,1.0,"[1, 20, 17, 14, 3, 16, 6, 17, 2, 0, 0, 0, 0]"
5256,<SOS>sandi<EOS>      ,girl,"['s', 'a', 'n', 'd', 'i']",5,0.0,"[1, 21, 3, 16, 6, 11, 2, 0, 0, 0, 0, 0, 0]"
435,<SOS>melville<EOS>   ,boy,"['m', 'e', 'l', 'v', 'i', 'l', 'l', 'e']",8,1.0,"[1, 15, 7, 14, 24, 11, 14, 14, 7, 2, 0, 0, 0]"
3027,<SOS>codi<EOS>       ,boy,"['c', 'o', 'd', 'i']",4,1.0,"[1, 5, 17, 6, 11, 2, 0, 0, 0, 0, 0, 0, 0]"
1970,<SOS>georgie<EOS>    ,boy,"['g', 'e', 'o', 'r', 'g', 'i', 'e']",7,1.0,"[1, 9, 7, 17, 20, 9, 11, 7, 2, 0, 0, 0, 0]"
5347,<SOS>maura<EOS>      ,girl,"['m', 'a', 'u', 'r', 'a']",5,0.0,"[1, 15, 3, 23, 20, 3, 2, 0, 0, 0, 0, 0, 0]"
2650,<SOS>demetrios<EOS>  ,boy,"['d', 'e', 'm', 'e', 't', 'r', 'i', 'o', 's']",9,1.0,"[1, 6, 7, 15, 7, 22, 20, 11, 17, 21, 2, 0, 0]"
5746,<SOS>mindi<EOS>      ,girl,"['m', 'i', 'n', 'd', 'i']",5,0.0,"[1, 15, 11, 16, 6, 11, 2, 0, 0, 0, 0, 0, 0]"
6419,<SOS>sydnie<EOS>     ,girl,"['s', 'y', 'd', 'n', 'i', 'e']",6,0.0,"[1, 21, 27, 6, 16, 11, 7, 2, 0, 0, 0, 0, 0]"
764,<SOS>duke<EOS>       ,boy,"['d', 'u', 'k', 'e']",4,1.0,"[1, 6, 23, 13, 7, 2, 0, 0, 0, 0, 0, 0, 0]"
3026,<SOS>domonique<EOS>  ,boy,"['d', 'o', 'm', 'o', 'n', 'i', 'q', 'u', 'e']",9,1.0,"[1, 6, 17, 15, 17, 16, 11, 19, 23, 7, 2, 0, 0]"
797,<SOS>sid<EOS>        ,boy,"['s', 'i', 'd']",3,1.0,"[1, 21, 11, 6, 2, 0, 0, 0, 0, 0, 0, 0, 0]"
5552,<SOS>kayla<EOS>      ,girl,"['k', 'a', 'y', 'l', 'a']",5,0.0,"[1, 13, 3, 27, 14, 3, 2, 0, 0, 0, 0, 0, 0]"
1581,<SOS>yancy<EOS>      ,boy,"['y', 'a', 'n', 'c', 'y']",5,1.0,"[1, 27, 3, 16, 5, 27, 2, 0, 0, 0, 0, 0, 0]"
4693,<SOS>elida<EOS>      ,girl,"['e', 'l', 'i', 'd', 'a']",5,0.0,"[1, 7, 14, 11, 6, 3, 2, 0, 0, 0, 0, 0, 0]"
179,<SOS>alva<EOS>       ,boy,"['a', 'l', 'v', 'a']",4,1.0,"[1, 3, 14, 24, 3, 2, 0, 0, 0, 0, 0, 0, 0]"
3046,<SOS>jalen<EOS>      ,boy,"['j', 'a', 'l', 'e', 'n']",5,1.0,"[1, 12, 3, 14, 7, 16, 2, 0, 0, 0, 0, 0, 0]"
2710,<SOS>kareem<EOS>     ,boy,"['k', 'a', 'r', 'e', 'e', 'm']",6,1.0,"[1, 13, 3, 20, 7, 7, 15, 2, 0, 0, 0, 0, 0]"
2054,<SOS>prentiss<EOS>   ,boy,"['p', 'r', 'e', 'n', 't', 'i', 's', 's']",8,1.0,"[1, 18, 20, 7, 16, 22, 11, 21, 21, 2, 0, 0, 0]"
146,<SOS>cornelius<EOS>  ,boy,"['c', 'o', 'r', 'n', 'e', 'l', 'i', 'u', 's']",9,1.0,"[1, 5, 17, 20, 16, 7, 14, 11, 23, 21, 2, 0, 0]"
6158,<SOS>cherrelle<EOS>  ,girl,"['c', 'h', 'e', 'r', 'r', 'e', 'l', 'l', 'e']",9,0.0,"[1, 5, 10, 7, 20, 20, 7, 14, 14, 7, 2, 0, 0]"
1248,<SOS>randle<EOS>     ,boy,"['r', 'a', 'n', 'd', 'l', 'e']",6,1.0,"[1, 20, 3, 16, 6, 14, 7, 2, 0, 0, 0, 0, 0]"
5297,<SOS>deirdre<EOS>    ,girl,"['d', 'e', 'i', 'r', 'd', 'r', 'e']",7,0.0,"[1, 6, 7, 11, 20, 6, 20, 7, 2, 0, 0, 0, 0]"
4098,<SOS>roseanna<EOS>   ,girl,"['r', 'o', 's', 'e', 'a', 'n', 'n', 'a']",8,0.0,"[1, 20, 17, 21, 7, 3, 16, 16, 3, 2, 0, 0, 0]"
4583,<SOS>isla<EOS>       ,girl,"['i', 's', 'l', 'a']",4,0.0,"[1, 11, 21, 14, 3, 2, 0, 0, 0, 0, 0, 0, 0]"
5194,<SOS>leanne<EOS>     ,girl,"['l', 'e', 'a', 'n', 'n', 'e']",6,0.0,"[1, 14, 7, 3, 16, 16, 7, 2, 0, 0, 0, 0, 0]"
3434,<SOS>abdiel<EOS>     ,boy,"['a', 'b', 'd', 'i', 'e', 'l']",6,1.0,"[1, 3, 4, 6, 11, 7, 14, 2, 0, 0, 0, 0, 0]"
6066,<SOS>jenilee<EOS>    ,girl,"['j', 'e', 'n', 'i', 'l', 'e', 'e']",7,0.0,"[1, 12, 7, 16, 11, 14, 7, 7, 2, 0, 0, 0, 0]"
3914,<SOS>jossie<EOS>     ,girl,"['j', 'o', 's', 's', 'i', 'e']",6,0.0,"[1, 12, 17, 21, 21, 11, 7, 2, 0, 0, 0, 0, 0]"
4794,<SOS>marcelle<EOS>   ,girl,"['m', 'a', 'r', 'c', 'e', 'l', 'l', 'e']",8,0.0,"[1, 15, 3, 20, 5, 7, 14, 14, 7, 2, 0, 0, 0]"
3690,<SOS>arminta<EOS>    ,girl,"['a', 'r', 'm', 'i', 'n', 't', 'a']",7,0.0,"[1, 3, 20, 15, 11, 16, 22, 3, 2, 0, 0, 0, 0]"
1987,<SOS>lenord<EOS>     ,boy,"['l', 'e', 'n', 'o', 'r', 'd']",6,1.0,"[1, 14, 7, 16, 17, 20, 6, 2, 0, 0, 0, 0, 0]"
4341,<SOS>alwina<EOS>     ,girl,"['a', 'l', 'w', 'i', 'n', 'a']",6,0.0,"[1, 3, 14, 25, 11, 16, 3, 2, 0, 0, 0, 0, 0]"
1916,<SOS>doris<EOS>      ,boy,"['d', 'o', 'r', 'i', 's']",5,1.0,"[1, 6, 17, 20, 11, 21, 2, 0, 0, 0, 0, 0, 0]"
3619,<SOS>juanita<EOS>    ,girl,"['j', 'u', 'a', 'n', 'i', 't', 'a']",7,0.0,"[1, 12, 23, 3, 16, 11, 22, 3, 2, 0, 0, 0, 0]"
5199,<SOS>glynda<EOS>     ,girl,"['g', 'l', 'y', 'n', 'd', 'a']",6,0.0,"[1, 9, 14, 27, 16, 6, 3, 2, 0, 0, 0, 0, 0]"
601,<SOS>alonza<EOS>     ,boy,"['a', 'l', 'o', 'n', 'z', 'a']",6,1.0,"[1, 3, 14, 17, 16, 28, 3, 2, 0, 0, 0, 0, 0]"
11,<SOS>harry<EOS>      ,boy,"['h', 'a', 'r', 'r', 'y']",5,1.0,"[1, 10, 3, 20, 20, 27, 2, 0, 0, 0, 0, 0, 0]"
5317,<SOS>lani<EOS>       ,girl,"['l', 'a', 'n', 'i']",4,0.0,"[1, 14, 3, 16, 11, 2, 0, 0, 0, 0, 0, 0, 0]"
2132,<SOS>lynwood<EOS>    ,boy,"['l', 'y', 'n', 'w', 'o', 'o', 'd']",7,1.0,"[1, 14, 27, 16, 25, 17, 17, 6, 2, 0, 0, 0, 0]"
3651,<SOS>clementine<EOS> ,girl,"['c', 'l', 'e', 'm', 'e', 'n', 't', 'i', 'n', 'e']",10,0.0,"[1, 5, 14, 7, 15, 7, 16, 22, 11, 16, 7, 2, 0]"
1363,<SOS>joy<EOS>        ,boy,"['j', 'o', 'y']",3,1.0,"[1, 12, 17, 27, 2, 0, 0, 0, 0, 0, 0, 0, 0]"
922,<SOS>barnett<EOS>    ,boy,"['b', 'a', 'r', 'n', 'e', 't', 't']",7,1.0,"[1, 4, 3, 20, 16, 7, 22, 22, 2, 0, 0, 0, 0]"
513,<SOS>logan<EOS>      ,boy,"['l', 'o', 'g', 'a', 'n']",5,1.0,"[1, 14, 17, 9, 3, 16, 2, 0, 0, 0, 0, 0, 0]"
2426,<SOS>rodrick<EOS>    ,boy,"['r', 'o', 'd', 'r', 'i', 'c', 'k']",7,1.0,"[1, 20, 17, 6, 20, 11, 5, 13, 2, 0, 0, 0, 0]"
2280,<SOS>reggie<EOS>     ,boy,"['r', 'e', 'g', 'g', 'i', 'e']",6,1.0,"[1, 20, 7, 9, 9, 11, 7, 2, 0, 0, 0, 0, 0]"
2492,<SOS>kenney<EOS>     ,boy,"['k', 'e', 'n', 'n', 'e', 'y']",6,1.0,"[1, 13, 7, 16, 16, 7, 27, 2, 0, 0, 0, 0, 0]"
6475,<SOS>camila<EOS>     ,girl,"['c', 'a', 'm', 'i', 'l', 'a']",6,0.0,"[1, 5, 3, 15, 11, 14, 3, 2, 0, 0, 0, 0, 0]"
6450,<SOS>estefany<EOS>   ,girl,"['e', 's', 't', 'e', 'f', 'a', 'n', 'y']",8,0.0,"[1, 7, 21, 22, 7, 8, 3, 16, 27, 2, 0, 0, 0]"
1210,<SOS>olie<EOS>       ,boy,"['o', 'l', 'i', 'e']",4,1.0,"[1, 17, 14, 11, 7, 2, 0, 0, 0, 0, 0, 0, 0]"
431,<SOS>hamilton<EOS>   ,boy,"['h', 'a', 'm', 'i', 'l', 't', 'o', 'n']",8,1.0,"[1, 10, 3, 15, 11, 14, 22, 17, 16, 2, 0, 0, 0]"
1133,<SOS>hubbard<EOS>    ,boy,"['h', 'u', 'b', 'b', 'a', 'r', 'd']",7,1.0,"[1, 10, 23, 4, 4, 3, 20, 6, 2, 0, 0, 0, 0]"
4473,<SOS>marianita<EOS>  ,girl,"['m', 'a', 'r', 'i', 'a', 'n', 'i', 't', 'a']",9,0.0,"[1, 15, 3, 20, 11, 3, 16, 11, 22, 3, 2, 0, 0]"
2323,<SOS>donna<EOS>      ,boy,"['d', 'o', 'n', 'n', 'a']",5,1.0,"[1, 6, 17, 16, 16, 3, 2, 0, 0, 0, 0, 0, 0]"
669,<SOS>obie<EOS>       ,boy,"['o', 'b', 'i', 'e']",4,1.0,"[1, 17, 4, 11, 7, 2, 0, 0, 0, 0, 0, 0, 0]"
607,<SOS>darius<EOS>     ,boy,"['d', 'a', 'r', 'i', 'u', 's']",6,1.0,"[1, 6, 3, 20, 11, 23, 21, 2, 0, 0, 0, 0, 0]"
5903,<SOS>destiny<EOS>    ,girl,"['d', 'e', 's', 't', 'i', 'n', 'y']",7,0.0,"[1, 6, 7, 21, 22, 11, 16, 27, 2, 0, 0, 0, 0]"
3042,<SOS>unnamed<EOS>    ,boy,"['u', 'n', 'n', 'a', 'm', 'e', 'd']",7,1.0,"[1, 23, 16, 16, 3, 15, 7, 6, 2, 0, 0, 0, 0]"
2795,<SOS>amir<EOS>       ,boy,"['a', 'm', 'i', 'r']",4,1.0,"[1, 3, 15, 11, 20, 2, 0, 0, 0, 0, 0, 0, 0]"
2826,<SOS>jarret<EOS>     ,boy,"['j', 'a', 'r', 'r', 'e', 't']",6,1.0,"[1, 12, 3, 20, 20, 7, 22, 2, 0, 0, 0, 0, 0]"
6104,<SOS>tasia<EOS>      ,girl,"['t', 'a', 's', 'i', 'a']",5,0.0,"[1, 22, 3, 21, 11, 3, 2, 0, 0, 0, 0, 0, 0]"
5219,<SOS>lynnette<EOS>   ,girl,"['l', 'y', 'n', 'n', 'e', 't', 't', 'e']",8,0.0,"[1, 14, 27, 16, 16, 7, 22, 22, 7, 2, 0, 0, 0]"
4622,<SOS>filomena<EOS>   ,girl,"['f', 'i', 'l', 'o', 'm', 'e', 'n', 'a']",8,0.0,"[1, 8, 11, 14, 17, 15, 7, 16, 3, 2, 0, 0, 0]"
3457,<SOS>henrietta<EOS>  ,girl,"['h', 'e', 'n', 'r', 'i', 'e', 't', 't', 'a']",9,0.0,"[1, 10, 7, 16, 20, 11, 7, 22, 22, 3, 2, 0, 0]"
4590,<SOS>alwilda<EOS>    ,girl,"['a', 'l', 'w', 'i', 'l', 'd', 'a']",7,0.0,"[1, 3, 14, 25, 11, 14, 6, 3, 2, 0, 0, 0, 0]"
2176,<SOS>dorman<EOS>     ,boy,"['d', 'o', 'r', 'm', 'a', 'n']",6,1.0,"[1, 6, 17, 20, 15, 3, 16, 2, 0, 0, 0, 0, 0]"
3803,<SOS>manie<EOS>      ,girl,"['m', 'a', 'n', 'i', 'e']",5,0.0,"[1, 15, 3, 16, 11, 7, 2, 0, 0, 0, 0, 0, 0]"
1810,<SOS>barnie<EOS>     ,boy,"['b', 'a', 'r', 'n', 'i', 'e']",6,1.0,"[1, 4, 3, 20, 16, 11, 7, 2, 0, 0, 0, 0, 0]"
582,<SOS>finley<EOS>     ,boy,"['f', 'i', 'n', 'l', 'e', 'y']",6,1.0,"[1, 8, 11, 16, 14, 7, 27, 2, 0, 0, 0, 0, 0]"
5759,<SOS>tera<EOS>       ,girl,"['t', 'e', 'r', 'a']",4,0.0,"[1, 22, 7, 20, 3, 2, 0, 0, 0, 0, 0, 0, 0]"
6612,<SOS>jaylynn<EOS>    ,girl,"['j', 'a', 'y', 'l', 'y', 'n', 'n']",7,0.0,"[1, 12, 3, 27, 14, 27, 16, 16, 2, 0, 0, 0, 0]"
93,<SOS>julius<EOS>     ,boy,"['j', 'u', 'l', 'i', 'u', 's']",6,1.0,"[1, 12, 23, 14, 11, 23, 21, 2, 0, 0, 0, 0, 0]"
1200,<SOS>fisher<EOS>     ,boy,"['f', 'i', 's', 'h', 'e', 'r']",6,1.0,"[1, 8, 11, 21, 10, 7, 20, 2, 0, 0, 0, 0, 0]"
1942,<SOS>eino<EOS>       ,boy,"['e', 'i', 'n', 'o']",4,1.0,"[1, 7, 11, 16, 17, 2, 0, 0, 0, 0, 0, 0, 0]"
5464,<SOS>jaye<EOS>       ,girl,"['j', 'a', 'y', 'e']",4,0.0,"[1, 12, 3, 27, 7, 2, 0, 0, 0, 0, 0, 0, 0]"
1029,<SOS>lue<EOS>        ,boy,"['l', 'u', 'e']",3,1.0,"[1, 14, 23, 7, 2, 0, 0, 0, 0, 0, 0, 0, 0]"
814,<SOS>anastacio<EOS>  ,boy,"['a', 'n', 'a', 's', 't', 'a', 'c', 'i', 'o']",9,1.0,"[1, 3, 16, 3, 21, 22, 3, 5, 11, 17, 2, 0, 0]"
3897,<SOS>clarinda<EOS>   ,girl,"['c', 'l', 'a', 'r', 'i', 'n', 'd', 'a']",8,0.0,"[1, 5, 14, 3, 20, 11, 16, 6, 3, 2, 0, 0, 0]"
6573,<SOS>amina<EOS>      ,girl,"['a', 'm', 'i', 'n', 'a']",5,0.0,"[1, 3, 15, 11, 16, 3, 2, 0, 0, 0, 0, 0, 0]"
6703,<SOS>scarlet<EOS>    ,girl,"['s', 'c', 'a', 'r', 'l', 'e', 't']",7,0.0,"[1, 21, 5, 3, 20, 14, 7, 22, 2, 0, 0, 0, 0]"
2454,<SOS>keven<EOS>      ,boy,"['k', 'e', 'v', 'e', 'n']",5,1.0,"[1, 13, 7, 24, 7, 16, 2, 0, 0, 0, 0, 0, 0]"
4682,<SOS>elmyra<EOS>     ,girl,"['e', 'l', 'm', 'y', 'r', 'a']",6,0.0,"[1, 7, 14, 15, 27, 20, 3, 2, 0, 0, 0, 0, 0]"
47,<SOS>herman<EOS>     ,boy,"['h', 'e', 'r', 'm', 'a', 'n']",6,1.0,"[1, 10, 7, 20, 15, 3, 16, 2, 0, 0, 0, 0, 0]"
2190,<SOS>gearld<EOS>     ,boy,"['g', 'e', 'a', 'r', 'l', 'd']",6,1.0,"[1, 9, 7, 3, 20, 14, 6, 2, 0, 0, 0, 0, 0]"
2874,<SOS>kiel<EOS>       ,boy,"['k', 'i', 'e', 'l']",4,1.0,"[1, 13, 11, 7, 14, 2, 0, 0, 0, 0, 0, 0, 0]"
5461,<SOS>dayna<EOS>      ,girl,"['d', 'a', 'y', 'n', 'a']",5,0.0,"[1, 6, 3, 27, 16, 3, 2, 0, 0, 0, 0, 0, 0]"
5525,<SOS>gigi<EOS>       ,girl,"['g', 'i', 'g', 'i']",4,0.0,"[1, 9, 11, 9, 11, 2, 0, 0, 0, 0, 0, 0, 0]"
4911,<SOS>maryjane<EOS>   ,girl,"['m', 'a', 'r', 'y', 'j', 'a', 'n', 'e']",8,0.0,"[1, 15, 3, 20, 27, 12, 3, 16, 7, 2, 0, 0, 0]"
1660,<SOS>levin<EOS>      ,boy,"['l', 'e', 'v', 'i', 'n']",5,1.0,"[1, 14, 7, 24, 11, 16, 2, 0, 0, 0, 0, 0, 0]"
159,<SOS>mark<EOS>       ,boy,"['m', 'a', 'r', 'k']",4,1.0,"[1, 15, 3, 20, 13, 2, 0, 0, 0, 0, 0, 0, 0]"
3945,<SOS>alda<EOS>       ,girl,"['a', 'l', 'd', 'a']",4,0.0,"[1, 3, 14, 6, 3, 2, 0, 0, 0, 0, 0, 0, 0]"
1233,<SOS>jarvis<EOS>     ,boy,"['j', 'a', 'r', 'v', 'i', 's']",6,1.0,"[1, 12, 3, 20, 24, 11, 21, 2, 0, 0, 0, 0, 0]"
3020,<SOS>dillan<EOS>     ,boy,"['d', 'i', 'l', 'l', 'a', 'n']",6,1.0,"[1, 6, 11, 14, 14, 3, 16, 2, 0, 0, 0, 0, 0]"
5819,<SOS>chasity<EOS>    ,girl,"['c', 'h', 'a', 's', 'i', 't', 'y']",7,0.0,"[1, 5, 10, 3, 21, 11, 22, 27, 2, 0, 0, 0, 0]"
5067,<SOS>armida<EOS>     ,girl,"['a', 'r', 'm', 'i', 'd', 'a']",6,0.0,"[1, 3, 20, 15, 11, 6, 3, 2, 0, 0, 0, 0, 0]"
4983,<SOS>darleen<EOS>    ,girl,"['d', 'a', 'r', 'l', 'e', 'e', 'n']",7,0.0,"[1, 6, 3, 20, 14, 7, 7, 16, 2, 0, 0, 0, 0]"
1223,<SOS>cameron<EOS>    ,boy,"['c', 'a', 'm', 'e', 'r', 'o', 'n']",7,1.0,"[1, 5, 3, 15, 7, 20, 17, 16, 2, 0, 0, 0, 0]"
1501,<SOS>fount<EOS>      ,boy,"['f', 'o', 'u', 'n', 't']",5,1.0,"[1, 8, 17, 23, 16, 22, 2, 0, 0, 0, 0, 0, 0]"
4811,<SOS>ellamae<EOS>    ,girl,"['e', 'l', 'l', 'a', 'm', 'a', 'e']",7,0.0,"[1, 7, 14, 14, 3, 15, 3, 7, 2, 0, 0, 0, 0]"
3465,<SOS>louisa<EOS>     ,girl,"['l', 'o', 'u', 'i', 's', 'a']",6,0.0,"[1, 14, 17, 23, 11, 21, 3, 2, 0, 0, 0, 0, 0]"
5627,<SOS>elaina<EOS>     ,girl,"['e', 'l', 'a', 'i', 'n', 'a']",6,0.0,"[1, 7, 14, 3, 11, 16, 3, 2, 0, 0, 0, 0, 0]"
3056,<SOS>trae<EOS>       ,boy,"['t', 'r', 'a', 'e']",4,1.0,"[1, 22, 20, 3, 7, 2, 0, 0, 0, 0, 0, 0, 0]"
2526,<SOS>darron<EOS>     ,boy,"['d', 'a', 'r', 'r', 'o', 'n']",6,1.0,"[1, 6, 3, 20, 20, 17, 16, 2, 0, 0, 0, 0, 0]"
1564,<SOS>grady<EOS>      ,boy,"['g', 'r', 'a', 'd', 'y']",5,1.0,"[1, 9, 20, 3, 6, 27, 2, 0, 0, 0, 0, 0, 0]"
3795,<SOS>frona<EOS>      ,girl,"['f', 'r', 'o', 'n', 'a']",5,0.0,"[1, 8, 20, 17, 16, 3, 2, 0, 0, 0, 0, 0, 0]"
5466,<SOS>tami<EOS>       ,girl,"['t', 'a', 'm', 'i']",4,0.0,"[1, 22, 3, 15, 11, 2, 0, 0, 0, 0, 0, 0, 0]"
928,<SOS>brad<EOS>       ,boy,"['b', 'r', 'a', 'd']",4,1.0,"[1, 4, 20, 3, 6, 2, 0, 0, 0, 0, 0, 0, 0]"
77,<SOS>leonard<EOS>    ,boy,"['l', 'e', 'o', 'n', 'a', 'r', 'd']",7,1.0,"[1, 14, 7, 17, 16, 3, 20, 6, 2, 0, 0, 0, 0]"
1,<SOS>william<EOS>    ,boy,"['w', 'i', 'l', 'l', 'i', 'a', 'm']",7,1.0,"[1, 25, 11, 14, 14, 11, 3, 15, 2, 0, 0, 0, 0]"
4332,<SOS>orah<EOS>       ,girl,"['o', 'r', 'a', 'h']",4,0.0,"[1, 17, 20, 3, 10, 2, 0, 0, 0, 0, 0, 0, 0]"
1707,<SOS>sheridan<EOS>   ,boy,"['s', 'h', 'e', 'r', 'i', 'd', 'a', 'n']",8,1.0,"[1, 21, 10, 7, 20, 11, 6, 3, 16, 2, 0, 0, 0]"
5865,<SOS>charissa<EOS>   ,girl,"['c', 'h', 'a', 'r', 'i', 's', 's', 'a']",8,0.0,"[1, 5, 10, 3, 20, 11, 21, 21, 3, 2, 0, 0, 0]"
3612,<SOS>berta<EOS>      ,girl,"['b', 'e', 'r', 't', 'a']",5,0.0,"[1, 4, 7, 20, 22, 3, 2, 0, 0, 0, 0, 0, 0]"
1180,<SOS>adelard<EOS>    ,boy,"['a', 'd', 'e', 'l', 'a', 'r', 'd']",7,1.0,"[1, 3, 6, 7, 14, 3, 20, 6, 2, 0, 0, 0, 0]"
2079,<SOS>ann<EOS>        ,boy,"['a', 'n', 'n']",3,1.0,"[1, 3, 16, 16, 2, 0, 0, 0, 0, 0, 0, 0, 0]"
3320,<SOS>damarion<EOS>   ,boy,"['d', 'a', 'm', 'a', 'r', 'i', 'o', 'n']",8,1.0,"[1, 6, 3, 15, 3, 20, 11, 17, 16, 2, 0, 0, 0]"
1829,<SOS>jettie<EOS>     ,boy,"['j', 'e', 't', 't', 'i', 'e']",6,1.0,"[1, 12, 7, 22, 22, 11, 7, 2, 0, 0, 0, 0, 0]"
3631,<SOS>mariah<EOS>     ,girl,"['m', 'a', 'r', 'i', 'a', 'h']",6,0.0,"[1, 15, 3, 20, 11, 3, 10, 2, 0, 0, 0, 0, 0]"
1434,<SOS>burgess<EOS>    ,boy,"['b', 'u', 'r', 'g', 'e', 's', 's']",7,1.0,"[1, 4, 23, 20, 9, 7, 21, 21, 2, 0, 0, 0, 0]"
4530,<SOS>medora<EOS>     ,girl,"['m', 'e', 'd', 'o', 'r', 'a']",6,0.0,"[1, 15, 7, 6, 17, 20, 3, 2, 0, 0, 0, 0, 0]"
3763,<SOS>edmonia<EOS>    ,girl,"['e', 'd', 'm', 'o', 'n', 'i', 'a']",7,0.0,"[1, 7, 6, 15, 17, 16, 11, 3, 2, 0, 0, 0, 0]"
2755,<SOS>demarcus<EOS>   ,boy,"['d', 'e', 'm', 'a', 'r', 'c', 'u', 's']",8,1.0,"[1, 6, 7, 15, 3, 20, 5, 23, 21, 2, 0, 0, 0]"
1658,<SOS>hjalmar<EOS>    ,boy,"['h', 'j', 'a', 'l', 'm', 'a', 'r']",7,1.0,"[1, 10, 12, 3, 14, 15, 3, 20, 2, 0, 0, 0, 0]"
5709,<SOS>coretta<EOS>    ,girl,"['c', 'o', 'r', 'e', 't', 't', 'a']",7,0.0,"[1, 5, 17, 20, 7, 22, 22, 3, 2, 0, 0, 0, 0]"
2238,<SOS>kenton<EOS>     ,boy,"['k', 'e', 'n', 't', 'o', 'n']",6,1.0,"[1, 13, 7, 16, 22, 17, 16, 2, 0, 0, 0, 0, 0]"
5342,<SOS>marcie<EOS>     ,girl,"['m', 'a', 'r', 'c', 'i', 'e']",6,0.0,"[1, 15, 3, 20, 5, 11, 7, 2, 0, 0, 0, 0, 0]"
5193,<SOS>ronda<EOS>      ,girl,"['r', 'o', 'n', 'd', 'a']",5,0.0,"[1, 20, 17, 16, 6, 3, 2, 0, 0, 0, 0, 0, 0]"
2670,<SOS>torrence<EOS>   ,boy,"['t', 'o', 'r', 'r', 'e', 'n', 'c', 'e']",8,1.0,"[1, 22, 17, 20, 20, 7, 16, 5, 7, 2, 0, 0, 0]"
1002,<SOS>carter<EOS>     ,boy,"['c', 'a', 'r', 't', 'e', 'r']",6,1.0,"[1, 5, 3, 20, 22, 7, 20, 2, 0, 0, 0, 0, 0]"
2296,<SOS>gaylen<EOS>     ,boy,"['g', 'a', 'y', 'l', 'e', 'n']",6,1.0,"[1, 9, 3, 27, 14, 7, 16, 2, 0, 0, 0, 0, 0]"
1107,<SOS>coley<EOS>      ,boy,"['c', 'o', 'l', 'e', 'y']",5,1.0,"[1, 5, 17, 14, 7, 27, 2, 0, 0, 0, 0, 0, 0]"
2545,<SOS>osvaldo<EOS>    ,boy,"['o', 's', 'v', 'a', 'l', 'd', 'o']",7,1.0,"[1, 17, 21, 24, 3, 14, 6, 17, 2, 0, 0, 0, 0]"
4453,<SOS>bea<EOS>        ,girl,"['b', 'e', 'a']",3,0.0,"[1, 4, 7, 3, 2, 0, 0, 0, 0, 0, 0, 0, 0]"
6406,<SOS>dasia<EOS>      ,girl,"['d', 'a', 's', 'i', 'a']",5,0.0,"[1, 6, 3, 21, 11, 3, 2, 0, 0, 0, 0, 0, 0]"
6042,<SOS>tiara<EOS>      ,girl,"['t', 'i', 'a', 'r', 'a']",5,0.0,"[1, 22, 11, 3, 20, 3, 2, 0, 0, 0, 0, 0, 0]"
5524,<SOS>missy<EOS>      ,girl,"['m', 'i', 's', 's', 'y']",5,0.0,"[1, 15, 11, 21, 21, 27, 2, 0, 0, 0, 0, 0, 0]"
6431,<SOS>odalys<EOS>     ,girl,"['o', 'd', 'a', 'l', 'y', 's']",6,0.0,"[1, 17, 6, 3, 14, 27, 21, 2, 0, 0, 0, 0, 0]"
1476,<SOS>north<EOS>      ,boy,"['n', 'o', 'r', 't', 'h']",5,1.0,"[1, 16, 17, 20, 22, 10, 2, 0, 0, 0, 0, 0, 0]"
5961,<SOS>danica<EOS>     ,girl,"['d', 'a', 'n', 'i', 'c', 'a']",6,0.0,"[1, 6, 3, 16, 11, 5, 3, 2, 0, 0, 0, 0, 0]"
6635,<SOS>yareli<EOS>     ,girl,"['y', 'a', 'r', 'e', 'l', 'i']",6,0.0,"[1, 27, 3, 20, 7, 14, 11, 2, 0, 0, 0, 0, 0]"
5597,<SOS>lesli<EOS>      ,girl,"['l', 'e', 's', 'l', 'i']",5,0.0,"[1, 14, 7, 21, 14, 11, 2, 0, 0, 0, 0, 0, 0]"
1596,<SOS>hillery<EOS>    ,boy,"['h', 'i', 'l', 'l', 'e', 'r', 'y']",7,1.0,"[1, 10, 11, 14, 14, 7, 20, 27, 2, 0, 0, 0, 0]"
3575,<SOS>elvira<EOS>     ,girl,"['e', 'l', 'v', 'i', 'r', 'a']",6,0.0,"[1, 7, 14, 24, 11, 20, 3, 2, 0, 0, 0, 0, 0]"
1184,<SOS>reinhold<EOS>   ,boy,"['r', 'e', 'i', 'n', 'h', 'o', 'l', 'd']",8,1.0,"[1, 20, 7, 11, 16, 10, 17, 14, 6, 2, 0, 0, 0]"
6586,<SOS>kaiya<EOS>      ,girl,"['k', 'a', 'i', 'y', 'a']",5,0.0,"[1, 13, 3, 11, 27, 3, 2, 0, 0, 0, 0, 0, 0]"
5090,<SOS>rosanne<EOS>    ,girl,"['r', 'o', 's', 'a', 'n', 'n', 'e']",7,0.0,"[1, 20, 17, 21, 3, 16, 16, 7, 2, 0, 0, 0, 0]"
2765,<SOS>jerad<EOS>      ,boy,"['j', 'e', 'r', 'a', 'd']",5,1.0,"[1, 12, 7, 20, 3, 6, 2, 0, 0, 0, 0, 0, 0]"
1500,<SOS>fitzhugh<EOS>   ,boy,"['f', 'i', 't', 'z', 'h', 'u', 'g', 'h']",8,1.0,"[1, 8, 11, 22, 28, 10, 23, 9, 10, 2, 0, 0, 0]"
2619,<SOS>damien<EOS>     ,boy,"['d', 'a', 'm', 'i', 'e', 'n']",6,1.0,"[1, 6, 3, 15, 11, 7, 16, 2, 0, 0, 0, 0, 0]"
672,<SOS>ossie<EOS>      ,boy,"['o', 's', 's', 'i', 'e']",5,1.0,"[1, 17, 21, 21, 11, 7, 2, 0, 0, 0, 0, 0, 0]"
5167,<SOS>larae<EOS>      ,girl,"['l', 'a', 'r', 'a', 'e']",5,0.0,"[1, 14, 3, 20, 3, 7, 2, 0, 0, 0, 0, 0, 0]"
2411,<SOS>jory<EOS>       ,boy,"['j', 'o', 'r', 'y']",4,1.0,"[1, 12, 17, 20, 27, 2, 0, 0, 0, 0, 0, 0, 0]"
5349,<SOS>kristie<EOS>    ,girl,"['k', 'r', 'i', 's', 't', 'i', 'e']",7,0.0,"[1, 13, 20, 11, 21, 22, 11, 7, 2, 0, 0, 0, 0]"
2714,<SOS>abdul<EOS>      ,boy,"['a', 'b', 'd', 'u', 'l']",5,1.0,"[1, 3, 4, 6, 23, 14, 2, 0, 0, 0, 0, 0, 0]"
5697,<SOS>darcie<EOS>     ,girl,"['d', 'a', 'r', 'c', 'i', 'e']",6,0.0,"[1, 6, 3, 20, 5, 11, 7, 2, 0, 0, 0, 0, 0]"
388,<SOS>lew<EOS>        ,boy,"['l', 'e', 'w']",3,1.0,"[1, 14, 7, 25, 2, 0, 0, 0, 0, 0, 0, 0, 0]"
143,<SOS>percy<EOS>      ,boy,"['p', 'e', 'r', 'c', 'y']",5,1.0,"[1, 18, 7, 20, 5, 27, 2, 0, 0, 0, 0, 0, 0]"
130,<SOS>aaron<EOS>      ,boy,"['a', 'a', 'r', 'o', 'n']",5,1.0,"[1, 3, 3, 20, 17, 16, 2, 0, 0, 0, 0, 0, 0]"
4048,<SOS>elmire<EOS>     ,girl,"['e', 'l', 'm', 'i', 'r', 'e']",6,0.0,"[1, 7, 14, 15, 11, 20, 7, 2, 0, 0, 0, 0, 0]"
999,<SOS>layton<EOS>     ,boy,"['l', 'a', 'y', 't', 'o', 'n']",6,1.0,"[1, 14, 3, 27, 22, 17, 16, 2, 0, 0, 0, 0, 0]"
1412,<SOS>myrtle<EOS>     ,boy,"['m', 'y', 'r', 't', 'l', 'e']",6,1.0,"[1, 15, 27, 20, 22, 14, 7, 2, 0, 0, 0, 0, 0]"
2013,<SOS>eliot<EOS>      ,boy,"['e', 'l', 'i', 'o', 't']",5,1.0,"[1, 7, 14, 11, 17, 22, 2, 0, 0, 0, 0, 0, 0]"
6208,<SOS>deja<EOS>       ,girl,"['d', 'e', 'j', 'a']",4,0.0,"[1, 6, 7, 12, 3, 2, 0, 0, 0, 0, 0, 0, 0]"
5805,<SOS>damaris<EOS>    ,girl,"['d', 'a', 'm', 'a', 'r', 'i', 's']",7,0.0,"[1, 6, 3, 15, 3, 20, 11, 21, 2, 0, 0, 0, 0]"
4340,<SOS>tula<EOS>       ,girl,"['t', 'u', 'l', 'a']",4,0.0,"[1, 22, 23, 14, 3, 2, 0, 0, 0, 0, 0, 0, 0]"
6240,<SOS>audrianna<EOS>  ,girl,"['a', 'u', 'd', 'r', 'i', 'a', 'n', 'n', 'a']",9,0.0,"[1, 3, 23, 6, 20, 11, 3, 16, 16, 3, 2, 0, 0]"
1425,<SOS>vander<EOS>     ,boy,"['v', 'a', 'n', 'd', 'e', 'r']",6,1.0,"[1, 24, 3, 16, 6, 7, 20, 2, 0, 0, 0, 0, 0]"
2087,<SOS>aldo<EOS>       ,boy,"['a', 'l', 'd', 'o']",4,1.0,"[1, 3, 14, 6, 17, 2, 0, 0, 0, 0, 0, 0, 0]"
1437,<SOS>clell<EOS>      ,boy,"['c', 'l', 'e', 'l', 'l']",5,1.0,"[1, 5, 14, 7, 14, 14, 2, 0, 0, 0, 0, 0, 0]"
5536,<SOS>cari<EOS>       ,girl,"['c', 'a', 'r', 'i']",4,0.0,"[1, 5, 3, 20, 11, 2, 0, 0, 0, 0, 0, 0, 0]"
4157,<SOS>emaline<EOS>    ,girl,"['e', 'm', 'a', 'l', 'i', 'n', 'e']",7,0.0,"[1, 7, 15, 3, 14, 11, 16, 7, 2, 0, 0, 0, 0]"
1659,<SOS>lawton<EOS>     ,boy,"['l', 'a', 'w', 't', 'o', 'n']",6,1.0,"[1, 14, 3, 25, 22, 17, 16, 2, 0, 0, 0, 0, 0]"
1787,<SOS>erby<EOS>       ,boy,"['e', 'r', 'b', 'y']",4,1.0,"[1, 7, 20, 4, 27, 2, 0, 0, 0, 0, 0, 0, 0]"
3017,<SOS>misael<EOS>     ,boy,"['m', 'i', 's', 'a', 'e', 'l']",6,1.0,"[1, 15, 11, 21, 3, 7, 14, 2, 0, 0, 0, 0, 0]"
3655,<SOS>lilian<EOS>     ,girl,"['l', 'i', 'l', 'i', 'a', 'n']",6,0.0,"[1, 14, 11, 14, 11, 3, 16, 2, 0, 0, 0, 0, 0]"
5592,<SOS>darci<EOS>      ,girl,"['d', 'a', 'r', 'c', 'i']",5,0.0,"[1, 6, 3, 20, 5, 11, 2, 0, 0, 0, 0, 0, 0]"
714,<SOS>justin<EOS>     ,boy,"['j', 'u', 's', 't', 'i', 'n']",6,1.0,"[1, 12, 23, 21, 22, 11, 16, 2, 0, 0, 0, 0, 0]"
4854,<SOS>nedra<EOS>      ,girl,"['n', 'e', 'd', 'r', 'a']",5,0.0,"[1, 16, 7, 6, 20, 3, 2, 0, 0, 0, 0, 0, 0]"
5225,<SOS>sherron<EOS>    ,girl,"['s', 'h', 'e', 'r', 'r', 'o', 'n']",7,0.0,"[1, 21, 10, 7, 20, 20, 17, 16, 2, 0, 0, 0, 0]"
5983,<SOS>lacie<EOS>      ,girl,"['l', 'a', 'c', 'i', 'e']",5,0.0,"[1, 14, 3, 5, 11, 7, 2, 0, 0, 0, 0, 0, 0]"
5419,<SOS>cindi<EOS>      ,girl,"['c', 'i', 'n', 'd', 'i']",5,0.0,"[1, 5, 11, 16, 6, 11, 2, 0, 0, 0, 0, 0, 0]"
1836,<SOS>reynolds<EOS>   ,boy,"['r', 'e', 'y', 'n', 'o', 'l', 'd', 's']",8,1.0,"[1, 20, 7, 27, 16, 17, 14, 6, 21, 2, 0, 0, 0]"
3338,<SOS>davian<EOS>     ,boy,"['d', 'a', 'v', 'i', 'a', 'n']",6,1.0,"[1, 6, 3, 24, 11, 3, 16, 2, 0, 0, 0, 0, 0]"
6698,<SOS>adison<EOS>     ,girl,"['a', 'd', 'i', 's', 'o', 'n']",6,0.0,"[1, 3, 6, 11, 21, 17, 16, 2, 0, 0, 0, 0, 0]"
831,<SOS>clemente<EOS>   ,boy,"['c', 'l', 'e', 'm', 'e', 'n', 't', 'e']",8,1.0,"[1, 5, 14, 7, 15, 7, 16, 22, 7, 2, 0, 0, 0]"
6242,<SOS>asha<EOS>       ,girl,"['a', 's', 'h', 'a']",4,0.0,"[1, 3, 21, 10, 3, 2, 0, 0, 0, 0, 0, 0, 0]"
4200,<SOS>arra<EOS>       ,girl,"['a', 'r', 'r', 'a']",4,0.0,"[1, 3, 20, 20, 3, 2, 0, 0, 0, 0, 0, 0, 0]"
4202,<SOS>biddie<EOS>     ,girl,"['b', 'i', 'd', 'd', 'i', 'e']",6,0.0,"[1, 4, 11, 6, 6, 11, 7, 2, 0, 0, 0, 0, 0]"
6692,<SOS>valery<EOS>     ,girl,"['v', 'a', 'l', 'e', 'r', 'y']",6,0.0,"[1, 24, 3, 14, 7, 20, 27, 2, 0, 0, 0, 0, 0]"
5179,<SOS>shelvie<EOS>    ,girl,"['s', 'h', 'e', 'l', 'v', 'i', 'e']",7,0.0,"[1, 21, 10, 7, 14, 24, 11, 7, 2, 0, 0, 0, 0]"
2075,<SOS>harrell<EOS>    ,boy,"['h', 'a', 'r', 'r', 'e', 'l', 'l']",7,1.0,"[1, 10, 3, 20, 20, 7, 14, 14, 2, 0, 0, 0, 0]"
1653,<SOS>ernesto<EOS>    ,boy,"['e', 'r', 'n', 'e', 's', 't', 'o']",7,1.0,"[1, 7, 20, 16, 7, 21, 22, 17, 2, 0, 0, 0, 0]"
4074,<SOS>lucina<EOS>     ,girl,"['l', 'u', 'c', 'i', 'n', 'a']",6,0.0,"[1, 14, 23, 5, 11, 16, 3, 2, 0, 0, 0, 0, 0]"
6705,<SOS>kamila<EOS>     ,girl,"['k', 'a', 'm', 'i', 'l', 'a']",6,0.0,"[1, 13, 3, 15, 11, 14, 3, 2, 0, 0, 0, 0, 0]"
1322,<SOS>ronald<EOS>     ,boy,"['r', 'o', 'n', 'a', 'l', 'd']",6,1.0,"[1, 20, 17, 16, 3, 14, 6, 2, 0, 0, 0, 0, 0]"
5530,<SOS>suzie<EOS>      ,girl,"['s', 'u', 'z', 'i', 'e']",5,0.0,"[1, 21, 23, 28, 11, 7, 2, 0, 0, 0, 0, 0, 0]"
4216,<SOS>ninnie<EOS>     ,girl,"['n', 'i', 'n', 'n', 'i', 'e']",6,0.0,"[1, 16, 11, 16, 16, 11, 7, 2, 0, 0, 0, 0, 0]"
3580,<SOS>charity<EOS>    ,girl,"['c', 'h', 'a', 'r', 'i', 't', 'y']",7,0.0,"[1, 5, 10, 3, 20, 11, 22, 27, 2, 0, 0, 0, 0]"
57,<SOS>ben<EOS>        ,boy,"['b', 'e', 'n']",3,1.0,"[1, 4, 7, 16, 2, 0, 0, 0, 0, 0, 0, 0, 0]"
4492,<SOS>valerie<EOS>    ,girl,"['v', 'a', 'l', 'e', 'r', 'i', 'e']",7,0.0,"[1, 24, 3, 14, 7, 20, 11, 7, 2, 0, 0, 0, 0]"
1607,<SOS>burnie<EOS>     ,boy,"['b', 'u', 'r', 'n', 'i', 'e']",6,1.0,"[1, 4, 23, 20, 16, 11, 7, 2, 0, 0, 0, 0, 0]"
6426,<SOS>ciarra<EOS>     ,girl,"['c', 'i', 'a', 'r', 'r', 'a']",6,0.0,"[1, 5, 11, 3, 20, 20, 3, 2, 0, 0, 0, 0, 0]"
114,<SOS>nathan<EOS>     ,boy,"['n', 'a', 't', 'h', 'a', 'n']",6,1.0,"[1, 16, 3, 22, 10, 3, 16, 2, 0, 0, 0, 0, 0]"
1372,<SOS>lute<EOS>       ,boy,"['l', 'u', 't', 'e']",4,1.0,"[1, 14, 23, 22, 7, 2, 0, 0, 0, 0, 0, 0, 0]"
2779,<SOS>torey<EOS>      ,boy,"['t', 'o', 'r', 'e', 'y']",5,1.0,"[1, 22, 17, 20, 7, 27, 2, 0, 0, 0, 0, 0, 0]"
5590,<SOS>aretha<EOS>     ,girl,"['a', 'r', 'e', 't', 'h', 'a']",6,0.0,"[1, 3, 20, 7, 22, 10, 3, 2, 0, 0, 0, 0, 0]"
6650,<SOS>saniya<EOS>     ,girl,"['s', 'a', 'n', 'i', 'y', 'a']",6,0.0,"[1, 21, 3, 16, 11, 27, 3, 2, 0, 0, 0, 0, 0]"
378,<SOS>wash<EOS>       ,boy,"['w', 'a', 's', 'h']",4,1.0,"[1, 25, 3, 21, 10, 2, 0, 0, 0, 0, 0, 0, 0]"
5584,<SOS>janene<EOS>     ,girl,"['j', 'a', 'n', 'e', 'n', 'e']",6,0.0,"[1, 12, 3, 16, 7, 16, 7, 2, 0, 0, 0, 0, 0]"
137,<SOS>nelson<EOS>     ,boy,"['n', 'e', 'l', 's', 'o', 'n']",6,1.0,"[1, 16, 7, 14, 21, 17, 16, 2, 0, 0, 0, 0, 0]"
3345,<SOS>aydin<EOS>      ,boy,"['a', 'y', 'd', 'i', 'n']",5,1.0,"[1, 3, 27, 6, 11, 16, 2, 0, 0, 0, 0, 0, 0]"
1074,<SOS>garret<EOS>     ,boy,"['g', 'a', 'r', 'r', 'e', 't']",6,1.0,"[1, 9, 3, 20, 20, 7, 22, 2, 0, 0, 0, 0, 0]"
5173,<SOS>vickie<EOS>     ,girl,"['v', 'i', 'c', 'k', 'i', 'e']",6,0.0,"[1, 24, 11, 5, 13, 11, 7, 2, 0, 0, 0, 0, 0]"
3402,<SOS>rayan<EOS>      ,boy,"['r', 'a', 'y', 'a', 'n']",5,1.0,"[1, 20, 3, 27, 3, 16, 2, 0, 0, 0, 0, 0, 0]"
799,<SOS>tobias<EOS>     ,boy,"['t', 'o', 'b', 'i', 'a', 's']",6,1.0,"[1, 22, 17, 4, 11, 3, 21, 2, 0, 0, 0, 0, 0]"
1148,<SOS>lucy<EOS>       ,boy,"['l', 'u', 'c', 'y']",4,1.0,"[1, 14, 23, 5, 27, 2, 0, 0, 0, 0, 0, 0, 0]"
6760,<SOS>adalynn<EOS>    ,girl,"['a', 'd', 'a', 'l', 'y', 'n', 'n']",7,0.0,"[1, 3, 6, 3, 14, 27, 16, 16, 2, 0, 0, 0, 0]"
4363,<SOS>olevia<EOS>     ,girl,"['o', 'l', 'e', 'v', 'i', 'a']",6,0.0,"[1, 17, 14, 7, 24, 11, 3, 2, 0, 0, 0, 0, 0]"
3239,<SOS>aditya<EOS>     ,boy,"['a', 'd', 'i', 't', 'y', 'a']",6,1.0,"[1, 3, 6, 11, 22, 27, 3, 2, 0, 0, 0, 0, 0]"
3706,<SOS>phebe<EOS>      ,girl,"['p', 'h', 'e', 'b', 'e']",5,0.0,"[1, 18, 10, 7, 4, 7, 2, 0, 0, 0, 0, 0, 0]"
3830,<SOS>ione<EOS>       ,girl,"['i', 'o', 'n', 'e']",4,0.0,"[1, 11, 17, 16, 7, 2, 0, 0, 0, 0, 0, 0, 0]"
3093,<SOS>keanu<EOS>      ,boy,"['k', 'e', 'a', 'n', 'u']",5,1.0,"[1, 13, 7, 3, 16, 23, 2, 0, 0, 0, 0, 0, 0]"
823,<SOS>auther<EOS>     ,boy,"['a', 'u', 't', 'h', 'e', 'r']",6,1.0,"[1, 3, 23, 22, 10, 7, 20, 2, 0, 0, 0, 0, 0]"
2496,<SOS>robb<EOS>       ,boy,"['r', 'o', 'b', 'b']",4,1.0,"[1, 20, 17, 4, 4, 2, 0, 0, 0, 0, 0, 0, 0]"
3158,<SOS>kordell<EOS>    ,boy,"['k', 'o', 'r', 'd', 'e', 'l', 'l']",7,1.0,"[1, 13, 17, 20, 6, 7, 14, 14, 2, 0, 0, 0, 0]"
1102,<SOS>blair<EOS>      ,boy,"['b', 'l', 'a', 'i', 'r']",5,1.0,"[1, 4, 14, 3, 11, 20, 2, 0, 0, 0, 0, 0, 0]"
5453,<SOS>jeryl<EOS>      ,girl,"['j', 'e', 'r', 'y', 'l']",5,0.0,"[1, 12, 7, 20, 27, 14, 2, 0, 0, 0, 0, 0, 0]"
3022,<SOS>shaquille<EOS>  ,boy,"['s', 'h', 'a', 'q', 'u', 'i', 'l', 'l', 'e']",9,1.0,"[1, 21, 10, 3, 19, 23, 11, 14, 14, 7, 2, 0, 0]"
2425,<SOS>lex<EOS>        ,boy,"['l', 'e', 'x']",3,1.0,"[1, 14, 7, 26, 2, 0, 0, 0, 0, 0, 0, 0, 0]"
1689,<SOS>shellie<EOS>    ,boy,"['s', 'h', 'e', 'l', 'l', 'i', 'e']",7,1.0,"[1, 21, 10, 7, 14, 14, 11, 7, 2, 0, 0, 0, 0]"
6708,<SOS>adyson<EOS>     ,girl,"['a', 'd', 'y', 's', 'o', 'n']",6,0.0,"[1, 3, 6, 27, 21, 17, 16, 2, 0, 0, 0, 0, 0]"
4681,<SOS>vernice<EOS>    ,girl,"['v', 'e', 'r', 'n', 'i', 'c', 'e']",7,0.0,"[1, 24, 7, 20, 16, 11, 5, 7, 2, 0, 0, 0, 0]"
2204,<SOS>ronnie<EOS>     ,boy,"['r', 'o', 'n', 'n', 'i', 'e']",6,1.0,"[1, 20, 17, 16, 16, 11, 7, 2, 0, 0, 0, 0, 0]"
5291,<SOS>pamella<EOS>    ,girl,"['p', 'a', 'm', 'e', 'l', 'l', 'a']",7,0.0,"[1, 18, 3, 15, 7, 14, 14, 3, 2, 0, 0, 0, 0]"
6124,<SOS>kayleigh<EOS>   ,girl,"['k', 'a', 'y', 'l', 'e', 'i', 'g', 'h']",8,0.0,"[1, 13, 3, 27, 14, 7, 11, 9, 10, 2, 0, 0, 0]"
3684,<SOS>rilla<EOS>      ,girl,"['r', 'i', 'l', 'l', 'a']",5,0.0,"[1, 20, 11, 14, 14, 3, 2, 0, 0, 0, 0, 0, 0]"
4925,<SOS>christeen<EOS>  ,girl,"['c', 'h', 'r', 'i', 's', 't', 'e', 'e', 'n']",9,0.0,"[1, 5, 10, 20, 11, 21, 22, 7, 7, 16, 2, 0, 0]"
3445,<SOS>kate<EOS>       ,girl,"['k', 'a', 't', 'e']",4,0.0,"[1, 13, 3, 22, 7, 2, 0, 0, 0, 0, 0, 0, 0]"
5985,<SOS>desirae<EOS>    ,girl,"['d', 'e', 's', 'i', 'r', 'a', 'e']",7,0.0,"[1, 6, 7, 21, 11, 20, 3, 7, 2, 0, 0, 0, 0]"
1291,<SOS>german<EOS>     ,boy,"['g', 'e', 'r', 'm', 'a', 'n']",6,1.0,"[1, 9, 7, 20, 15, 3, 16, 2, 0, 0, 0, 0, 0]"
4793,<SOS>lavera<EOS>     ,girl,"['l', 'a', 'v', 'e', 'r', 'a']",6,0.0,"[1, 14, 3, 24, 7, 20, 3, 2, 0, 0, 0, 0, 0]"
945,<SOS>edie<EOS>       ,boy,"['e', 'd', 'i', 'e']",4,1.0,"[1, 7, 6, 11, 7, 2, 0, 0, 0, 0, 0, 0, 0]"
1614,<SOS>sie<EOS>        ,boy,"['s', 'i', 'e']",3,1.0,"[1, 21, 11, 7, 2, 0, 0, 0, 0, 0, 0, 0, 0]"
728,<SOS>price<EOS>      ,boy,"['p', 'r', 'i', 'c', 'e']",5,1.0,"[1, 18, 20, 11, 5, 7, 2, 0, 0, 0, 0, 0, 0]"
4326,<SOS>delpha<EOS>     ,girl,"['d', 'e', 'l', 'p', 'h', 'a']",6,0.0,"[1, 6, 7, 14, 18, 10, 3, 2, 0, 0, 0, 0, 0]"
108,<SOS>wesley<EOS>     ,boy,"['w', 'e', 's', 'l', 'e', 'y']",6,1.0,"[1, 25, 7, 21, 14, 7, 27, 2, 0, 0, 0, 0, 0]"
2726,<SOS>damond<EOS>     ,boy,"['d', 'a', 'm', 'o', 'n', 'd']",6,1.0,"[1, 6, 3, 15, 17, 16, 6, 2, 0, 0, 0, 0, 0]"
375,<SOS>hans<EOS>       ,boy,"['h', 'a', 'n', 's']",4,1.0,"[1, 10, 3, 16, 21, 2, 0, 0, 0, 0, 0, 0, 0]"
3120,<SOS>anfernee<EOS>   ,boy,"['a', 'n', 'f', 'e', 'r', 'n', 'e', 'e']",8,1.0,"[1, 3, 16, 8, 7, 20, 16, 7, 7, 2, 0, 0, 0]"
3798,<SOS>leonie<EOS>     ,girl,"['l', 'e', 'o', 'n', 'i', 'e']",6,0.0,"[1, 14, 7, 17, 16, 11, 7, 2, 0, 0, 0, 0, 0]"
2256,<SOS>jacky<EOS>      ,boy,"['j', 'a', 'c', 'k', 'y']",5,1.0,"[1, 12, 3, 5, 13, 27, 2, 0, 0, 0, 0, 0, 0]"
322,<SOS>jonas<EOS>      ,boy,"['j', 'o', 'n', 'a', 's']",5,1.0,"[1, 12, 17, 16, 3, 21, 2, 0, 0, 0, 0, 0, 0]"
1276,<SOS>ell<EOS>        ,boy,"['e', 'l', 'l']",3,1.0,"[1, 7, 14, 14, 2, 0, 0, 0, 0, 0, 0, 0, 0]"
4041,<SOS>corrine<EOS>    ,girl,"['c', 'o', 'r', 'r', 'i', 'n', 'e']",7,0.0,"[1, 5, 17, 20, 20, 11, 16, 7, 2, 0, 0, 0, 0]"
1936,<SOS>salvador<EOS>   ,boy,"['s', 'a', 'l', 'v', 'a', 'd', 'o', 'r']",8,1.0,"[1, 21, 3, 14, 24, 3, 6, 17, 20, 2, 0, 0, 0]"
1269,<SOS>caswell<EOS>    ,boy,"['c', 'a', 's', 'w', 'e', 'l', 'l']",7,1.0,"[1, 5, 3, 21, 25, 7, 14, 14, 2, 0, 0, 0, 0]"
4347,<SOS>eileen<EOS>     ,girl,"['e', 'i', 'l', 'e', 'e', 'n']",6,0.0,"[1, 7, 11, 14, 7, 7, 16, 2, 0, 0, 0, 0, 0]"
763,<SOS>delos<EOS>      ,boy,"['d', 'e', 'l', 'o', 's']",5,1.0,"[1, 6, 7, 14, 17, 21, 2, 0, 0, 0, 0, 0, 0]"
3741,<SOS>abigail<EOS>    ,girl,"['a', 'b', 'i', 'g', 'a', 'i', 'l']",7,0.0,"[1, 3, 4, 11, 9, 3, 11, 14, 2, 0, 0, 0, 0]"
5477,<SOS>tracie<EOS>     ,girl,"['t', 'r', 'a', 'c', 'i', 'e']",6,0.0,"[1, 22, 20, 3, 5, 11, 7, 2, 0, 0, 0, 0, 0]"
5411,<SOS>lise<EOS>       ,girl,"['l', 'i', 's', 'e']",4,0.0,"[1, 14, 11, 21, 7, 2, 0, 0, 0, 0, 0, 0, 0]"
5422,<SOS>doretta<EOS>    ,girl,"['d', 'o', 'r', 'e', 't', 't', 'a']",7,0.0,"[1, 6, 17, 20, 7, 22, 22, 3, 2, 0, 0, 0, 0]"
5384,<SOS>vanessa<EOS>    ,girl,"['v', 'a', 'n', 'e', 's', 's', 'a']",7,0.0,"[1, 24, 3, 16, 7, 21, 21, 3, 2, 0, 0, 0, 0]"
5374,<SOS>kristy<EOS>     ,girl,"['k', 'r', 'i', 's', 't', 'y']",6,0.0,"[1, 13, 20, 11, 21, 22, 27, 2, 0, 0, 0, 0, 0]"
6598,<SOS>mikaila<EOS>    ,girl,"['m', 'i', 'k', 'a', 'i', 'l', 'a']",7,0.0,"[1, 15, 11, 13, 3, 11, 14, 3, 2, 0, 0, 0, 0]"
6099,<SOS>ashlea<EOS>     ,girl,"['a', 's', 'h', 'l', 'e', 'a']",6,0.0,"[1, 3, 21, 10, 14, 7, 3, 2, 0, 0, 0, 0, 0]"
2208,<SOS>fidencio<EOS>   ,boy,"['f', 'i', 'd', 'e', 'n', 'c', 'i', 'o']",8,1.0,"[1, 8, 11, 6, 7, 16, 5, 11, 17, 2, 0, 0, 0]"
6097,<SOS>ashli<EOS>      ,girl,"['a', 's', 'h', 'l', 'i']",5,0.0,"[1, 3, 21, 10, 14, 11, 2, 0, 0, 0, 0, 0, 0]"
385,<SOS>jason<EOS>      ,boy,"['j', 'a', 's', 'o', 'n']",5,1.0,"[1, 12, 3, 21, 17, 16, 2, 0, 0, 0, 0, 0, 0]"
1575,<SOS>mamie<EOS>      ,boy,"['m', 'a', 'm', 'i', 'e']",5,1.0,"[1, 15, 3, 15, 11, 7, 2, 0, 0, 0, 0, 0, 0]"
1130,<SOS>halbert<EOS>    ,boy,"['h', 'a', 'l', 'b', 'e', 'r', 't']",7,1.0,"[1, 10, 3, 14, 4, 7, 20, 22, 2, 0, 0, 0, 0]"
3597,<SOS>frieda<EOS>     ,girl,"['f', 'r', 'i', 'e', 'd', 'a']",6,0.0,"[1, 8, 20, 11, 7, 6, 3, 2, 0, 0, 0, 0, 0]"
3761,<SOS>daisey<EOS>     ,girl,"['d', 'a', 'i', 's', 'e', 'y']",6,0.0,"[1, 6, 3, 11, 21, 7, 27, 2, 0, 0, 0, 0, 0]"
1644,<SOS>elgin<EOS>      ,boy,"['e', 'l', 'g', 'i', 'n']",5,1.0,"[1, 7, 14, 9, 11, 16, 2, 0, 0, 0, 0, 0, 0]"
5350,<SOS>lizabeth<EOS>   ,girl,"['l', 'i', 'z', 'a', 'b', 'e', 't', 'h']",8,0.0,"[1, 14, 11, 28, 3, 4, 7, 22, 10, 2, 0, 0, 0]"
4229,<SOS>bina<EOS>       ,girl,"['b', 'i', 'n', 'a']",4,0.0,"[1, 4, 11, 16, 3, 2, 0, 0, 0, 0, 0, 0, 0]"
3893,<SOS>alyce<EOS>      ,girl,"['a', 'l', 'y', 'c', 'e']",5,0.0,"[1, 3, 14, 27, 5, 7, 2, 0, 0, 0, 0, 0, 0]"
3128,<SOS>rashaan<EOS>    ,boy,"['r', 'a', 's', 'h', 'a', 'a', 'n']",7,1.0,"[1, 20, 3, 21, 10, 3, 3, 16, 2, 0, 0, 0, 0]"
5488,<SOS>liz<EOS>        ,girl,"['l', 'i', 'z']",3,0.0,"[1, 14, 11, 28, 2, 0, 0, 0, 0, 0, 0, 0, 0]"
897,<SOS>stanford<EOS>   ,boy,"['s', 't', 'a', 'n', 'f', 'o', 'r', 'd']",8,1.0,"[1, 21, 22, 3, 16, 8, 17, 20, 6, 2, 0, 0, 0]"
2019,<SOS>carlo<EOS>      ,boy,"['c', 'a', 'r', 'l', 'o']",5,1.0,"[1, 5, 3, 20, 14, 17, 2, 0, 0, 0, 0, 0, 0]"
437,<SOS>murray<EOS>     ,boy,"['m', 'u', 'r', 'r', 'a', 'y']",6,1.0,"[1, 15, 23, 20, 20, 3, 27, 2, 0, 0, 0, 0, 0]"
1399,<SOS>winnie<EOS>     ,boy,"['w', 'i', 'n', 'n', 'i', 'e']",6,1.0,"[1, 25, 11, 16, 16, 11, 7, 2, 0, 0, 0, 0, 0]"
1235,<SOS>josephus<EOS>   ,boy,"['j', 'o', 's', 'e', 'p', 'h', 'u', 's']",8,1.0,"[1, 12, 17, 21, 7, 18, 10, 23, 21, 2, 0, 0, 0]"
1323,<SOS>simpson<EOS>    ,boy,"['s', 'i', 'm', 'p', 's', 'o', 'n']",7,1.0,"[1, 21, 11, 15, 18, 21, 17, 16, 2, 0, 0, 0, 0]"
6748,<SOS>joseline<EOS>   ,girl,"['j', 'o', 's', 'e', 'l', 'i', 'n', 'e']",8,0.0,"[1, 12, 17, 21, 7, 14, 11, 16, 7, 2, 0, 0, 0]"
24,<SOS>daniel<EOS>     ,boy,"['d', 'a', 'n', 'i', 'e', 'l']",6,1.0,"[1, 6, 3, 16, 11, 7, 14, 2, 0, 0, 0, 0, 0]"
4208,<SOS>flavia<EOS>     ,girl,"['f', 'l', 'a', 'v', 'i', 'a']",6,0.0,"[1, 8, 14, 3, 24, 11, 3, 2, 0, 0, 0, 0, 0]"
147,<SOS>felix<EOS>      ,boy,"['f', 'e', 'l', 'i', 'x']",5,1.0,"[1, 8, 7, 14, 11, 26, 2, 0, 0, 0, 0, 0, 0]"
5890,<SOS>cecily<EOS>     ,girl,"['c', 'e', 'c', 'i', 'l', 'y']",6,0.0,"[1, 5, 7, 5, 11, 14, 27, 2, 0, 0, 0, 0, 0]"
586,<SOS>herschel<EOS>   ,boy,"['h', 'e', 'r', 's', 'c', 'h', 'e', 'l']",8,1.0,"[1, 10, 7, 20, 21, 5, 10, 7, 14, 2, 0, 0, 0]"
2258,<SOS>ron<EOS>        ,boy,"['r', 'o', 'n']",3,1.0,"[1, 20, 17, 16, 2, 0, 0, 0, 0, 0, 0, 0, 0]"
679,<SOS>theo<EOS>       ,boy,"['t', 'h', 'e', 'o']",4,1.0,"[1, 22, 10, 7, 17, 2, 0, 0, 0, 0, 0, 0, 0]"
3015,<SOS>deontae<EOS>    ,boy,"['d', 'e', 'o', 'n', 't', 'a', 'e']",7,1.0,"[1, 6, 7, 17, 16, 22, 3, 7, 2, 0, 0, 0, 0]"
6134,<SOS>brittanie<EOS>  ,girl,"['b', 'r', 'i', 't', 't', 'a', 'n', 'i', 'e']",9,0.0,"[1, 4, 20, 11, 22, 22, 3, 16, 11, 7, 2, 0, 0]"
5529,<SOS>lanita<EOS>     ,girl,"['l', 'a', 'n', 'i', 't', 'a']",6,0.0,"[1, 14, 3, 16, 11, 22, 3, 2, 0, 0, 0, 0, 0]"
2141,<SOS>foch<EOS>       ,boy,"['f', 'o', 'c', 'h']",4,1.0,"[1, 8, 17, 5, 10, 2, 0, 0, 0, 0, 0, 0, 0]"
3181,<SOS>ryley<EOS>      ,boy,"['r', 'y', 'l', 'e', 'y']",5,1.0,"[1, 20, 27, 14, 7, 27, 2, 0, 0, 0, 0, 0, 0]"
4977,<SOS>ofelia<EOS>     ,girl,"['o', 'f', 'e', 'l', 'i', 'a']",6,0.0,"[1, 17, 8, 7, 14, 11, 3, 2, 0, 0, 0, 0, 0]"
442,<SOS>boyd<EOS>       ,boy,"['b', 'o', 'y', 'd']",4,1.0,"[1, 4, 17, 27, 6, 2, 0, 0, 0, 0, 0, 0, 0]"
2128,<SOS>tatsuo<EOS>     ,boy,"['t', 'a', 't', 's', 'u', 'o']",6,1.0,"[1, 22, 3, 22, 21, 23, 17, 2, 0, 0, 0, 0, 0]"
270,<SOS>green<EOS>      ,boy,"['g', 'r', 'e', 'e', 'n']",5,1.0,"[1, 9, 20, 7, 7, 16, 2, 0, 0, 0, 0, 0, 0]"
422,<SOS>tomas<EOS>      ,boy,"['t', 'o', 'm', 'a', 's']",5,1.0,"[1, 22, 17, 15, 3, 21, 2, 0, 0, 0, 0, 0, 0]"
1359,<SOS>haskell<EOS>    ,boy,"['h', 'a', 's', 'k', 'e', 'l', 'l']",7,1.0,"[1, 10, 3, 21, 13, 7, 14, 14, 2, 0, 0, 0, 0]"
4526,<SOS>oney<EOS>       ,girl,"['o', 'n', 'e', 'y']",4,0.0,"[1, 17, 16, 7, 27, 2, 0, 0, 0, 0, 0, 0, 0]"
1353,<SOS>gale<EOS>       ,boy,"['g', 'a', 'l', 'e']",4,1.0,"[1, 9, 3, 14, 7, 2, 0, 0, 0, 0, 0, 0, 0]"
3521,<SOS>mittie<EOS>     ,girl,"['m', 'i', 't', 't', 'i', 'e']",6,0.0,"[1, 15, 11, 22, 22, 11, 7, 2, 0, 0, 0, 0, 0]"
1374,<SOS>matthias<EOS>   ,boy,"['m', 'a', 't', 't', 'h', 'i', 'a', 's']",8,1.0,"[1, 15, 3, 22, 22, 10, 11, 3, 21, 2, 0, 0, 0]"
4928,<SOS>francine<EOS>   ,girl,"['f', 'r', 'a', 'n', 'c', 'i', 'n', 'e']",8,0.0,"[1, 8, 20, 3, 16, 5, 11, 16, 7, 2, 0, 0, 0]"
4721,<SOS>bernetta<EOS>   ,girl,"['b', 'e', 'r', 'n', 'e', 't', 't', 'a']",8,0.0,"[1, 4, 7, 20, 16, 7, 22, 22, 3, 2, 0, 0, 0]"
496,<SOS>oran<EOS>       ,boy,"['o', 'r', 'a', 'n']",4,1.0,"[1, 17, 20, 3, 16, 2, 0, 0, 0, 0, 0, 0, 0]"
5815,<SOS>chastity<EOS>   ,girl,"['c', 'h', 'a', 's', 't', 'i', 't', 'y']",8,0.0,"[1, 5, 10, 3, 21, 22, 11, 22, 27, 2, 0, 0, 0]"
765,<SOS>eber<EOS>       ,boy,"['e', 'b', 'e', 'r']",4,1.0,"[1, 7, 4, 7, 20, 2, 0, 0, 0, 0, 0, 0, 0]"
3765,<SOS>eldora<EOS>     ,girl,"['e', 'l', 'd', 'o', 'r', 'a']",6,0.0,"[1, 7, 14, 6, 17, 20, 3, 2, 0, 0, 0, 0, 0]"
1282,<SOS>essex<EOS>      ,boy,"['e', 's', 's', 'e', 'x']",5,1.0,"[1, 7, 21, 21, 7, 26, 2, 0, 0, 0, 0, 0, 0]"
6395,<SOS>caitlynn<EOS>   ,girl,"['c', 'a', 'i', 't', 'l', 'y', 'n', 'n']",8,0.0,"[1, 5, 3, 11, 22, 14, 27, 16, 16, 2, 0, 0, 0]"
5719,<SOS>cristi<EOS>     ,girl,"['c', 'r', 'i', 's', 't', 'i']",6,0.0,"[1, 5, 20, 11, 21, 22, 11, 2, 0, 0, 0, 0, 0]"
5814,<SOS>lakisha<EOS>    ,girl,"['l', 'a', 'k', 'i', 's', 'h', 'a']",7,0.0,"[1, 14, 3, 13, 11, 21, 10, 3, 2, 0, 0, 0, 0]"
2972,<SOS>nico<EOS>       ,boy,"['n', 'i', 'c', 'o']",4,1.0,"[1, 16, 11, 5, 17, 2, 0, 0, 0, 0, 0, 0, 0]"
3295,<SOS>gael<EOS>       ,boy,"['g', 'a', 'e', 'l']",4,1.0,"[1, 9, 3, 7, 14, 2, 0, 0, 0, 0, 0, 0, 0]"
6281,<SOS>haleigh<EOS>    ,girl,"['h', 'a', 'l', 'e', 'i', 'g', 'h']",7,0.0,"[1, 10, 3, 14, 7, 11, 9, 10, 2, 0, 0, 0, 0]"
158,<SOS>irvin<EOS>      ,boy,"['i', 'r', 'v', 'i', 'n']",5,1.0,"[1, 11, 20, 24, 11, 16, 2, 0, 0, 0, 0, 0, 0]"
1483,<SOS>ada<EOS>        ,boy,"['a', 'd', 'a']",3,1.0,"[1, 3, 6, 3, 2, 0, 0, 0, 0, 0, 0, 0, 0]"
4427,<SOS>gertha<EOS>     ,girl,"['g', 'e', 'r', 't', 'h', 'a']",6,0.0,"[1, 9, 7, 20, 22, 10, 3, 2, 0, 0, 0, 0, 0]"
1023,<SOS>eldon<EOS>      ,boy,"['e', 'l', 'd', 'o', 'n']",5,1.0,"[1, 7, 14, 6, 17, 16, 2, 0, 0, 0, 0, 0, 0]"
5838,<SOS>keesha<EOS>     ,girl,"['k', 'e', 'e', 's', 'h', 'a']",6,0.0,"[1, 13, 7, 7, 21, 10, 3, 2, 0, 0, 0, 0, 0]"
4010,<SOS>nonie<EOS>      ,girl,"['n', 'o', 'n', 'i', 'e']",5,0.0,"[1, 16, 17, 16, 11, 7, 2, 0, 0, 0, 0, 0, 0]"
6248,<SOS>gianna<EOS>     ,girl,"['g', 'i', 'a', 'n', 'n', 'a']",6,0.0,"[1, 9, 11, 3, 16, 16, 3, 2, 0, 0, 0, 0, 0]"
3484,<SOS>sophie<EOS>     ,girl,"['s', 'o', 'p', 'h', 'i', 'e']",6,0.0,"[1, 21, 17, 18, 10, 11, 7, 2, 0, 0, 0, 0, 0]"
1334,<SOS>ancel<EOS>      ,boy,"['a', 'n', 'c', 'e', 'l']",5,1.0,"[1, 3, 16, 5, 7, 14, 2, 0, 0, 0, 0, 0, 0]"
2970,<SOS>mikhail<EOS>    ,boy,"['m', 'i', 'k', 'h', 'a', 'i', 'l']",7,1.0,"[1, 15, 11, 13, 10, 3, 11, 14, 2, 0, 0, 0, 0]"
4209,<SOS>fleta<EOS>      ,girl,"['f', 'l', 'e', 't', 'a']",5,0.0,"[1, 8, 14, 7, 22, 3, 2, 0, 0, 0, 0, 0, 0]"
1708,<SOS>lorin<EOS>      ,boy,"['l', 'o', 'r', 'i', 'n']",5,1.0,"[1, 14, 17, 20, 11, 16, 2, 0, 0, 0, 0, 0, 0]"
5425,<SOS>marci<EOS>      ,girl,"['m', 'a', 'r', 'c', 'i']",5,0.0,"[1, 15, 3, 20, 5, 11, 2, 0, 0, 0, 0, 0, 0]"
1283,<SOS>ewell<EOS>      ,boy,"['e', 'w', 'e', 'l', 'l']",5,1.0,"[1, 7, 25, 7, 14, 14, 2, 0, 0, 0, 0, 0, 0]"
804,<SOS>walton<EOS>     ,boy,"['w', 'a', 'l', 't', 'o', 'n']",6,1.0,"[1, 25, 3, 14, 22, 17, 16, 2, 0, 0, 0, 0, 0]"
2508,<SOS>reinaldo<EOS>   ,boy,"['r', 'e', 'i', 'n', 'a', 'l', 'd', 'o']",8,1.0,"[1, 20, 7, 11, 16, 3, 14, 6, 17, 2, 0, 0, 0]"
83,<SOS>stephen<EOS>    ,boy,"['s', 't', 'e', 'p', 'h', 'e', 'n']",7,1.0,"[1, 21, 22, 7, 18, 10, 7, 16, 2, 0, 0, 0, 0]"
5290,<SOS>elyse<EOS>      ,girl,"['e', 'l', 'y', 's', 'e']",5,0.0,"[1, 7, 14, 27, 21, 7, 2, 0, 0, 0, 0, 0, 0]"
2382,<SOS>rand<EOS>       ,boy,"['r', 'a', 'n', 'd']",4,1.0,"[1, 20, 3, 16, 6, 2, 0, 0, 0, 0, 0, 0, 0]"
3312,<SOS>jase<EOS>       ,boy,"['j', 'a', 's', 'e']",4,1.0,"[1, 12, 3, 21, 7, 2, 0, 0, 0, 0, 0, 0, 0]"
4185,<SOS>arabella<EOS>   ,girl,"['a', 'r', 'a', 'b', 'e', 'l', 'l', 'a']",8,0.0,"[1, 3, 20, 3, 4, 7, 14, 14, 3, 2, 0, 0, 0]"
2950,<SOS>octavius<EOS>   ,boy,"['o', 'c', 't', 'a', 'v', 'i', 'u', 's']",8,1.0,"[1, 17, 5, 22, 3, 24, 11, 23, 21, 2, 0, 0, 0]"
2925,<SOS>dandre<EOS>     ,boy,"['d', 'a', 'n', 'd', 'r', 'e']",6,1.0,"[1, 6, 3, 16, 6, 20, 7, 2, 0, 0, 0, 0, 0]"
6231,<SOS>moriah<EOS>     ,girl,"['m', 'o', 'r', 'i', 'a', 'h']",6,0.0,"[1, 15, 17, 20, 11, 3, 10, 2, 0, 0, 0, 0, 0]"
2849,<SOS>jarrad<EOS>     ,boy,"['j', 'a', 'r', 'r', 'a', 'd']",6,1.0,"[1, 12, 3, 20, 20, 3, 6, 2, 0, 0, 0, 0, 0]"
3417,<SOS>marley<EOS>     ,boy,"['m', 'a', 'r', 'l', 'e', 'y']",6,1.0,"[1, 15, 3, 20, 14, 7, 27, 2, 0, 0, 0, 0, 0]"
2306,<SOS>judith<EOS>     ,boy,"['j', 'u', 'd', 'i', 't', 'h']",6,1.0,"[1, 12, 23, 6, 11, 22, 10, 2, 0, 0, 0, 0, 0]"
5817,<SOS>contina<EOS>    ,girl,"['c', 'o', 'n', 't', 'i', 'n', 'a']",7,0.0,"[1, 5, 17, 16, 22, 11, 16, 3, 2, 0, 0, 0, 0]"
5443,<SOS>vernita<EOS>    ,girl,"['v', 'e', 'r', 'n', 'i', 't', 'a']",7,0.0,"[1, 24, 7, 20, 16, 11, 22, 3, 2, 0, 0, 0, 0]"
6212,<SOS>katlin<EOS>     ,girl,"['k', 'a', 't', 'l', 'i', 'n']",6,0.0,"[1, 13, 3, 22, 14, 11, 16, 2, 0, 0, 0, 0, 0]"
2417,<SOS>kimberly<EOS>   ,boy,"['k', 'i', 'm', 'b', 'e', 'r', 'l', 'y']",8,1.0,"[1, 13, 11, 15, 4, 7, 20, 14, 27, 2, 0, 0, 0]"
381,<SOS>alphonse<EOS>   ,boy,"['a', 'l', 'p', 'h', 'o', 'n', 's', 'e']",8,1.0,"[1, 3, 14, 18, 10, 17, 16, 21, 7, 2, 0, 0, 0]"
1431,<SOS>blain<EOS>      ,boy,"['b', 'l', 'a', 'i', 'n']",5,1.0,"[1, 4, 14, 3, 11, 16, 2, 0, 0, 0, 0, 0, 0]"
5253,<SOS>cassandra<EOS>  ,girl,"['c', 'a', 's', 's', 'a', 'n', 'd', 'r', 'a']",9,0.0,"[1, 5, 3, 21, 21, 3, 16, 6, 20, 3, 2, 0, 0]"
4236,<SOS>exa<EOS>        ,girl,"['e', 'x', 'a']",3,0.0,"[1, 7, 26, 3, 2, 0, 0, 0, 0, 0, 0, 0, 0]"
2553,<SOS>rodrigo<EOS>    ,boy,"['r', 'o', 'd', 'r', 'i', 'g', 'o']",7,1.0,"[1, 20, 17, 6, 20, 11, 9, 17, 2, 0, 0, 0, 0]"
4119,<SOS>alfreda<EOS>    ,girl,"['a', 'l', 'f', 'r', 'e', 'd', 'a']",7,0.0,"[1, 3, 14, 8, 20, 7, 6, 3, 2, 0, 0, 0, 0]"
4531,<SOS>hildur<EOS>     ,girl,"['h', 'i', 'l', 'd', 'u', 'r']",6,0.0,"[1, 10, 11, 14, 6, 23, 20, 2, 0, 0, 0, 0, 0]"
3639,<SOS>marietta<EOS>   ,girl,"['m', 'a', 'r', 'i', 'e', 't', 't', 'a']",8,0.0,"[1, 15, 3, 20, 11, 7, 22, 22, 3, 2, 0, 0, 0]"
4056,<SOS>gwendolyn<EOS>  ,girl,"['g', 'w', 'e', 'n', 'd', 'o', 'l', 'y', 'n']",9,0.0,"[1, 9, 25, 7, 16, 6, 17, 14, 27, 16, 2, 0, 0]"
4880,<SOS>erline<EOS>     ,girl,"['e', 'r', 'l', 'i', 'n', 'e']",6,0.0,"[1, 7, 20, 14, 11, 16, 7, 2, 0, 0, 0, 0, 0]"
1349,<SOS>emett<EOS>      ,boy,"['e', 'm', 'e', 't', 't']",5,1.0,"[1, 7, 15, 7, 22, 22, 2, 0, 0, 0, 0, 0, 0]"
2811,<SOS>kaleb<EOS>      ,boy,"['k', 'a', 'l', 'e', 'b']",5,1.0,"[1, 13, 3, 14, 7, 4, 2, 0, 0, 0, 0, 0, 0]"
3949,<SOS>ardelia<EOS>    ,girl,"['a', 'r', 'd', 'e', 'l', 'i', 'a']",7,0.0,"[1, 3, 20, 6, 7, 14, 11, 3, 2, 0, 0, 0, 0]"
149,<SOS>wallace<EOS>    ,boy,"['w', 'a', 'l', 'l', 'a', 'c', 'e']",7,1.0,"[1, 25, 3, 14, 14, 3, 5, 7, 2, 0, 0, 0, 0]"
5655,<SOS>bethann<EOS>    ,girl,"['b', 'e', 't', 'h', 'a', 'n', 'n']",7,0.0,"[1, 4, 7, 22, 10, 3, 16, 16, 2, 0, 0, 0, 0]"
6456,<SOS>daijah<EOS>     ,girl,"['d', 'a', 'i', 'j', 'a', 'h']",6,0.0,"[1, 6, 3, 11, 12, 3, 10, 2, 0, 0, 0, 0, 0]"
2901,<SOS>brandin<EOS>    ,boy,"['b', 'r', 'a', 'n', 'd', 'i', 'n']",7,1.0,"[1, 4, 20, 3, 16, 6, 11, 16, 2, 0, 0, 0, 0]"
3255,<SOS>kavon<EOS>      ,boy,"['k', 'a', 'v', 'o', 'n']",5,1.0,"[1, 13, 3, 24, 17, 16, 2, 0, 0, 0, 0, 0, 0]"
1935,<SOS>ozie<EOS>       ,boy,"['o', 'z', 'i', 'e']",4,1.0,"[1, 17, 28, 11, 7, 2, 0, 0, 0, 0, 0, 0, 0]"
5760,<SOS>toya<EOS>       ,girl,"['t', 'o', 'y', 'a']",4,0.0,"[1, 22, 17, 27, 3, 2, 0, 0, 0, 0, 0, 0, 0]"
5882,<SOS>syreeta<EOS>    ,girl,"['s', 'y', 'r', 'e', 'e', 't', 'a']",7,0.0,"[1, 21, 27, 20, 7, 7, 22, 3, 2, 0, 0, 0, 0]"
2605,<SOS>derik<EOS>      ,boy,"['d', 'e', 'r', 'i', 'k']",5,1.0,"[1, 6, 7, 20, 11, 13, 2, 0, 0, 0, 0, 0, 0]"
4214,<SOS>mirtie<EOS>     ,girl,"['m', 'i', 'r', 't', 'i', 'e']",6,0.0,"[1, 15, 11, 20, 22, 11, 7, 2, 0, 0, 0, 0, 0]"
3568,<SOS>lyda<EOS>       ,girl,"['l', 'y', 'd', 'a']",4,0.0,"[1, 14, 27, 6, 3, 2, 0, 0, 0, 0, 0, 0, 0]"
2923,<SOS>terell<EOS>     ,boy,"['t', 'e', 'r', 'e', 'l', 'l']",6,1.0,"[1, 22, 7, 20, 7, 14, 14, 2, 0, 0, 0, 0, 0]"
4497,<SOS>beda<EOS>       ,girl,"['b', 'e', 'd', 'a']",4,0.0,"[1, 4, 7, 6, 3, 2, 0, 0, 0, 0, 0, 0, 0]"
306,<SOS>ervin<EOS>      ,boy,"['e', 'r', 'v', 'i', 'n']",5,1.0,"[1, 7, 20, 24, 11, 16, 2, 0, 0, 0, 0, 0, 0]"
5662,<SOS>tatia<EOS>      ,girl,"['t', 'a', 't', 'i', 'a']",5,0.0,"[1, 22, 3, 22, 11, 3, 2, 0, 0, 0, 0, 0, 0]"
2240,<SOS>darl<EOS>       ,boy,"['d', 'a', 'r', 'l']",4,1.0,"[1, 6, 3, 20, 14, 2, 0, 0, 0, 0, 0, 0, 0]"
4527,<SOS>clotilde<EOS>   ,girl,"['c', 'l', 'o', 't', 'i', 'l', 'd', 'e']",8,0.0,"[1, 5, 14, 17, 22, 11, 14, 6, 7, 2, 0, 0, 0]"
5591,<SOS>marti<EOS>      ,girl,"['m', 'a', 'r', 't', 'i']",5,0.0,"[1, 15, 3, 20, 22, 11, 2, 0, 0, 0, 0, 0, 0]"
691,<SOS>clara<EOS>      ,boy,"['c', 'l', 'a', 'r', 'a']",5,1.0,"[1, 5, 14, 3, 20, 3, 2, 0, 0, 0, 0, 0, 0]"
1904,<SOS>haven<EOS>      ,boy,"['h', 'a', 'v', 'e', 'n']",5,1.0,"[1, 10, 3, 24, 7, 16, 2, 0, 0, 0, 0, 0, 0]"
2213,<SOS>barbara<EOS>    ,boy,"['b', 'a', 'r', 'b', 'a', 'r', 'a']",7,1.0,"[1, 4, 3, 20, 4, 3, 20, 3, 2, 0, 0, 0, 0]"
5326,<SOS>jacalyn<EOS>    ,girl,"['j', 'a', 'c', 'a', 'l', 'y', 'n']",7,0.0,"[1, 12, 3, 5, 3, 14, 27, 16, 2, 0, 0, 0, 0]"
3879,<SOS>media<EOS>      ,girl,"['m', 'e', 'd', 'i', 'a']",5,0.0,"[1, 15, 7, 6, 11, 3, 2, 0, 0, 0, 0, 0, 0]"
3099,<SOS>markel<EOS>     ,boy,"['m', 'a', 'r', 'k', 'e', 'l']",6,1.0,"[1, 15, 3, 20, 13, 7, 14, 2, 0, 0, 0, 0, 0]"
348,<SOS>roger<EOS>      ,boy,"['r', 'o', 'g', 'e', 'r']",5,1.0,"[1, 20, 17, 9, 7, 20, 2, 0, 0, 0, 0, 0, 0]"
2793,<SOS>tanner<EOS>     ,boy,"['t', 'a', 'n', 'n', 'e', 'r']",6,1.0,"[1, 22, 3, 16, 16, 7, 20, 2, 0, 0, 0, 0, 0]"
4345,<SOS>cathern<EOS>    ,girl,"['c', 'a', 't', 'h', 'e', 'r', 'n']",7,0.0,"[1, 5, 3, 22, 10, 7, 20, 16, 2, 0, 0, 0, 0]"
6282,<SOS>eryn<EOS>       ,girl,"['e', 'r', 'y', 'n']",4,0.0,"[1, 7, 20, 27, 16, 2, 0, 0, 0, 0, 0, 0, 0]"
4136,<SOS>chanie<EOS>     ,girl,"['c', 'h', 'a', 'n', 'i', 'e']",6,0.0,"[1, 5, 10, 3, 16, 11, 7, 2, 0, 0, 0, 0, 0]"
2216,<SOS>sherwin<EOS>    ,boy,"['s', 'h', 'e', 'r', 'w', 'i', 'n']",7,1.0,"[1, 21, 10, 7, 20, 25, 11, 16, 2, 0, 0, 0, 0]"
6491,<SOS>ally<EOS>       ,girl,"['a', 'l', 'l', 'y']",4,0.0,"[1, 3, 14, 14, 27, 2, 0, 0, 0, 0, 0, 0, 0]"
1433,<SOS>bunk<EOS>       ,boy,"['b', 'u', 'n', 'k']",4,1.0,"[1, 4, 23, 16, 13, 2, 0, 0, 0, 0, 0, 0, 0]"
5864,<SOS>mendy<EOS>      ,girl,"['m', 'e', 'n', 'd', 'y']",5,0.0,"[1, 15, 7, 16, 6, 27, 2, 0, 0, 0, 0, 0, 0]"
4070,<SOS>littie<EOS>     ,girl,"['l', 'i', 't', 't', 'i', 'e']",6,0.0,"[1, 14, 11, 22, 22, 11, 7, 2, 0, 0, 0, 0, 0]"
3251,<SOS>gaige<EOS>      ,boy,"['g', 'a', 'i', 'g', 'e']",5,1.0,"[1, 9, 3, 11, 9, 7, 2, 0, 0, 0, 0, 0, 0]"
3403,<SOS>dereon<EOS>     ,boy,"['d', 'e', 'r', 'e', 'o', 'n']",6,1.0,"[1, 6, 7, 20, 7, 17, 16, 2, 0, 0, 0, 0, 0]"
2829,<SOS>dequan<EOS>     ,boy,"['d', 'e', 'q', 'u', 'a', 'n']",6,1.0,"[1, 6, 7, 19, 23, 3, 16, 2, 0, 0, 0, 0, 0]"
4876,<SOS>earlene<EOS>    ,girl,"['e', 'a', 'r', 'l', 'e', 'n', 'e']",7,0.0,"[1, 7, 3, 20, 14, 7, 16, 7, 2, 0, 0, 0, 0]"
136,<SOS>gus<EOS>        ,boy,"['g', 'u', 's']",3,1.0,"[1, 9, 23, 21, 2, 0, 0, 0, 0, 0, 0, 0, 0]"
5699,<SOS>sebrina<EOS>    ,girl,"['s', 'e', 'b', 'r', 'i', 'n', 'a']",7,0.0,"[1, 21, 7, 4, 20, 11, 16, 3, 2, 0, 0, 0, 0]"
4744,<SOS>veta<EOS>       ,girl,"['v', 'e', 't', 'a']",4,0.0,"[1, 24, 7, 22, 3, 2, 0, 0, 0, 0, 0, 0, 0]"
5539,<SOS>ivette<EOS>     ,girl,"['i', 'v', 'e', 't', 't', 'e']",6,0.0,"[1, 11, 24, 7, 22, 22, 7, 2, 0, 0, 0, 0, 0]"
3479,<SOS>christine<EOS>  ,girl,"['c', 'h', 'r', 'i', 's', 't', 'i', 'n', 'e']",9,0.0,"[1, 5, 10, 20, 11, 21, 22, 11, 16, 7, 2, 0, 0]"
1624,<SOS>hart<EOS>       ,boy,"['h', 'a', 'r', 't']",4,1.0,"[1, 10, 3, 20, 22, 2, 0, 0, 0, 0, 0, 0, 0]"
4759,<SOS>aleen<EOS>      ,girl,"['a', 'l', 'e', 'e', 'n']",5,0.0,"[1, 3, 14, 7, 7, 16, 2, 0, 0, 0, 0, 0, 0]"
286,<SOS>louie<EOS>      ,boy,"['l', 'o', 'u', 'i', 'e']",5,1.0,"[1, 14, 17, 23, 11, 7, 2, 0, 0, 0, 0, 0, 0]"
4234,<SOS>elodie<EOS>     ,girl,"['e', 'l', 'o', 'd', 'i', 'e']",6,0.0,"[1, 7, 14, 17, 6, 11, 7, 2, 0, 0, 0, 0, 0]"
3779,<SOS>salome<EOS>     ,girl,"['s', 'a', 'l', 'o', 'm', 'e']",6,0.0,"[1, 21, 3, 14, 17, 15, 7, 2, 0, 0, 0, 0, 0]"
3431,<SOS>callum<EOS>     ,boy,"['c', 'a', 'l', 'l', 'u', 'm']",6,1.0,"[1, 5, 3, 14, 14, 23, 15, 2, 0, 0, 0, 0, 0]"
5573,<SOS>marnita<EOS>    ,girl,"['m', 'a', 'r', 'n', 'i', 't', 'a']",7,0.0,"[1, 15, 3, 20, 16, 11, 22, 3, 2, 0, 0, 0, 0]"
3904,<SOS>eulalia<EOS>    ,girl,"['e', 'u', 'l', 'a', 'l', 'i', 'a']",7,0.0,"[1, 7, 23, 14, 3, 14, 11, 3, 2, 0, 0, 0, 0]"
2910,<SOS>tylor<EOS>      ,boy,"['t', 'y', 'l', 'o', 'r']",5,1.0,"[1, 22, 27, 14, 17, 20, 2, 0, 0, 0, 0, 0, 0]"
2961,<SOS>arsenio<EOS>    ,boy,"['a', 'r', 's', 'e', 'n', 'i', 'o']",7,1.0,"[1, 3, 20, 21, 7, 16, 11, 17, 2, 0, 0, 0, 0]"
1140,<SOS>kyle<EOS>       ,boy,"['k', 'y', 'l', 'e']",4,1.0,"[1, 13, 27, 14, 7, 2, 0, 0, 0, 0, 0, 0, 0]"
6613,<SOS>rianna<EOS>     ,girl,"['r', 'i', 'a', 'n', 'n', 'a']",6,0.0,"[1, 20, 11, 3, 16, 16, 3, 2, 0, 0, 0, 0, 0]"
4150,<SOS>donia<EOS>      ,girl,"['d', 'o', 'n', 'i', 'a']",5,0.0,"[1, 6, 17, 16, 11, 3, 2, 0, 0, 0, 0, 0, 0]"
2982,<SOS>jasmine<EOS>    ,boy,"['j', 'a', 's', 'm', 'i', 'n', 'e']",7,1.0,"[1, 12, 3, 21, 15, 11, 16, 7, 2, 0, 0, 0, 0]"
5874,<SOS>jamila<EOS>     ,girl,"['j', 'a', 'm', 'i', 'l', 'a']",6,0.0,"[1, 12, 3, 15, 11, 14, 3, 2, 0, 0, 0, 0, 0]"
2202,<SOS>jerold<EOS>     ,boy,"['j', 'e', 'r', 'o', 'l', 'd']",6,1.0,"[1, 12, 7, 20, 17, 14, 6, 2, 0, 0, 0, 0, 0]"
1670,<SOS>alver<EOS>      ,boy,"['a', 'l', 'v', 'e', 'r']",5,1.0,"[1, 3, 14, 24, 7, 20, 2, 0, 0, 0, 0, 0, 0]"
4156,<SOS>elzada<EOS>     ,girl,"['e', 'l', 'z', 'a', 'd', 'a']",6,0.0,"[1, 7, 14, 28, 3, 6, 3, 2, 0, 0, 0, 0, 0]"
575,<SOS>burr<EOS>       ,boy,"['b', 'u', 'r', 'r']",4,1.0,"[1, 4, 23, 20, 20, 2, 0, 0, 0, 0, 0, 0, 0]"
6354,<SOS>kailyn<EOS>     ,girl,"['k', 'a', 'i', 'l', 'y', 'n']",6,0.0,"[1, 13, 3, 11, 14, 27, 16, 2, 0, 0, 0, 0, 0]"
2057,<SOS>francesco<EOS>  ,boy,"['f', 'r', 'a', 'n', 'c', 'e', 's', 'c', 'o']",9,1.0,"[1, 8, 20, 3, 16, 5, 7, 21, 5, 17, 2, 0, 0]"
1504,<SOS>bartley<EOS>    ,boy,"['b', 'a', 'r', 't', 'l', 'e', 'y']",7,1.0,"[1, 4, 3, 20, 22, 14, 7, 27, 2, 0, 0, 0, 0]"
5886,<SOS>mistie<EOS>     ,girl,"['m', 'i', 's', 't', 'i', 'e']",6,0.0,"[1, 15, 11, 21, 22, 11, 7, 2, 0, 0, 0, 0, 0]"
2590,<SOS>illya<EOS>      ,boy,"['i', 'l', 'l', 'y', 'a']",5,1.0,"[1, 11, 14, 14, 27, 3, 2, 0, 0, 0, 0, 0, 0]"
5678,<SOS>meghan<EOS>     ,girl,"['m', 'e', 'g', 'h', 'a', 'n']",6,0.0,"[1, 15, 7, 9, 10, 3, 16, 2, 0, 0, 0, 0, 0]"
3646,<SOS>matie<EOS>      ,girl,"['m', 'a', 't', 'i', 'e']",5,0.0,"[1, 15, 3, 22, 11, 7, 2, 0, 0, 0, 0, 0, 0]"
2006,<SOS>severo<EOS>     ,boy,"['s', 'e', 'v', 'e', 'r', 'o']",6,1.0,"[1, 21, 7, 24, 7, 20, 17, 2, 0, 0, 0, 0, 0]"
4903,<SOS>waneta<EOS>     ,girl,"['w', 'a', 'n', 'e', 't', 'a']",6,0.0,"[1, 25, 3, 16, 7, 22, 3, 2, 0, 0, 0, 0, 0]"
4550,<SOS>dosia<EOS>      ,girl,"['d', 'o', 's', 'i', 'a']",5,0.0,"[1, 6, 17, 21, 11, 3, 2, 0, 0, 0, 0, 0, 0]"
2053,<SOS>oland<EOS>      ,boy,"['o', 'l', 'a', 'n', 'd']",5,1.0,"[1, 17, 14, 3, 16, 6, 2, 0, 0, 0, 0, 0, 0]"
6735,<SOS>jaeda<EOS>      ,girl,"['j', 'a', 'e', 'd', 'a']",5,0.0,"[1, 12, 3, 7, 6, 3, 2, 0, 0, 0, 0, 0, 0]"
1491,<SOS>chase<EOS>      ,boy,"['c', 'h', 'a', 's', 'e']",5,1.0,"[1, 5, 10, 3, 21, 7, 2, 0, 0, 0, 0, 0, 0]"
2129,<SOS>jerald<EOS>     ,boy,"['j', 'e', 'r', 'a', 'l', 'd']",6,1.0,"[1, 12, 7, 20, 3, 14, 6, 2, 0, 0, 0, 0, 0]"
1937,<SOS>santos<EOS>     ,boy,"['s', 'a', 'n', 't', 'o', 's']",6,1.0,"[1, 21, 3, 16, 22, 17, 21, 2, 0, 0, 0, 0, 0]"
986,<SOS>ivy<EOS>        ,boy,"['i', 'v', 'y']",3,1.0,"[1, 11, 24, 27, 2, 0, 0, 0, 0, 0, 0, 0, 0]"
1141,<SOS>lane<EOS>       ,boy,"['l', 'a', 'n', 'e']",4,1.0,"[1, 14, 3, 16, 7, 2, 0, 0, 0, 0, 0, 0, 0]"
5243,<SOS>geri<EOS>       ,girl,"['g', 'e', 'r', 'i']",4,0.0,"[1, 9, 7, 20, 11, 2, 0, 0, 0, 0, 0, 0, 0]"
1889,<SOS>schley<EOS>     ,boy,"['s', 'c', 'h', 'l', 'e', 'y']",6,1.0,"[1, 21, 5, 10, 14, 7, 27, 2, 0, 0, 0, 0, 0]"
3613,<SOS>elisabeth<EOS>  ,girl,"['e', 'l', 'i', 's', 'a', 'b', 'e', 't', 'h']",9,0.0,"[1, 7, 14, 11, 21, 3, 4, 7, 22, 10, 2, 0, 0]"
56,<SOS>edwin<EOS>      ,boy,"['e', 'd', 'w', 'i', 'n']",5,1.0,"[1, 7, 6, 25, 11, 16, 2, 0, 0, 0, 0, 0, 0]"
610,<SOS>doctor<EOS>     ,boy,"['d', 'o', 'c', 't', 'o', 'r']",6,1.0,"[1, 6, 17, 5, 22, 17, 20, 2, 0, 0, 0, 0, 0]"
1020,<SOS>bessie<EOS>     ,boy,"['b', 'e', 's', 's', 'i', 'e']",6,1.0,"[1, 4, 7, 21, 21, 11, 7, 2, 0, 0, 0, 0, 0]"
3272,<SOS>jadyn<EOS>      ,boy,"['j', 'a', 'd', 'y', 'n']",5,1.0,"[1, 12, 3, 6, 27, 16, 2, 0, 0, 0, 0, 0, 0]"
305,<SOS>dewitt<EOS>     ,boy,"['d', 'e', 'w', 'i', 't', 't']",6,1.0,"[1, 6, 7, 25, 11, 22, 22, 2, 0, 0, 0, 0, 0]"
782,<SOS>lyle<EOS>       ,boy,"['l', 'y', 'l', 'e']",4,1.0,"[1, 14, 27, 14, 7, 2, 0, 0, 0, 0, 0, 0, 0]"
165,<SOS>elbert<EOS>     ,boy,"['e', 'l', 'b', 'e', 'r', 't']",6,1.0,"[1, 7, 14, 4, 7, 20, 22, 2, 0, 0, 0, 0, 0]"
6515,<SOS>amaya<EOS>      ,girl,"['a', 'm', 'a', 'y', 'a']",5,0.0,"[1, 3, 15, 3, 27, 3, 2, 0, 0, 0, 0, 0, 0]"
6107,<SOS>shenna<EOS>     ,girl,"['s', 'h', 'e', 'n', 'n', 'a']",6,0.0,"[1, 21, 10, 7, 16, 16, 3, 2, 0, 0, 0, 0, 0]"
131,<SOS>alvin<EOS>      ,boy,"['a', 'l', 'v', 'i', 'n']",5,1.0,"[1, 3, 14, 24, 11, 16, 2, 0, 0, 0, 0, 0, 0]"
4831,<SOS>dimple<EOS>     ,girl,"['d', 'i', 'm', 'p', 'l', 'e']",6,0.0,"[1, 6, 11, 15, 18, 14, 7, 2, 0, 0, 0, 0, 0]"
1027,<SOS>hartwell<EOS>   ,boy,"['h', 'a', 'r', 't', 'w', 'e', 'l', 'l']",8,1.0,"[1, 10, 3, 20, 22, 25, 7, 14, 14, 2, 0, 0, 0]"
2002,<SOS>desmond<EOS>    ,boy,"['d', 'e', 's', 'm', 'o', 'n', 'd']",7,1.0,"[1, 6, 7, 21, 15, 17, 16, 6, 2, 0, 0, 0, 0]"
4775,<SOS>marge<EOS>      ,girl,"['m', 'a', 'r', 'g', 'e']",5,0.0,"[1, 15, 3, 20, 9, 7, 2, 0, 0, 0, 0, 0, 0]"
6365,<SOS>alondra<EOS>    ,girl,"['a', 'l', 'o', 'n', 'd', 'r', 'a']",7,0.0,"[1, 3, 14, 17, 16, 6, 20, 3, 2, 0, 0, 0, 0]"
3477,<SOS>victoria<EOS>   ,girl,"['v', 'i', 'c', 't', 'o', 'r', 'i', 'a']",8,0.0,"[1, 24, 11, 5, 22, 17, 20, 11, 3, 2, 0, 0, 0]"
2388,<SOS>jed<EOS>        ,boy,"['j', 'e', 'd']",3,1.0,"[1, 12, 7, 6, 2, 0, 0, 0, 0, 0, 0, 0, 0]"
1727,<SOS>powell<EOS>     ,boy,"['p', 'o', 'w', 'e', 'l', 'l']",6,1.0,"[1, 18, 17, 25, 7, 14, 14, 2, 0, 0, 0, 0, 0]"
3886,<SOS>tabitha<EOS>    ,girl,"['t', 'a', 'b', 'i', 't', 'h', 'a']",7,0.0,"[1, 22, 3, 4, 11, 22, 10, 3, 2, 0, 0, 0, 0]"
3157,<SOS>keagan<EOS>     ,boy,"['k', 'e', 'a', 'g', 'a', 'n']",6,1.0,"[1, 13, 7, 3, 9, 3, 16, 2, 0, 0, 0, 0, 0]"
1567,<SOS>seldon<EOS>     ,boy,"['s', 'e', 'l', 'd', 'o', 'n']",6,1.0,"[1, 21, 7, 14, 6, 17, 16, 2, 0, 0, 0, 0, 0]"
937,<SOS>chin<EOS>       ,boy,"['c', 'h', 'i', 'n']",4,1.0,"[1, 5, 10, 11, 16, 2, 0, 0, 0, 0, 0, 0, 0]"
4330,<SOS>maybell<EOS>    ,girl,"['m', 'a', 'y', 'b', 'e', 'l', 'l']",7,0.0,"[1, 15, 3, 27, 4, 7, 14, 14, 2, 0, 0, 0, 0]"
5400,<SOS>gwenda<EOS>     ,girl,"['g', 'w', 'e', 'n', 'd', 'a']",6,0.0,"[1, 9, 25, 7, 16, 6, 3, 2, 0, 0, 0, 0, 0]"
5468,<SOS>lorinda<EOS>    ,girl,"['l', 'o', 'r', 'i', 'n', 'd', 'a']",7,0.0,"[1, 14, 17, 20, 11, 16, 6, 3, 2, 0, 0, 0, 0]"
5920,<SOS>nadia<EOS>      ,girl,"['n', 'a', 'd', 'i', 'a']",5,0.0,"[1, 16, 3, 6, 11, 3, 2, 0, 0, 0, 0, 0, 0]"
4254,<SOS>mila<EOS>       ,girl,"['m', 'i', 'l', 'a']",4,0.0,"[1, 15, 11, 14, 3, 2, 0, 0, 0, 0, 0, 0, 0]"
4674,<SOS>willia<EOS>     ,girl,"['w', 'i', 'l', 'l', 'i', 'a']",6,0.0,"[1, 25, 11, 14, 14, 11, 3, 2, 0, 0, 0, 0, 0]"
198,<SOS>arch<EOS>       ,boy,"['a', 'r', 'c', 'h']",4,1.0,"[1, 3, 20, 5, 10, 2, 0, 0, 0, 0, 0, 0, 0]"
2189,<SOS>dwaine<EOS>     ,boy,"['d', 'w', 'a', 'i', 'n', 'e']",6,1.0,"[1, 6, 25, 3, 11, 16, 7, 2, 0, 0, 0, 0, 0]"
6430,<SOS>moesha<EOS>     ,girl,"['m', 'o', 'e', 's', 'h', 'a']",6,0.0,"[1, 15, 17, 7, 21, 10, 3, 2, 0, 0, 0, 0, 0]"
6578,<SOS>marlen<EOS>     ,girl,"['m', 'a', 'r', 'l', 'e', 'n']",6,0.0,"[1, 15, 3, 20, 14, 7, 16, 2, 0, 0, 0, 0, 0]"
4856,<SOS>launa<EOS>      ,girl,"['l', 'a', 'u', 'n', 'a']",5,0.0,"[1, 14, 3, 23, 16, 3, 2, 0, 0, 0, 0, 0, 0]"
2717,<SOS>jeremie<EOS>    ,boy,"['j', 'e', 'r', 'e', 'm', 'i', 'e']",7,1.0,"[1, 12, 7, 20, 7, 15, 11, 7, 2, 0, 0, 0, 0]"
4482,<SOS>sadye<EOS>      ,girl,"['s', 'a', 'd', 'y', 'e']",5,0.0,"[1, 21, 3, 6, 27, 7, 2, 0, 0, 0, 0, 0, 0]"
817,<SOS>arlington<EOS>  ,boy,"['a', 'r', 'l', 'i', 'n', 'g', 't', 'o', 'n']",9,1.0,"[1, 3, 20, 14, 11, 16, 9, 22, 17, 16, 2, 0, 0]"
6334,<SOS>shaniece<EOS>   ,girl,"['s', 'h', 'a', 'n', 'i', 'e', 'c', 'e']",8,0.0,"[1, 21, 10, 3, 16, 11, 7, 5, 7, 2, 0, 0, 0]"
4039,<SOS>concepcion<EOS> ,girl,"['c', 'o', 'n', 'c', 'e', 'p', 'c', 'i', 'o', 'n']",10,0.0,"[1, 5, 17, 16, 5, 7, 18, 5, 11, 17, 16, 2, 0]"
1499,<SOS>estevan<EOS>    ,boy,"['e', 's', 't', 'e', 'v', 'a', 'n']",7,1.0,"[1, 7, 21, 22, 7, 24, 3, 16, 2, 0, 0, 0, 0]"
956,<SOS>esau<EOS>       ,boy,"['e', 's', 'a', 'u']",4,1.0,"[1, 7, 21, 3, 23, 2, 0, 0, 0, 0, 0, 0, 0]"
2386,<SOS>skip<EOS>       ,boy,"['s', 'k', 'i', 'p']",4,1.0,"[1, 21, 13, 11, 18, 2, 0, 0, 0, 0, 0, 0, 0]"
4481,<SOS>gennie<EOS>     ,girl,"['g', 'e', 'n', 'n', 'i', 'e']",6,0.0,"[1, 9, 7, 16, 16, 11, 7, 2, 0, 0, 0, 0, 0]"
2355,<SOS>rickie<EOS>     ,boy,"['r', 'i', 'c', 'k', 'i', 'e']",6,1.0,"[1, 20, 11, 5, 13, 11, 7, 2, 0, 0, 0, 0, 0]"
1962,<SOS>clarnce<EOS>    ,boy,"['c', 'l', 'a', 'r', 'n', 'c', 'e']",7,1.0,"[1, 5, 14, 3, 20, 16, 5, 7, 2, 0, 0, 0, 0]"
555,<SOS>phil<EOS>       ,boy,"['p', 'h', 'i', 'l']",4,1.0,"[1, 18, 10, 11, 14, 2, 0, 0, 0, 0, 0, 0, 0]"
3970,<SOS>ednah<EOS>      ,girl,"['e', 'd', 'n', 'a', 'h']",5,0.0,"[1, 7, 6, 16, 3, 10, 2, 0, 0, 0, 0, 0, 0]"
4277,<SOS>amelie<EOS>     ,girl,"['a', 'm', 'e', 'l', 'i', 'e']",6,0.0,"[1, 3, 15, 7, 14, 11, 7, 2, 0, 0, 0, 0, 0]"
3073,<SOS>deondre<EOS>    ,boy,"['d', 'e', 'o', 'n', 'd', 'r', 'e']",7,1.0,"[1, 6, 7, 17, 16, 6, 20, 7, 2, 0, 0, 0, 0]"
2088,<SOS>amerigo<EOS>    ,boy,"['a', 'm', 'e', 'r', 'i', 'g', 'o']",7,1.0,"[1, 3, 15, 7, 20, 11, 9, 17, 2, 0, 0, 0, 0]"
1573,<SOS>laura<EOS>      ,boy,"['l', 'a', 'u', 'r', 'a']",5,1.0,"[1, 14, 3, 23, 20, 3, 2, 0, 0, 0, 0, 0, 0]"
4495,<SOS>alzina<EOS>     ,girl,"['a', 'l', 'z', 'i', 'n', 'a']",6,0.0,"[1, 3, 14, 28, 11, 16, 3, 2, 0, 0, 0, 0, 0]"
2927,<SOS>joshuah<EOS>    ,boy,"['j', 'o', 's', 'h', 'u', 'a', 'h']",7,1.0,"[1, 12, 17, 21, 10, 23, 3, 10, 2, 0, 0, 0, 0]"
1594,<SOS>gilford<EOS>    ,boy,"['g', 'i', 'l', 'f', 'o', 'r', 'd']",7,1.0,"[1, 9, 11, 14, 8, 17, 20, 6, 2, 0, 0, 0, 0]"
1965,<SOS>nathen<EOS>     ,boy,"['n', 'a', 't', 'h', 'e', 'n']",6,1.0,"[1, 16, 3, 22, 10, 7, 16, 2, 0, 0, 0, 0, 0]"
5388,<SOS>lourdes<EOS>    ,girl,"['l', 'o', 'u', 'r', 'd', 'e', 's']",7,0.0,"[1, 14, 17, 23, 20, 6, 7, 21, 2, 0, 0, 0, 0]"
466,<SOS>christ<EOS>     ,boy,"['c', 'h', 'r', 'i', 's', 't']",6,1.0,"[1, 5, 10, 20, 11, 21, 22, 2, 0, 0, 0, 0, 0]"
5856,<SOS>vonetta<EOS>    ,girl,"['v', 'o', 'n', 'e', 't', 't', 'a']",7,0.0,"[1, 24, 17, 16, 7, 22, 22, 3, 2, 0, 0, 0, 0]"
2584,<SOS>chadwick<EOS>   ,boy,"['c', 'h', 'a', 'd', 'w', 'i', 'c', 'k']",8,1.0,"[1, 5, 10, 3, 6, 25, 11, 5, 13, 2, 0, 0, 0]"
4272,<SOS>alabama<EOS>    ,girl,"['a', 'l', 'a', 'b', 'a', 'm', 'a']",7,0.0,"[1, 3, 14, 3, 4, 3, 15, 3, 2, 0, 0, 0, 0]"
2400,<SOS>corey<EOS>      ,boy,"['c', 'o', 'r', 'e', 'y']",5,1.0,"[1, 5, 17, 20, 7, 27, 2, 0, 0, 0, 0, 0, 0]"
926,<SOS>blaine<EOS>     ,boy,"['b', 'l', 'a', 'i', 'n', 'e']",6,1.0,"[1, 4, 14, 3, 11, 16, 7, 2, 0, 0, 0, 0, 0]"
3246,<SOS>kaiden<EOS>     ,boy,"['k', 'a', 'i', 'd', 'e', 'n']",6,1.0,"[1, 13, 3, 11, 6, 7, 16, 2, 0, 0, 0, 0, 0]"
6655,<SOS>charlize<EOS>   ,girl,"['c', 'h', 'a', 'r', 'l', 'i', 'z', 'e']",8,0.0,"[1, 5, 10, 3, 20, 14, 11, 28, 7, 2, 0, 0, 0]"
3147,<SOS>raquan<EOS>     ,boy,"['r', 'a', 'q', 'u', 'a', 'n']",6,1.0,"[1, 20, 3, 19, 23, 3, 16, 2, 0, 0, 0, 0, 0]"
557,<SOS>santiago<EOS>   ,boy,"['s', 'a', 'n', 't', 'i', 'a', 'g', 'o']",8,1.0,"[1, 21, 3, 16, 22, 11, 3, 9, 17, 2, 0, 0, 0]"
5497,<SOS>stacie<EOS>     ,girl,"['s', 't', 'a', 'c', 'i', 'e']",6,0.0,"[1, 21, 22, 3, 5, 11, 7, 2, 0, 0, 0, 0, 0]"
6109,<SOS>savanna<EOS>    ,girl,"['s', 'a', 'v', 'a', 'n', 'n', 'a']",7,0.0,"[1, 21, 3, 24, 3, 16, 16, 3, 2, 0, 0, 0, 0]"
991,<SOS>julious<EOS>    ,boy,"['j', 'u', 'l', 'i', 'o', 'u', 's']",7,1.0,"[1, 12, 23, 14, 11, 17, 23, 21, 2, 0, 0, 0, 0]"
4523,<SOS>lurana<EOS>     ,girl,"['l', 'u', 'r', 'a', 'n', 'a']",6,0.0,"[1, 14, 23, 20, 3, 16, 3, 2, 0, 0, 0, 0, 0]"
4967,<SOS>kiyoko<EOS>     ,girl,"['k', 'i', 'y', 'o', 'k', 'o']",6,0.0,"[1, 13, 11, 27, 17, 13, 17, 2, 0, 0, 0, 0, 0]"
2020,<SOS>hansel<EOS>     ,boy,"['h', 'a', 'n', 's', 'e', 'l']",6,1.0,"[1, 10, 3, 16, 21, 7, 14, 2, 0, 0, 0, 0, 0]"
5875,<SOS>tanika<EOS>     ,girl,"['t', 'a', 'n', 'i', 'k', 'a']",6,0.0,"[1, 22, 3, 16, 11, 13, 3, 2, 0, 0, 0, 0, 0]"
250,<SOS>edmond<EOS>     ,boy,"['e', 'd', 'm', 'o', 'n', 'd']",6,1.0,"[1, 7, 6, 15, 17, 16, 6, 2, 0, 0, 0, 0, 0]"
594,<SOS>rolland<EOS>    ,boy,"['r', 'o', 'l', 'l', 'a', 'n', 'd']",7,1.0,"[1, 20, 17, 14, 14, 3, 16, 6, 2, 0, 0, 0, 0]"
3146,<SOS>keion<EOS>      ,boy,"['k', 'e', 'i', 'o', 'n']",5,1.0,"[1, 13, 7, 11, 17, 16, 2, 0, 0, 0, 0, 0, 0]"
288,<SOS>ned<EOS>        ,boy,"['n', 'e', 'd']",3,1.0,"[1, 16, 7, 6, 2, 0, 0, 0, 0, 0, 0, 0, 0]"
4189,<SOS>gusta<EOS>      ,girl,"['g', 'u', 's', 't', 'a']",5,0.0,"[1, 9, 23, 21, 22, 3, 2, 0, 0, 0, 0, 0, 0]"
3953,<SOS>aurora<EOS>     ,girl,"['a', 'u', 'r', 'o', 'r', 'a']",6,0.0,"[1, 3, 23, 20, 17, 20, 3, 2, 0, 0, 0, 0, 0]"
1613,<SOS>nils<EOS>       ,boy,"['n', 'i', 'l', 's']",4,1.0,"[1, 16, 11, 14, 21, 2, 0, 0, 0, 0, 0, 0, 0]"
5951,<SOS>shawnte<EOS>    ,girl,"['s', 'h', 'a', 'w', 'n', 't', 'e']",7,0.0,"[1, 21, 10, 3, 25, 16, 22, 7, 2, 0, 0, 0, 0]"
1628,<SOS>jacques<EOS>    ,boy,"['j', 'a', 'c', 'q', 'u', 'e', 's']",7,1.0,"[1, 12, 3, 5, 19, 23, 7, 21, 2, 0, 0, 0, 0]"
6672,<SOS>zariah<EOS>     ,girl,"['z', 'a', 'r', 'i', 'a', 'h']",6,0.0,"[1, 28, 3, 20, 11, 3, 10, 2, 0, 0, 0, 0, 0]"
5754,<SOS>kira<EOS>       ,girl,"['k', 'i', 'r', 'a']",4,0.0,"[1, 13, 11, 20, 3, 2, 0, 0, 0, 0, 0, 0, 0]"
568,<SOS>winfred<EOS>    ,boy,"['w', 'i', 'n', 'f', 'r', 'e', 'd']",7,1.0,"[1, 25, 11, 16, 8, 20, 7, 6, 2, 0, 0, 0, 0]"
2236,<SOS>arlis<EOS>      ,boy,"['a', 'r', 'l', 'i', 's']",5,1.0,"[1, 3, 20, 14, 11, 21, 2, 0, 0, 0, 0, 0, 0]"
4584,<SOS>judie<EOS>      ,girl,"['j', 'u', 'd', 'i', 'e']",5,0.0,"[1, 12, 23, 6, 11, 7, 2, 0, 0, 0, 0, 0, 0]"
279,<SOS>forrest<EOS>    ,boy,"['f', 'o', 'r', 'r', 'e', 's', 't']",7,1.0,"[1, 8, 17, 20, 20, 7, 21, 22, 2, 0, 0, 0, 0]"
2153,<SOS>harding<EOS>    ,boy,"['h', 'a', 'r', 'd', 'i', 'n', 'g']",7,1.0,"[1, 10, 3, 20, 6, 11, 16, 9, 2, 0, 0, 0, 0]"
5210,<SOS>dotty<EOS>      ,girl,"['d', 'o', 't', 't', 'y']",5,0.0,"[1, 6, 17, 22, 22, 27, 2, 0, 0, 0, 0, 0, 0]"
1057,<SOS>rollo<EOS>      ,boy,"['r', 'o', 'l', 'l', 'o']",5,1.0,"[1, 20, 17, 14, 14, 17, 2, 0, 0, 0, 0, 0, 0]"
6174,<SOS>janay<EOS>      ,girl,"['j', 'a', 'n', 'a', 'y']",5,0.0,"[1, 12, 3, 16, 3, 27, 2, 0, 0, 0, 0, 0, 0]"
5612,<SOS>mia<EOS>        ,girl,"['m', 'i', 'a']",3,0.0,"[1, 15, 11, 3, 2, 0, 0, 0, 0, 0, 0, 0, 0]"
72,<SOS>alexander<EOS>  ,boy,"['a', 'l', 'e', 'x', 'a', 'n', 'd', 'e', 'r']",9,1.0,"[1, 3, 14, 7, 26, 3, 16, 6, 7, 20, 2, 0, 0]"
5311,<SOS>janeen<EOS>     ,girl,"['j', 'a', 'n', 'e', 'e', 'n']",6,0.0,"[1, 12, 3, 16, 7, 7, 16, 2, 0, 0, 0, 0, 0]"
4115,<SOS>wilma<EOS>      ,girl,"['w', 'i', 'l', 'm', 'a']",5,0.0,"[1, 25, 11, 14, 15, 3, 2, 0, 0, 0, 0, 0, 0]"
2282,<SOS>mel<EOS>        ,boy,"['m', 'e', 'l']",3,1.0,"[1, 15, 7, 14, 2, 0, 0, 0, 0, 0, 0, 0, 0]"
2661,<SOS>brandt<EOS>     ,boy,"['b', 'r', 'a', 'n', 'd', 't']",6,1.0,"[1, 4, 20, 3, 16, 6, 22, 2, 0, 0, 0, 0, 0]"
4665,<SOS>concetta<EOS>   ,girl,"['c', 'o', 'n', 'c', 'e', 't', 't', 'a']",8,0.0,"[1, 5, 17, 16, 5, 7, 22, 22, 3, 2, 0, 0, 0]"
4768,<SOS>oleta<EOS>      ,girl,"['o', 'l', 'e', 't', 'a']",5,0.0,"[1, 17, 14, 7, 22, 3, 2, 0, 0, 0, 0, 0, 0]"
809,<SOS>albin<EOS>      ,boy,"['a', 'l', 'b', 'i', 'n']",5,1.0,"[1, 3, 14, 4, 11, 16, 2, 0, 0, 0, 0, 0, 0]"
1844,<SOS>saint<EOS>      ,boy,"['s', 'a', 'i', 'n', 't']",5,1.0,"[1, 21, 3, 11, 16, 22, 2, 0, 0, 0, 0, 0, 0]"
6758,<SOS>nylah<EOS>      ,girl,"['n', 'y', 'l', 'a', 'h']",5,0.0,"[1, 16, 27, 14, 3, 10, 2, 0, 0, 0, 0, 0, 0]"
6267,<SOS>ivana<EOS>      ,girl,"['i', 'v', 'a', 'n', 'a']",5,0.0,"[1, 11, 24, 3, 16, 3, 2, 0, 0, 0, 0, 0, 0]"
2055,<SOS>samie<EOS>      ,boy,"['s', 'a', 'm', 'i', 'e']",5,1.0,"[1, 21, 3, 15, 11, 7, 2, 0, 0, 0, 0, 0, 0]"
1526,<SOS>ham<EOS>        ,boy,"['h', 'a', 'm']",3,1.0,"[1, 10, 3, 15, 2, 0, 0, 0, 0, 0, 0, 0, 0]"
2762,<SOS>tavares<EOS>    ,boy,"['t', 'a', 'v', 'a', 'r', 'e', 's']",7,1.0,"[1, 22, 3, 24, 3, 20, 7, 21, 2, 0, 0, 0, 0]"
735,<SOS>rutherford<EOS> ,boy,"['r', 'u', 't', 'h', 'e', 'r', 'f', 'o', 'r', 'd']",10,1.0,"[1, 20, 23, 22, 10, 7, 20, 8, 17, 20, 6, 2, 0]"
6183,<SOS>kaela<EOS>      ,girl,"['k', 'a', 'e', 'l', 'a']",5,0.0,"[1, 13, 3, 7, 14, 3, 2, 0, 0, 0, 0, 0, 0]"
657,<SOS>isadore<EOS>    ,boy,"['i', 's', 'a', 'd', 'o', 'r', 'e']",7,1.0,"[1, 11, 21, 3, 6, 17, 20, 7, 2, 0, 0, 0, 0]"
3969,<SOS>doshia<EOS>     ,girl,"['d', 'o', 's', 'h', 'i', 'a']",6,0.0,"[1, 6, 17, 21, 10, 11, 3, 2, 0, 0, 0, 0, 0]"
6261,<SOS>isamar<EOS>     ,girl,"['i', 's', 'a', 'm', 'a', 'r']",6,0.0,"[1, 11, 21, 3, 15, 3, 20, 2, 0, 0, 0, 0, 0]"
65,<SOS>ira<EOS>        ,boy,"['i', 'r', 'a']",3,1.0,"[1, 11, 20, 3, 2, 0, 0, 0, 0, 0, 0, 0, 0]"
1794,<SOS>clemmie<EOS>    ,boy,"['c', 'l', 'e', 'm', 'm', 'i', 'e']",7,1.0,"[1, 5, 14, 7, 15, 15, 11, 7, 2, 0, 0, 0, 0]"
4141,<SOS>cleora<EOS>     ,girl,"['c', 'l', 'e', 'o', 'r', 'a']",6,0.0,"[1, 5, 14, 7, 17, 20, 3, 2, 0, 0, 0, 0, 0]"
795,<SOS>rose<EOS>       ,boy,"['r', 'o', 's', 'e']",4,1.0,"[1, 20, 17, 21, 7, 2, 0, 0, 0, 0, 0, 0, 0]"
5847,<SOS>rebeca<EOS>     ,girl,"['r', 'e', 'b', 'e', 'c', 'a']",6,0.0,"[1, 20, 7, 4, 7, 5, 3, 2, 0, 0, 0, 0, 0]"
2422,<SOS>scottie<EOS>    ,boy,"['s', 'c', 'o', 't', 't', 'i', 'e']",7,1.0,"[1, 21, 5, 17, 22, 22, 11, 7, 2, 0, 0, 0, 0]"
4998,<SOS>wanita<EOS>     ,girl,"['w', 'a', 'n', 'i', 't', 'a']",6,0.0,"[1, 25, 3, 16, 11, 22, 3, 2, 0, 0, 0, 0, 0]"
460,<SOS>rollin<EOS>     ,boy,"['r', 'o', 'l', 'l', 'i', 'n']",6,1.0,"[1, 20, 17, 14, 14, 11, 16, 2, 0, 0, 0, 0, 0]"
3792,<SOS>emelie<EOS>     ,girl,"['e', 'm', 'e', 'l', 'i', 'e']",6,0.0,"[1, 7, 15, 7, 14, 11, 7, 2, 0, 0, 0, 0, 0]"
3174,<SOS>raven<EOS>      ,boy,"['r', 'a', 'v', 'e', 'n']",5,1.0,"[1, 20, 3, 24, 7, 16, 2, 0, 0, 0, 0, 0, 0]"
5652,<SOS>latricia<EOS>   ,girl,"['l', 'a', 't', 'r', 'i', 'c', 'i', 'a']",8,0.0,"[1, 14, 3, 22, 20, 11, 5, 11, 3, 2, 0, 0, 0]"
1398,<SOS>wes<EOS>        ,boy,"['w', 'e', 's']",3,1.0,"[1, 25, 7, 21, 2, 0, 0, 0, 0, 0, 0, 0, 0]"
5158,<SOS>glennis<EOS>    ,girl,"['g', 'l', 'e', 'n', 'n', 'i', 's']",7,0.0,"[1, 9, 14, 7, 16, 16, 11, 21, 2, 0, 0, 0, 0]"
2058,<SOS>toivo<EOS>      ,boy,"['t', 'o', 'i', 'v', 'o']",5,1.0,"[1, 22, 17, 11, 24, 17, 2, 0, 0, 0, 0, 0, 0]"
152,<SOS>sylvester<EOS>  ,boy,"['s', 'y', 'l', 'v', 'e', 's', 't', 'e', 'r']",9,1.0,"[1, 21, 27, 14, 24, 7, 21, 22, 7, 20, 2, 0, 0]"
245,<SOS>donald<EOS>     ,boy,"['d', 'o', 'n', 'a', 'l', 'd']",6,1.0,"[1, 6, 17, 16, 3, 14, 6, 2, 0, 0, 0, 0, 0]"
3549,<SOS>kittie<EOS>     ,girl,"['k', 'i', 't', 't', 'i', 'e']",6,0.0,"[1, 13, 11, 22, 22, 11, 7, 2, 0, 0, 0, 0, 0]"
452,<SOS>jules<EOS>      ,boy,"['j', 'u', 'l', 'e', 's']",5,1.0,"[1, 12, 23, 14, 7, 21, 2, 0, 0, 0, 0, 0, 0]"
4504,<SOS>lyla<EOS>       ,girl,"['l', 'y', 'l', 'a']",4,0.0,"[1, 14, 27, 14, 3, 2, 0, 0, 0, 0, 0, 0, 0]"
5030,<SOS>charmaine<EOS>  ,girl,"['c', 'h', 'a', 'r', 'm', 'a', 'i', 'n', 'e']",9,0.0,"[1, 5, 10, 3, 20, 15, 3, 11, 16, 7, 2, 0, 0]"
1712,<SOS>murl<EOS>       ,boy,"['m', 'u', 'r', 'l']",4,1.0,"[1, 15, 23, 20, 14, 2, 0, 0, 0, 0, 0, 0, 0]"
4129,<SOS>buena<EOS>      ,girl,"['b', 'u', 'e', 'n', 'a']",5,0.0,"[1, 4, 23, 7, 16, 3, 2, 0, 0, 0, 0, 0, 0]"
2418,<SOS>ricki<EOS>      ,boy,"['r', 'i', 'c', 'k', 'i']",5,1.0,"[1, 20, 11, 5, 13, 11, 2, 0, 0, 0, 0, 0, 0]"
5293,<SOS>corliss<EOS>    ,girl,"['c', 'o', 'r', 'l', 'i', 's', 's']",7,0.0,"[1, 5, 17, 20, 14, 11, 21, 21, 2, 0, 0, 0, 0]"
2457,<SOS>blane<EOS>      ,boy,"['b', 'l', 'a', 'n', 'e']",5,1.0,"[1, 4, 14, 3, 16, 7, 2, 0, 0, 0, 0, 0, 0]"
445,<SOS>erwin<EOS>      ,boy,"['e', 'r', 'w', 'i', 'n']",5,1.0,"[1, 7, 20, 25, 11, 16, 2, 0, 0, 0, 0, 0, 0]"
2878,<SOS>tuan<EOS>       ,boy,"['t', 'u', 'a', 'n']",4,1.0,"[1, 22, 23, 3, 16, 2, 0, 0, 0, 0, 0, 0, 0]"
5767,<SOS>tiffanie<EOS>   ,girl,"['t', 'i', 'f', 'f', 'a', 'n', 'i', 'e']",8,0.0,"[1, 22, 11, 8, 8, 3, 16, 11, 7, 2, 0, 0, 0]"
5598,<SOS>jena<EOS>       ,girl,"['j', 'e', 'n', 'a']",4,0.0,"[1, 12, 7, 16, 3, 2, 0, 0, 0, 0, 0, 0, 0]"
2243,<SOS>terrance<EOS>   ,boy,"['t', 'e', 'r', 'r', 'a', 'n', 'c', 'e']",8,1.0,"[1, 22, 7, 20, 20, 3, 16, 5, 7, 2, 0, 0, 0]"
3602,<SOS>angeline<EOS>   ,girl,"['a', 'n', 'g', 'e', 'l', 'i', 'n', 'e']",8,0.0,"[1, 3, 16, 9, 7, 14, 11, 16, 7, 2, 0, 0, 0]"
6144,<SOS>jaqueline<EOS>  ,girl,"['j', 'a', 'q', 'u', 'e', 'l', 'i', 'n', 'e']",9,0.0,"[1, 12, 3, 19, 23, 7, 14, 11, 16, 7, 2, 0, 0]"
3294,<SOS>amarion<EOS>    ,boy,"['a', 'm', 'a', 'r', 'i', 'o', 'n']",7,1.0,"[1, 3, 15, 3, 20, 11, 17, 16, 2, 0, 0, 0, 0]"
2891,<SOS>trumaine<EOS>   ,boy,"['t', 'r', 'u', 'm', 'a', 'i', 'n', 'e']",8,1.0,"[1, 22, 20, 23, 15, 3, 11, 16, 7, 2, 0, 0, 0]"
4167,<SOS>juliette<EOS>   ,girl,"['j', 'u', 'l', 'i', 'e', 't', 't', 'e']",8,0.0,"[1, 12, 23, 14, 11, 7, 22, 22, 7, 2, 0, 0, 0]"
3884,<SOS>rosia<EOS>      ,girl,"['r', 'o', 's', 'i', 'a']",5,0.0,"[1, 20, 17, 21, 11, 3, 2, 0, 0, 0, 0, 0, 0]"
500,<SOS>rubin<EOS>      ,boy,"['r', 'u', 'b', 'i', 'n']",5,1.0,"[1, 20, 23, 4, 11, 16, 2, 0, 0, 0, 0, 0, 0]"
6606,<SOS>areli<EOS>      ,girl,"['a', 'r', 'e', 'l', 'i']",5,0.0,"[1, 3, 20, 7, 14, 11, 2, 0, 0, 0, 0, 0, 0]"
1419,<SOS>prentice<EOS>   ,boy,"['p', 'r', 'e', 'n', 't', 'i', 'c', 'e']",8,1.0,"[1, 18, 20, 7, 16, 22, 11, 5, 7, 2, 0, 0, 0]"
3205,<SOS>johan<EOS>      ,boy,"['j', 'o', 'h', 'a', 'n']",5,1.0,"[1, 12, 17, 10, 3, 16, 2, 0, 0, 0, 0, 0, 0]"
3296,<SOS>cael<EOS>       ,boy,"['c', 'a', 'e', 'l']",4,1.0,"[1, 5, 3, 7, 14, 2, 0, 0, 0, 0, 0, 0, 0]"
6521,<SOS>keara<EOS>      ,girl,"['k', 'e', 'a', 'r', 'a']",5,0.0,"[1, 13, 7, 3, 20, 3, 2, 0, 0, 0, 0, 0, 0]"
6101,<SOS>tyesha<EOS>     ,girl,"['t', 'y', 'e', 's', 'h', 'a']",6,0.0,"[1, 22, 27, 7, 21, 10, 3, 2, 0, 0, 0, 0, 0]"
5279,<SOS>carlyn<EOS>     ,girl,"['c', 'a', 'r', 'l', 'y', 'n']",6,0.0,"[1, 5, 3, 20, 14, 27, 16, 2, 0, 0, 0, 0, 0]"
2966,<SOS>marquez<EOS>    ,boy,"['m', 'a', 'r', 'q', 'u', 'e', 'z']",7,1.0,"[1, 15, 3, 20, 19, 23, 7, 28, 2, 0, 0, 0, 0]"
1345,<SOS>charle<EOS>     ,boy,"['c', 'h', 'a', 'r', 'l', 'e']",6,1.0,"[1, 5, 10, 3, 20, 14, 7, 2, 0, 0, 0, 0, 0]"
6540,<SOS>abagail<EOS>    ,girl,"['a', 'b', 'a', 'g', 'a', 'i', 'l']",7,0.0,"[1, 3, 4, 3, 9, 3, 11, 14, 2, 0, 0, 0, 0]"
1827,<SOS>grafton<EOS>    ,boy,"['g', 'r', 'a', 'f', 't', 'o', 'n']",7,1.0,"[1, 9, 20, 3, 8, 22, 17, 16, 2, 0, 0, 0, 0]"
6567,<SOS>aliza<EOS>      ,girl,"['a', 'l', 'i', 'z', 'a']",5,0.0,"[1, 3, 14, 11, 28, 3, 2, 0, 0, 0, 0, 0, 0]"
6046,<SOS>martine<EOS>    ,girl,"['m', 'a', 'r', 't', 'i', 'n', 'e']",7,0.0,"[1, 15, 3, 20, 22, 11, 16, 7, 2, 0, 0, 0, 0]"
483,<SOS>alton<EOS>      ,boy,"['a', 'l', 't', 'o', 'n']",5,1.0,"[1, 3, 14, 22, 17, 16, 2, 0, 0, 0, 0, 0, 0]"
459,<SOS>rollie<EOS>     ,boy,"['r', 'o', 'l', 'l', 'i', 'e']",6,1.0,"[1, 20, 17, 14, 14, 11, 7, 2, 0, 0, 0, 0, 0]"
5103,<SOS>thomasina<EOS>  ,girl,"['t', 'h', 'o', 'm', 'a', 's', 'i', 'n', 'a']",9,0.0,"[1, 22, 10, 17, 15, 3, 21, 11, 16, 3, 2, 0, 0]"
4267,<SOS>tinie<EOS>      ,girl,"['t', 'i', 'n', 'i', 'e']",5,0.0,"[1, 22, 11, 16, 11, 7, 2, 0, 0, 0, 0, 0, 0]"
767,<SOS>elliot<EOS>     ,boy,"['e', 'l', 'l', 'i', 'o', 't']",6,1.0,"[1, 7, 14, 14, 11, 17, 22, 2, 0, 0, 0, 0, 0]"
2150,<SOS>kazuo<EOS>      ,boy,"['k', 'a', 'z', 'u', 'o']",5,1.0,"[1, 13, 3, 28, 23, 17, 2, 0, 0, 0, 0, 0, 0]"
2853,<SOS>keegan<EOS>     ,boy,"['k', 'e', 'e', 'g', 'a', 'n']",6,1.0,"[1, 13, 7, 7, 9, 3, 16, 2, 0, 0, 0, 0, 0]"
615,<SOS>gideon<EOS>     ,boy,"['g', 'i', 'd', 'e', 'o', 'n']",6,1.0,"[1, 9, 11, 6, 7, 17, 16, 2, 0, 0, 0, 0, 0]"
6121,<SOS>micaela<EOS>    ,girl,"['m', 'i', 'c', 'a', 'e', 'l', 'a']",7,0.0,"[1, 15, 11, 5, 3, 7, 14, 3, 2, 0, 0, 0, 0]"
5755,<SOS>tawanda<EOS>    ,girl,"['t', 'a', 'w', 'a', 'n', 'd', 'a']",7,0.0,"[1, 22, 3, 25, 3, 16, 6, 3, 2, 0, 0, 0, 0]"
1281,<SOS>erle<EOS>       ,boy,"['e', 'r', 'l', 'e']",4,1.0,"[1, 7, 20, 14, 7, 2, 0, 0, 0, 0, 0, 0, 0]"
1295,<SOS>jewell<EOS>     ,boy,"['j', 'e', 'w', 'e', 'l', 'l']",6,1.0,"[1, 12, 7, 25, 7, 14, 14, 2, 0, 0, 0, 0, 0]"
1403,<SOS>elden<EOS>      ,boy,"['e', 'l', 'd', 'e', 'n']",5,1.0,"[1, 7, 14, 6, 7, 16, 2, 0, 0, 0, 0, 0, 0]"
6110,<SOS>breann<EOS>     ,girl,"['b', 'r', 'e', 'a', 'n', 'n']",6,0.0,"[1, 4, 20, 7, 3, 16, 16, 2, 0, 0, 0, 0, 0]"
4783,<SOS>bette<EOS>      ,girl,"['b', 'e', 't', 't', 'e']",5,0.0,"[1, 4, 7, 22, 22, 7, 2, 0, 0, 0, 0, 0, 0]"
5610,<SOS>melony<EOS>     ,girl,"['m', 'e', 'l', 'o', 'n', 'y']",6,0.0,"[1, 15, 7, 14, 17, 16, 27, 2, 0, 0, 0, 0, 0]"
6229,<SOS>tiarra<EOS>     ,girl,"['t', 'i', 'a', 'r', 'r', 'a']",6,0.0,"[1, 22, 11, 3, 20, 20, 3, 2, 0, 0, 0, 0, 0]"
4935,<SOS>yoshiko<EOS>    ,girl,"['y', 'o', 's', 'h', 'i', 'k', 'o']",7,0.0,"[1, 27, 17, 21, 10, 11, 13, 17, 2, 0, 0, 0, 0]"
6254,<SOS>yajaira<EOS>    ,girl,"['y', 'a', 'j', 'a', 'i', 'r', 'a']",7,0.0,"[1, 27, 3, 12, 3, 11, 20, 3, 2, 0, 0, 0, 0]"
3617,<SOS>adaline<EOS>    ,girl,"['a', 'd', 'a', 'l', 'i', 'n', 'e']",7,0.0,"[1, 3, 6, 3, 14, 11, 16, 7, 2, 0, 0, 0, 0]"
1354,<SOS>gay<EOS>        ,boy,"['g', 'a', 'y']",3,1.0,"[1, 9, 3, 27, 2, 0, 0, 0, 0, 0, 0, 0, 0]"
4084,<SOS>mozella<EOS>    ,girl,"['m', 'o', 'z', 'e', 'l', 'l', 'a']",7,0.0,"[1, 15, 17, 28, 7, 14, 14, 3, 2, 0, 0, 0, 0]"
3485,<SOS>tillie<EOS>     ,girl,"['t', 'i', 'l', 'l', 'i', 'e']",6,0.0,"[1, 22, 11, 14, 14, 11, 7, 2, 0, 0, 0, 0, 0]"
6660,<SOS>treasure<EOS>   ,girl,"['t', 'r', 'e', 'a', 's', 'u', 'r', 'e']",8,0.0,"[1, 22, 20, 7, 3, 21, 23, 20, 7, 2, 0, 0, 0]"
5710,<SOS>tamiko<EOS>     ,girl,"['t', 'a', 'm', 'i', 'k', 'o']",6,0.0,"[1, 22, 3, 15, 11, 13, 17, 2, 0, 0, 0, 0, 0]"
969,<SOS>handy<EOS>      ,boy,"['h', 'a', 'n', 'd', 'y']",5,1.0,"[1, 10, 3, 16, 6, 27, 2, 0, 0, 0, 0, 0, 0]"
3001,<SOS>denzel<EOS>     ,boy,"['d', 'e', 'n', 'z', 'e', 'l']",6,1.0,"[1, 6, 7, 16, 28, 7, 14, 2, 0, 0, 0, 0, 0]"
3881,<SOS>nena<EOS>       ,girl,"['n', 'e', 'n', 'a']",4,0.0,"[1, 16, 7, 16, 3, 2, 0, 0, 0, 0, 0, 0, 0]"
6117,<SOS>dannielle<EOS>  ,girl,"['d', 'a', 'n', 'n', 'i', 'e', 'l', 'l', 'e']",9,0.0,"[1, 6, 3, 16, 16, 11, 7, 14, 14, 7, 2, 0, 0]"
192,<SOS>lon<EOS>        ,boy,"['l', 'o', 'n']",3,1.0,"[1, 14, 17, 16, 2, 0, 0, 0, 0, 0, 0, 0, 0]"
6654,<SOS>amaris<EOS>     ,girl,"['a', 'm', 'a', 'r', 'i', 's']",6,0.0,"[1, 3, 15, 3, 20, 11, 21, 2, 0, 0, 0, 0, 0]"
3087,<SOS>montana<EOS>    ,boy,"['m', 'o', 'n', 't', 'a', 'n', 'a']",7,1.0,"[1, 15, 17, 16, 22, 3, 16, 3, 2, 0, 0, 0, 0]"
5742,<SOS>latisha<EOS>    ,girl,"['l', 'a', 't', 'i', 's', 'h', 'a']",7,0.0,"[1, 14, 3, 22, 11, 21, 10, 3, 2, 0, 0, 0, 0]"
3804,<SOS>nella<EOS>      ,girl,"['n', 'e', 'l', 'l', 'a']",5,0.0,"[1, 16, 7, 14, 14, 3, 2, 0, 0, 0, 0, 0, 0]"
3855,<SOS>bernadette<EOS> ,girl,"['b', 'e', 'r', 'n', 'a', 'd', 'e', 't', 't', 'e']",10,0.0,"[1, 4, 7, 20, 16, 3, 6, 7, 22, 22, 7, 2, 0]"
5766,<SOS>angella<EOS>    ,girl,"['a', 'n', 'g', 'e', 'l', 'l', 'a']",7,0.0,"[1, 3, 16, 9, 7, 14, 14, 3, 2, 0, 0, 0, 0]"
2631,<SOS>lamonte<EOS>    ,boy,"['l', 'a', 'm', 'o', 'n', 't', 'e']",7,1.0,"[1, 14, 3, 15, 17, 16, 22, 7, 2, 0, 0, 0, 0]"
1064,<SOS>alfonso<EOS>    ,boy,"['a', 'l', 'f', 'o', 'n', 's', 'o']",7,1.0,"[1, 3, 14, 8, 17, 16, 21, 17, 2, 0, 0, 0, 0]"
2727,<SOS>nicole<EOS>     ,boy,"['n', 'i', 'c', 'o', 'l', 'e']",6,1.0,"[1, 16, 11, 5, 17, 14, 7, 2, 0, 0, 0, 0, 0]"
259,<SOS>myron<EOS>      ,boy,"['m', 'y', 'r', 'o', 'n']",5,1.0,"[1, 15, 27, 20, 17, 16, 2, 0, 0, 0, 0, 0, 0]"
4425,<SOS>dorathea<EOS>   ,girl,"['d', 'o', 'r', 'a', 't', 'h', 'e', 'a']",8,0.0,"[1, 6, 17, 20, 3, 22, 10, 7, 3, 2, 0, 0, 0]"
2687,<SOS>jarod<EOS>      ,boy,"['j', 'a', 'r', 'o', 'd']",5,1.0,"[1, 12, 3, 20, 17, 6, 2, 0, 0, 0, 0, 0, 0]"
3456,<SOS>matilda<EOS>    ,girl,"['m', 'a', 't', 'i', 'l', 'd', 'a']",7,0.0,"[1, 15, 3, 22, 11, 14, 6, 3, 2, 0, 0, 0, 0]"
5504,<SOS>traci<EOS>      ,girl,"['t', 'r', 'a', 'c', 'i']",5,0.0,"[1, 22, 20, 3, 5, 11, 2, 0, 0, 0, 0, 0, 0]"
1397,<SOS>wayman<EOS>     ,boy,"['w', 'a', 'y', 'm', 'a', 'n']",6,1.0,"[1, 25, 3, 27, 15, 3, 16, 2, 0, 0, 0, 0, 0]"
2673,<SOS>kristin<EOS>    ,boy,"['k', 'r', 'i', 's', 't', 'i', 'n']",7,1.0,"[1, 13, 20, 11, 21, 22, 11, 16, 2, 0, 0, 0, 0]"
6464,<SOS>madisyn<EOS>    ,girl,"['m', 'a', 'd', 'i', 's', 'y', 'n']",7,0.0,"[1, 15, 3, 6, 11, 21, 27, 16, 2, 0, 0, 0, 0]"
2515,<SOS>kieth<EOS>      ,boy,"['k', 'i', 'e', 't', 'h']",5,1.0,"[1, 13, 11, 7, 22, 10, 2, 0, 0, 0, 0, 0, 0]"
3937,<SOS>tishie<EOS>     ,girl,"['t', 'i', 's', 'h', 'i', 'e']",6,0.0,"[1, 22, 11, 21, 10, 11, 7, 2, 0, 0, 0, 0, 0]"
5495,<SOS>meg<EOS>        ,girl,"['m', 'e', 'g']",3,0.0,"[1, 15, 7, 9, 2, 0, 0, 0, 0, 0, 0, 0, 0]"
2639,<SOS>aric<EOS>       ,boy,"['a', 'r', 'i', 'c']",4,1.0,"[1, 3, 20, 11, 5, 2, 0, 0, 0, 0, 0, 0, 0]"
4602,<SOS>luz<EOS>        ,girl,"['l', 'u', 'z']",3,0.0,"[1, 14, 23, 28, 2, 0, 0, 0, 0, 0, 0, 0, 0]"
2179,<SOS>darold<EOS>     ,boy,"['d', 'a', 'r', 'o', 'l', 'd']",6,1.0,"[1, 6, 3, 20, 17, 14, 6, 2, 0, 0, 0, 0, 0]"
4422,<SOS>missie<EOS>     ,girl,"['m', 'i', 's', 's', 'i', 'e']",6,0.0,"[1, 15, 11, 21, 21, 11, 7, 2, 0, 0, 0, 0, 0]"
5129,<SOS>marylee<EOS>    ,girl,"['m', 'a', 'r', 'y', 'l', 'e', 'e']",7,0.0,"[1, 15, 3, 20, 27, 14, 7, 7, 2, 0, 0, 0, 0]"
5897,<SOS>gabriella<EOS>  ,girl,"['g', 'a', 'b', 'r', 'i', 'e', 'l', 'l', 'a']",9,0.0,"[1, 9, 3, 4, 20, 11, 7, 14, 14, 3, 2, 0, 0]"
1380,<SOS>donaciano<EOS>  ,boy,"['d', 'o', 'n', 'a', 'c', 'i', 'a', 'n', 'o']",9,1.0,"[1, 6, 17, 16, 3, 5, 11, 3, 16, 17, 2, 0, 0]"
6645,<SOS>natalee<EOS>    ,girl,"['n', 'a', 't', 'a', 'l', 'e', 'e']",7,0.0,"[1, 16, 3, 22, 3, 14, 7, 7, 2, 0, 0, 0, 0]"
2441,<SOS>kirt<EOS>       ,boy,"['k', 'i', 'r', 't']",4,1.0,"[1, 13, 11, 20, 22, 2, 0, 0, 0, 0, 0, 0, 0]"
6259,<SOS>joana<EOS>      ,girl,"['j', 'o', 'a', 'n', 'a']",5,0.0,"[1, 12, 17, 3, 16, 3, 2, 0, 0, 0, 0, 0, 0]"
638,<SOS>zeb<EOS>        ,boy,"['z', 'e', 'b']",3,1.0,"[1, 28, 7, 4, 2, 0, 0, 0, 0, 0, 0, 0, 0]"
5289,<SOS>rosalinda<EOS>  ,girl,"['r', 'o', 's', 'a', 'l', 'i', 'n', 'd', 'a']",9,0.0,"[1, 20, 17, 21, 3, 14, 11, 16, 6, 3, 2, 0, 0]"
4562,<SOS>lorna<EOS>      ,girl,"['l', 'o', 'r', 'n', 'a']",5,0.0,"[1, 14, 17, 20, 16, 3, 2, 0, 0, 0, 0, 0, 0]"
140,<SOS>christopher<EOS>,boy,"['c', 'h', 'r', 'i', 's', 't', 'o', 'p', 'h', 'e', 'r']",11,1.0,"[1, 5, 10, 20, 11, 21, 22, 17, 18, 10, 7, 20, 2]"
549,<SOS>maynard<EOS>    ,boy,"['m', 'a', 'y', 'n', 'a', 'r', 'd']",7,1.0,"[1, 15, 3, 27, 16, 3, 20, 6, 2, 0, 0, 0, 0]"
1737,<SOS>audley<EOS>     ,boy,"['a', 'u', 'd', 'l', 'e', 'y']",6,1.0,"[1, 3, 23, 6, 14, 7, 27, 2, 0, 0, 0, 0, 0]"
5790,<SOS>brandie<EOS>    ,girl,"['b', 'r', 'a', 'n', 'd', 'i', 'e']",7,0.0,"[1, 4, 20, 3, 16, 6, 11, 7, 2, 0, 0, 0, 0]"
822,<SOS>augustin<EOS>   ,boy,"['a', 'u', 'g', 'u', 's', 't', 'i', 'n']",8,1.0,"[1, 3, 23, 9, 23, 21, 22, 11, 16, 2, 0, 0, 0]"
2387,<SOS>randel<EOS>     ,boy,"['r', 'a', 'n', 'd', 'e', 'l']",6,1.0,"[1, 20, 3, 16, 6, 7, 14, 2, 0, 0, 0, 0, 0]"
5633,<SOS>dionne<EOS>     ,girl,"['d', 'i', 'o', 'n', 'n', 'e']",6,0.0,"[1, 6, 11, 17, 16, 16, 7, 2, 0, 0, 0, 0, 0]"
6656,<SOS>kimora<EOS>     ,girl,"['k', 'i', 'm', 'o', 'r', 'a']",6,0.0,"[1, 13, 11, 15, 17, 20, 3, 2, 0, 0, 0, 0, 0]"
425,<SOS>angus<EOS>      ,boy,"['a', 'n', 'g', 'u', 's']",5,1.0,"[1, 3, 16, 9, 23, 21, 2, 0, 0, 0, 0, 0, 0]"
567,<SOS>wellington<EOS> ,boy,"['w', 'e', 'l', 'l', 'i', 'n', 'g', 't', 'o', 'n']",10,1.0,"[1, 25, 7, 14, 14, 11, 16, 9, 22, 17, 16, 2, 0]"
3081,<SOS>devaughn<EOS>   ,boy,"['d', 'e', 'v', 'a', 'u', 'g', 'h', 'n']",8,1.0,"[1, 6, 7, 24, 3, 23, 9, 10, 16, 2, 0, 0, 0]"
1288,<SOS>gaines<EOS>     ,boy,"['g', 'a', 'i', 'n', 'e', 's']",6,1.0,"[1, 9, 3, 11, 16, 7, 21, 2, 0, 0, 0, 0, 0]"
1643,<SOS>bush<EOS>       ,boy,"['b', 'u', 's', 'h']",4,1.0,"[1, 4, 23, 21, 10, 2, 0, 0, 0, 0, 0, 0, 0]"
4788,<SOS>thyra<EOS>      ,girl,"['t', 'h', 'y', 'r', 'a']",5,0.0,"[1, 22, 10, 27, 20, 3, 2, 0, 0, 0, 0, 0, 0]"
4959,<SOS>fumiko<EOS>     ,girl,"['f', 'u', 'm', 'i', 'k', 'o']",6,0.0,"[1, 8, 23, 15, 11, 13, 17, 2, 0, 0, 0, 0, 0]"
6732,<SOS>marely<EOS>     ,girl,"['m', 'a', 'r', 'e', 'l', 'y']",6,0.0,"[1, 15, 3, 20, 7, 14, 27, 2, 0, 0, 0, 0, 0]"
2244,<SOS>ronny<EOS>      ,boy,"['r', 'o', 'n', 'n', 'y']",5,1.0,"[1, 20, 17, 16, 16, 27, 2, 0, 0, 0, 0, 0, 0]"
5740,<SOS>shonna<EOS>     ,girl,"['s', 'h', 'o', 'n', 'n', 'a']",6,0.0,"[1, 21, 10, 17, 16, 16, 3, 2, 0, 0, 0, 0, 0]"
103,<SOS>eddie<EOS>      ,boy,"['e', 'd', 'd', 'i', 'e']",5,1.0,"[1, 7, 6, 6, 11, 7, 2, 0, 0, 0, 0, 0, 0]"
3449,<SOS>lottie<EOS>     ,girl,"['l', 'o', 't', 't', 'i', 'e']",6,0.0,"[1, 14, 17, 22, 22, 11, 7, 2, 0, 0, 0, 0, 0]"
235,<SOS>chris<EOS>      ,boy,"['c', 'h', 'r', 'i', 's']",5,1.0,"[1, 5, 10, 20, 11, 21, 2, 0, 0, 0, 0, 0, 0]"
4271,<SOS>ala<EOS>        ,girl,"['a', 'l', 'a']",3,0.0,"[1, 3, 14, 3, 2, 0, 0, 0, 0, 0, 0, 0, 0]"
1530,<SOS>lacey<EOS>      ,boy,"['l', 'a', 'c', 'e', 'y']",5,1.0,"[1, 14, 3, 5, 7, 27, 2, 0, 0, 0, 0, 0, 0]"
2052,<SOS>ogden<EOS>      ,boy,"['o', 'g', 'd', 'e', 'n']",5,1.0,"[1, 17, 9, 6, 7, 16, 2, 0, 0, 0, 0, 0, 0]"
2865,<SOS>mohammed<EOS>   ,boy,"['m', 'o', 'h', 'a', 'm', 'm', 'e', 'd']",8,1.0,"[1, 15, 17, 10, 3, 15, 15, 7, 6, 2, 0, 0, 0]"
5859,<SOS>alexa<EOS>      ,girl,"['a', 'l', 'e', 'x', 'a']",5,0.0,"[1, 3, 14, 7, 26, 3, 2, 0, 0, 0, 0, 0, 0]"
1555,<SOS>courtland<EOS>  ,boy,"['c', 'o', 'u', 'r', 't', 'l', 'a', 'n', 'd']",9,1.0,"[1, 5, 17, 23, 20, 22, 14, 3, 16, 6, 2, 0, 0]"
416,<SOS>malcolm<EOS>    ,boy,"['m', 'a', 'l', 'c', 'o', 'l', 'm']",7,1.0,"[1, 15, 3, 14, 5, 17, 14, 15, 2, 0, 0, 0, 0]"
3086,<SOS>fredy<EOS>      ,boy,"['f', 'r', 'e', 'd', 'y']",5,1.0,"[1, 8, 20, 7, 6, 27, 2, 0, 0, 0, 0, 0, 0]"
631,<SOS>terry<EOS>      ,boy,"['t', 'e', 'r', 'r', 'y']",5,1.0,"[1, 22, 7, 20, 20, 27, 2, 0, 0, 0, 0, 0, 0]"
4927,<SOS>caryl<EOS>      ,girl,"['c', 'a', 'r', 'y', 'l']",5,0.0,"[1, 5, 3, 20, 27, 14, 2, 0, 0, 0, 0, 0, 0]"
1949,<SOS>leona<EOS>      ,boy,"['l', 'e', 'o', 'n', 'a']",5,1.0,"[1, 14, 7, 17, 16, 3, 2, 0, 0, 0, 0, 0, 0]"
4051,<SOS>estie<EOS>      ,girl,"['e', 's', 't', 'i', 'e']",5,0.0,"[1, 7, 21, 22, 11, 7, 2, 0, 0, 0, 0, 0, 0]"
3517,<SOS>jeanette<EOS>   ,girl,"['j', 'e', 'a', 'n', 'e', 't', 't', 'e']",8,0.0,"[1, 12, 7, 3, 16, 7, 22, 22, 7, 2, 0, 0, 0]"
1633,<SOS>kay<EOS>        ,boy,"['k', 'a', 'y']",3,1.0,"[1, 13, 3, 27, 2, 0, 0, 0, 0, 0, 0, 0, 0]"
4089,<SOS>ottilia<EOS>    ,girl,"['o', 't', 't', 'i', 'l', 'i', 'a']",7,0.0,"[1, 17, 22, 22, 11, 14, 11, 3, 2, 0, 0, 0, 0]"
2205,<SOS>marcelino<EOS>  ,boy,"['m', 'a', 'r', 'c', 'e', 'l', 'i', 'n', 'o']",9,1.0,"[1, 15, 3, 20, 5, 7, 14, 11, 16, 17, 2, 0, 0]"
6558,<SOS>aryanna<EOS>    ,girl,"['a', 'r', 'y', 'a', 'n', 'n', 'a']",7,0.0,"[1, 3, 20, 27, 3, 16, 16, 3, 2, 0, 0, 0, 0]"
3918,<SOS>leitha<EOS>     ,girl,"['l', 'e', 'i', 't', 'h', 'a']",6,0.0,"[1, 14, 7, 11, 22, 10, 3, 2, 0, 0, 0, 0, 0]"
2525,<SOS>roel<EOS>       ,boy,"['r', 'o', 'e', 'l']",4,1.0,"[1, 20, 17, 7, 14, 2, 0, 0, 0, 0, 0, 0, 0]"
4263,<SOS>susana<EOS>     ,girl,"['s', 'u', 's', 'a', 'n', 'a']",6,0.0,"[1, 21, 23, 21, 3, 16, 3, 2, 0, 0, 0, 0, 0]"
1880,<SOS>dabney<EOS>     ,boy,"['d', 'a', 'b', 'n', 'e', 'y']",6,1.0,"[1, 6, 3, 4, 16, 7, 27, 2, 0, 0, 0, 0, 0]"
3499,<SOS>hettie<EOS>     ,girl,"['h', 'e', 't', 't', 'i', 'e']",6,0.0,"[1, 10, 7, 22, 22, 11, 7, 2, 0, 0, 0, 0, 0]"
1456,<SOS>lark<EOS>       ,boy,"['l', 'a', 'r', 'k']",4,1.0,"[1, 14, 3, 20, 13, 2, 0, 0, 0, 0, 0, 0, 0]"
5630,<SOS>tyra<EOS>       ,girl,"['t', 'y', 'r', 'a']",4,0.0,"[1, 22, 27, 20, 3, 2, 0, 0, 0, 0, 0, 0, 0]"
3778,<SOS>rosina<EOS>     ,girl,"['r', 'o', 's', 'i', 'n', 'a']",6,0.0,"[1, 20, 17, 21, 11, 16, 3, 2, 0, 0, 0, 0, 0]"
1697,<SOS>mildred<EOS>    ,boy,"['m', 'i', 'l', 'd', 'r', 'e', 'd']",7,1.0,"[1, 15, 11, 14, 6, 20, 7, 6, 2, 0, 0, 0, 0]"
3633,<SOS>almeda<EOS>     ,girl,"['a', 'l', 'm', 'e', 'd', 'a']",6,0.0,"[1, 3, 14, 15, 7, 6, 3, 2, 0, 0, 0, 0, 0]"
4558,<SOS>lalla<EOS>      ,girl,"['l', 'a', 'l', 'l', 'a']",5,0.0,"[1, 14, 3, 14, 14, 3, 2, 0, 0, 0, 0, 0, 0]"
3313,<SOS>zayne<EOS>      ,boy,"['z', 'a', 'y', 'n', 'e']",5,1.0,"[1, 28, 3, 27, 16, 7, 2, 0, 0, 0, 0, 0, 0]"
2955,<SOS>trevin<EOS>     ,boy,"['t', 'r', 'e', 'v', 'i', 'n']",6,1.0,"[1, 22, 20, 7, 24, 11, 16, 2, 0, 0, 0, 0, 0]"
501,<SOS>seymour<EOS>    ,boy,"['s', 'e', 'y', 'm', 'o', 'u', 'r']",7,1.0,"[1, 21, 7, 27, 15, 17, 23, 20, 2, 0, 0, 0, 0]"
2222,<SOS>rolf<EOS>       ,boy,"['r', 'o', 'l', 'f']",4,1.0,"[1, 20, 17, 14, 8, 2, 0, 0, 0, 0, 0, 0, 0]"
1219,<SOS>alberto<EOS>    ,boy,"['a', 'l', 'b', 'e', 'r', 't', 'o']",7,1.0,"[1, 3, 14, 4, 7, 20, 22, 17, 2, 0, 0, 0, 0]"
4589,<SOS>zelpha<EOS>     ,girl,"['z', 'e', 'l', 'p', 'h', 'a']",6,0.0,"[1, 28, 7, 14, 18, 10, 3, 2, 0, 0, 0, 0, 0]"
2495,<SOS>derick<EOS>     ,boy,"['d', 'e', 'r', 'i', 'c', 'k']",6,1.0,"[1, 6, 7, 20, 11, 5, 13, 2, 0, 0, 0, 0, 0]"
5589,<SOS>marisol<EOS>    ,girl,"['m', 'a', 'r', 'i', 's', 'o', 'l']",7,0.0,"[1, 15, 3, 20, 11, 21, 17, 14, 2, 0, 0, 0, 0]"
2380,<SOS>patric<EOS>     ,boy,"['p', 'a', 't', 'r', 'i', 'c']",6,1.0,"[1, 18, 3, 22, 20, 11, 5, 2, 0, 0, 0, 0, 0]"
2348,<SOS>terrill<EOS>    ,boy,"['t', 'e', 'r', 'r', 'i', 'l', 'l']",7,1.0,"[1, 22, 7, 20, 20, 11, 14, 14, 2, 0, 0, 0, 0]"
4581,<SOS>florie<EOS>     ,girl,"['f', 'l', 'o', 'r', 'i', 'e']",6,0.0,"[1, 8, 14, 17, 20, 11, 7, 2, 0, 0, 0, 0, 0]"
705,<SOS>ford<EOS>       ,boy,"['f', 'o', 'r', 'd']",4,1.0,"[1, 8, 17, 20, 6, 2, 0, 0, 0, 0, 0, 0, 0]"
1260,<SOS>alvy<EOS>       ,boy,"['a', 'l', 'v', 'y']",4,1.0,"[1, 3, 14, 24, 27, 2, 0, 0, 0, 0, 0, 0, 0]"
3332,<SOS>arnav<EOS>      ,boy,"['a', 'r', 'n', 'a', 'v']",5,1.0,"[1, 3, 20, 16, 3, 24, 2, 0, 0, 0, 0, 0, 0]"
261,<SOS>conrad<EOS>     ,boy,"['c', 'o', 'n', 'r', 'a', 'd']",6,1.0,"[1, 5, 17, 16, 20, 3, 6, 2, 0, 0, 0, 0, 0]"
6611,<SOS>natalya<EOS>    ,girl,"['n', 'a', 't', 'a', 'l', 'y', 'a']",7,0.0,"[1, 16, 3, 22, 3, 14, 27, 3, 2, 0, 0, 0, 0]"
6387,<SOS>haylie<EOS>     ,girl,"['h', 'a', 'y', 'l', 'i', 'e']",6,0.0,"[1, 10, 3, 27, 14, 11, 7, 2, 0, 0, 0, 0, 0]"
5866,<SOS>shantell<EOS>   ,girl,"['s', 'h', 'a', 'n', 't', 'e', 'l', 'l']",8,0.0,"[1, 21, 10, 3, 16, 22, 7, 14, 14, 2, 0, 0, 0]"
839,<SOS>davie<EOS>      ,boy,"['d', 'a', 'v', 'i', 'e']",5,1.0,"[1, 6, 3, 24, 11, 7, 2, 0, 0, 0, 0, 0, 0]"
489,<SOS>enos<EOS>       ,boy,"['e', 'n', 'o', 's']",4,1.0,"[1, 7, 16, 17, 21, 2, 0, 0, 0, 0, 0, 0, 0]"
3638,<SOS>lavinia<EOS>    ,girl,"['l', 'a', 'v', 'i', 'n', 'i', 'a']",7,0.0,"[1, 14, 3, 24, 11, 16, 11, 3, 2, 0, 0, 0, 0]"
477,<SOS>squire<EOS>     ,boy,"['s', 'q', 'u', 'i', 'r', 'e']",6,1.0,"[1, 21, 19, 23, 11, 20, 7, 2, 0, 0, 0, 0, 0]"
5626,<SOS>alisha<EOS>     ,girl,"['a', 'l', 'i', 's', 'h', 'a']",6,0.0,"[1, 3, 14, 11, 21, 10, 3, 2, 0, 0, 0, 0, 0]"
4999,<SOS>marceline<EOS>  ,girl,"['m', 'a', 'r', 'c', 'e', 'l', 'i', 'n', 'e']",9,0.0,"[1, 15, 3, 20, 5, 7, 14, 11, 16, 7, 2, 0, 0]"
4714,<SOS>mavis<EOS>      ,girl,"['m', 'a', 'v', 'i', 's']",5,0.0,"[1, 15, 3, 24, 11, 21, 2, 0, 0, 0, 0, 0, 0]"
891,<SOS>rupert<EOS>     ,boy,"['r', 'u', 'p', 'e', 'r', 't']",6,1.0,"[1, 20, 23, 18, 7, 20, 22, 2, 0, 0, 0, 0, 0]"
6411,<SOS>zoey<EOS>       ,girl,"['z', 'o', 'e', 'y']",4,0.0,"[1, 28, 17, 7, 27, 2, 0, 0, 0, 0, 0, 0, 0]"
1563,<SOS>alfredo<EOS>    ,boy,"['a', 'l', 'f', 'r', 'e', 'd', 'o']",7,1.0,"[1, 3, 14, 8, 20, 7, 6, 17, 2, 0, 0, 0, 0]"
2191,<SOS>valentino<EOS>  ,boy,"['v', 'a', 'l', 'e', 'n', 't', 'i', 'n', 'o']",9,1.0,"[1, 24, 3, 14, 7, 16, 22, 11, 16, 17, 2, 0, 0]"
5892,<SOS>mandi<EOS>      ,girl,"['m', 'a', 'n', 'd', 'i']",5,0.0,"[1, 15, 3, 16, 6, 11, 2, 0, 0, 0, 0, 0, 0]"
2466,<SOS>kennard<EOS>    ,boy,"['k', 'e', 'n', 'n', 'a', 'r', 'd']",7,1.0,"[1, 13, 7, 16, 16, 3, 20, 6, 2, 0, 0, 0, 0]"
2297,<SOS>lamont<EOS>     ,boy,"['l', 'a', 'm', 'o', 'n', 't']",6,1.0,"[1, 14, 3, 15, 17, 16, 22, 2, 0, 0, 0, 0, 0]"
1746,<SOS>murry<EOS>      ,boy,"['m', 'u', 'r', 'r', 'y']",5,1.0,"[1, 15, 23, 20, 20, 27, 2, 0, 0, 0, 0, 0, 0]"
4612,<SOS>gustie<EOS>     ,girl,"['g', 'u', 's', 't', 'i', 'e']",6,0.0,"[1, 9, 23, 21, 22, 11, 7, 2, 0, 0, 0, 0, 0]"
5609,<SOS>marissa<EOS>    ,girl,"['m', 'a', 'r', 'i', 's', 's', 'a']",7,0.0,"[1, 15, 3, 20, 11, 21, 21, 3, 2, 0, 0, 0, 0]"
2979,<SOS>kadeem<EOS>     ,boy,"['k', 'a', 'd', 'e', 'e', 'm']",6,1.0,"[1, 13, 3, 6, 7, 7, 15, 2, 0, 0, 0, 0, 0]"
6572,<SOS>laisha<EOS>     ,girl,"['l', 'a', 'i', 's', 'h', 'a']",6,0.0,"[1, 14, 3, 11, 21, 10, 3, 2, 0, 0, 0, 0, 0]"
6224,<SOS>kiera<EOS>      ,girl,"['k', 'i', 'e', 'r', 'a']",5,0.0,"[1, 13, 11, 7, 20, 3, 2, 0, 0, 0, 0, 0, 0]"
5057,<SOS>velia<EOS>      ,girl,"['v', 'e', 'l', 'i', 'a']",5,0.0,"[1, 24, 7, 14, 11, 3, 2, 0, 0, 0, 0, 0, 0]"
1375,<SOS>meredith<EOS>   ,boy,"['m', 'e', 'r', 'e', 'd', 'i', 't', 'h']",8,1.0,"[1, 15, 7, 20, 7, 6, 11, 22, 10, 2, 0, 0, 0]"
1847,<SOS>lisle<EOS>      ,boy,"['l', 'i', 's', 'l', 'e']",5,1.0,"[1, 14, 11, 21, 14, 7, 2, 0, 0, 0, 0, 0, 0]"
2968,<SOS>brittany<EOS>   ,boy,"['b', 'r', 'i', 't', 't', 'a', 'n', 'y']",8,1.0,"[1, 4, 20, 11, 22, 22, 3, 16, 27, 2, 0, 0, 0]"
4938,<SOS>idamae<EOS>     ,girl,"['i', 'd', 'a', 'm', 'a', 'e']",6,0.0,"[1, 11, 6, 3, 15, 3, 7, 2, 0, 0, 0, 0, 0]"
1984,<SOS>terrell<EOS>    ,boy,"['t', 'e', 'r', 'r', 'e', 'l', 'l']",7,1.0,"[1, 22, 7, 20, 20, 7, 14, 14, 2, 0, 0, 0, 0]"
3673,<SOS>neva<EOS>       ,girl,"['n', 'e', 'v', 'a']",4,0.0,"[1, 16, 7, 24, 3, 2, 0, 0, 0, 0, 0, 0, 0]"
121,<SOS>winfield<EOS>   ,boy,"['w', 'i', 'n', 'f', 'i', 'e', 'l', 'd']",8,1.0,"[1, 25, 11, 16, 8, 11, 7, 14, 6, 2, 0, 0, 0]"
3688,<SOS>america<EOS>    ,girl,"['a', 'm', 'e', 'r', 'i', 'c', 'a']",7,0.0,"[1, 3, 15, 7, 20, 11, 5, 3, 2, 0, 0, 0, 0]"
840,<SOS>delmar<EOS>     ,boy,"['d', 'e', 'l', 'm', 'a', 'r']",6,1.0,"[1, 6, 7, 14, 15, 3, 20, 2, 0, 0, 0, 0, 0]"
3994,<SOS>liller<EOS>     ,girl,"['l', 'i', 'l', 'l', 'e', 'r']",6,0.0,"[1, 14, 11, 14, 14, 7, 20, 2, 0, 0, 0, 0, 0]"
2808,<SOS>conor<EOS>      ,boy,"['c', 'o', 'n', 'o', 'r']",5,1.0,"[1, 5, 17, 16, 17, 20, 2, 0, 0, 0, 0, 0, 0]"
4133,<SOS>celesta<EOS>    ,girl,"['c', 'e', 'l', 'e', 's', 't', 'a']",7,0.0,"[1, 5, 7, 14, 7, 21, 22, 3, 2, 0, 0, 0, 0]"
942,<SOS>denver<EOS>     ,boy,"['d', 'e', 'n', 'v', 'e', 'r']",6,1.0,"[1, 6, 7, 16, 24, 7, 20, 2, 0, 0, 0, 0, 0]"
2218,<SOS>duwayne<EOS>    ,boy,"['d', 'u', 'w', 'a', 'y', 'n', 'e']",7,1.0,"[1, 6, 23, 25, 3, 27, 16, 7, 2, 0, 0, 0, 0]"
1097,<SOS>antone<EOS>     ,boy,"['a', 'n', 't', 'o', 'n', 'e']",6,1.0,"[1, 3, 16, 22, 17, 16, 7, 2, 0, 0, 0, 0, 0]"
3189,<SOS>jadon<EOS>      ,boy,"['j', 'a', 'd', 'o', 'n']",5,1.0,"[1, 12, 3, 6, 17, 16, 2, 0, 0, 0, 0, 0, 0]"
1001,<SOS>newell<EOS>     ,boy,"['n', 'e', 'w', 'e', 'l', 'l']",6,1.0,"[1, 16, 7, 25, 7, 14, 14, 2, 0, 0, 0, 0, 0]"
972,<SOS>hayden<EOS>     ,boy,"['h', 'a', 'y', 'd', 'e', 'n']",6,1.0,"[1, 10, 3, 27, 6, 7, 16, 2, 0, 0, 0, 0, 0]"
4064,<SOS>junie<EOS>      ,girl,"['j', 'u', 'n', 'i', 'e']",5,0.0,"[1, 12, 23, 16, 11, 7, 2, 0, 0, 0, 0, 0, 0]"
5415,<SOS>roxane<EOS>     ,girl,"['r', 'o', 'x', 'a', 'n', 'e']",6,0.0,"[1, 20, 17, 26, 3, 16, 7, 2, 0, 0, 0, 0, 0]"
298,<SOS>allie<EOS>      ,boy,"['a', 'l', 'l', 'i', 'e']",5,1.0,"[1, 3, 14, 14, 11, 7, 2, 0, 0, 0, 0, 0, 0]"
3727,<SOS>dena<EOS>       ,girl,"['d', 'e', 'n', 'a']",4,0.0,"[1, 6, 7, 16, 3, 2, 0, 0, 0, 0, 0, 0, 0]"
2840,<SOS>keon<EOS>       ,boy,"['k', 'e', 'o', 'n']",4,1.0,"[1, 13, 7, 17, 16, 2, 0, 0, 0, 0, 0, 0, 0]"
2025,<SOS>verlin<EOS>     ,boy,"['v', 'e', 'r', 'l', 'i', 'n']",6,1.0,"[1, 24, 7, 20, 14, 11, 16, 2, 0, 0, 0, 0, 0]"
3564,<SOS>louella<EOS>    ,girl,"['l', 'o', 'u', 'e', 'l', 'l', 'a']",7,0.0,"[1, 14, 17, 23, 7, 14, 14, 3, 2, 0, 0, 0, 0]"
6504,<SOS>shae<EOS>       ,girl,"['s', 'h', 'a', 'e']",4,0.0,"[1, 21, 10, 3, 7, 2, 0, 0, 0, 0, 0, 0, 0]"
283,<SOS>don<EOS>        ,boy,"['d', 'o', 'n']",3,1.0,"[1, 6, 17, 16, 2, 0, 0, 0, 0, 0, 0, 0, 0]"
2476,<SOS>derwin<EOS>     ,boy,"['d', 'e', 'r', 'w', 'i', 'n']",6,1.0,"[1, 6, 7, 20, 25, 11, 16, 2, 0, 0, 0, 0, 0]"
6781,<SOS>elianna<EOS>    ,girl,"['e', 'l', 'i', 'a', 'n', 'n', 'a']",7,0.0,"[1, 7, 14, 11, 3, 16, 16, 3, 2, 0, 0, 0, 0]"
2536,<SOS>shayne<EOS>     ,boy,"['s', 'h', 'a', 'y', 'n', 'e']",6,1.0,"[1, 21, 10, 3, 27, 16, 7, 2, 0, 0, 0, 0, 0]"
1741,<SOS>caroline<EOS>   ,boy,"['c', 'a', 'r', 'o', 'l', 'i', 'n', 'e']",8,1.0,"[1, 5, 3, 20, 17, 14, 11, 16, 7, 2, 0, 0, 0]"
3243,<SOS>elian<EOS>      ,boy,"['e', 'l', 'i', 'a', 'n']",5,1.0,"[1, 7, 14, 11, 3, 16, 2, 0, 0, 0, 0, 0, 0]"
1120,<SOS>emry<EOS>       ,boy,"['e', 'm', 'r', 'y']",4,1.0,"[1, 7, 15, 20, 27, 2, 0, 0, 0, 0, 0, 0, 0]"
4538,<SOS>aurilla<EOS>    ,girl,"['a', 'u', 'r', 'i', 'l', 'l', 'a']",7,0.0,"[1, 3, 23, 20, 11, 14, 14, 3, 2, 0, 0, 0, 0]"
2737,<SOS>marcello<EOS>   ,boy,"['m', 'a', 'r', 'c', 'e', 'l', 'l', 'o']",8,1.0,"[1, 15, 3, 20, 5, 7, 14, 14, 17, 2, 0, 0, 0]"
1599,<SOS>hughie<EOS>     ,boy,"['h', 'u', 'g', 'h', 'i', 'e']",6,1.0,"[1, 10, 23, 9, 10, 11, 7, 2, 0, 0, 0, 0, 0]"
706,<SOS>harlan<EOS>     ,boy,"['h', 'a', 'r', 'l', 'a', 'n']",6,1.0,"[1, 10, 3, 20, 14, 3, 16, 2, 0, 0, 0, 0, 0]"
2611,<SOS>ariel<EOS>      ,boy,"['a', 'r', 'i', 'e', 'l']",5,1.0,"[1, 3, 20, 11, 7, 14, 2, 0, 0, 0, 0, 0, 0]"
2678,<SOS>braden<EOS>     ,boy,"['b', 'r', 'a', 'd', 'e', 'n']",6,1.0,"[1, 4, 20, 3, 6, 7, 16, 2, 0, 0, 0, 0, 0]"
175,<SOS>emmett<EOS>     ,boy,"['e', 'm', 'm', 'e', 't', 't']",6,1.0,"[1, 7, 15, 15, 7, 22, 22, 2, 0, 0, 0, 0, 0]"
2958,<SOS>camron<EOS>     ,boy,"['c', 'a', 'm', 'r', 'o', 'n']",6,1.0,"[1, 5, 3, 15, 20, 17, 16, 2, 0, 0, 0, 0, 0]"
1510,<SOS>norwood<EOS>    ,boy,"['n', 'o', 'r', 'w', 'o', 'o', 'd']",7,1.0,"[1, 16, 17, 20, 25, 17, 17, 6, 2, 0, 0, 0, 0]"
3395,<SOS>anders<EOS>     ,boy,"['a', 'n', 'd', 'e', 'r', 's']",6,1.0,"[1, 3, 16, 6, 7, 20, 21, 2, 0, 0, 0, 0, 0]"
4092,<SOS>pinkey<EOS>     ,girl,"['p', 'i', 'n', 'k', 'e', 'y']",6,0.0,"[1, 18, 11, 16, 13, 7, 27, 2, 0, 0, 0, 0, 0]"
2701,<SOS>toriano<EOS>    ,boy,"['t', 'o', 'r', 'i', 'a', 'n', 'o']",7,1.0,"[1, 22, 17, 20, 11, 3, 16, 17, 2, 0, 0, 0, 0]"
3600,<SOS>priscilla<EOS>  ,girl,"['p', 'r', 'i', 's', 'c', 'i', 'l', 'l', 'a']",9,0.0,"[1, 18, 20, 11, 21, 5, 11, 14, 14, 3, 2, 0, 0]"
4382,<SOS>blossom<EOS>    ,girl,"['b', 'l', 'o', 's', 's', 'o', 'm']",7,0.0,"[1, 4, 14, 17, 21, 21, 17, 15, 2, 0, 0, 0, 0]"
5049,<SOS>colette<EOS>    ,girl,"['c', 'o', 'l', 'e', 't', 't', 'e']",7,0.0,"[1, 5, 17, 14, 7, 22, 22, 7, 2, 0, 0, 0, 0]"
6689,<SOS>myla<EOS>       ,girl,"['m', 'y', 'l', 'a']",4,0.0,"[1, 15, 27, 14, 3, 2, 0, 0, 0, 0, 0, 0, 0]"
5217,<SOS>rona<EOS>       ,girl,"['r', 'o', 'n', 'a']",4,0.0,"[1, 20, 17, 16, 3, 2, 0, 0, 0, 0, 0, 0, 0]"
3088,<SOS>kole<EOS>       ,boy,"['k', 'o', 'l', 'e']",4,1.0,"[1, 13, 17, 14, 7, 2, 0, 0, 0, 0, 0, 0, 0]"
3152,<SOS>reagan<EOS>     ,boy,"['r', 'e', 'a', 'g', 'a', 'n']",6,1.0,"[1, 20, 7, 3, 9, 3, 16, 2, 0, 0, 0, 0, 0]"
1259,<SOS>almond<EOS>     ,boy,"['a', 'l', 'm', 'o', 'n', 'd']",6,1.0,"[1, 3, 14, 15, 17, 16, 6, 2, 0, 0, 0, 0, 0]"
4281,<SOS>anie<EOS>       ,girl,"['a', 'n', 'i', 'e']",4,0.0,"[1, 3, 16, 11, 7, 2, 0, 0, 0, 0, 0, 0, 0]"
1606,<SOS>arno<EOS>       ,boy,"['a', 'r', 'n', 'o']",4,1.0,"[1, 3, 20, 16, 17, 2, 0, 0, 0, 0, 0, 0, 0]"
4685,<SOS>carmella<EOS>   ,girl,"['c', 'a', 'r', 'm', 'e', 'l', 'l', 'a']",8,0.0,"[1, 5, 3, 20, 15, 7, 14, 14, 3, 2, 0, 0, 0]"
918,<SOS>augusta<EOS>    ,boy,"['a', 'u', 'g', 'u', 's', 't', 'a']",7,1.0,"[1, 3, 23, 9, 23, 21, 22, 3, 2, 0, 0, 0, 0]"
2537,<SOS>lorne<EOS>      ,boy,"['l', 'o', 'r', 'n', 'e']",5,1.0,"[1, 14, 17, 20, 16, 7, 2, 0, 0, 0, 0, 0, 0]"
4798,<SOS>bonita<EOS>     ,girl,"['b', 'o', 'n', 'i', 't', 'a']",6,0.0,"[1, 4, 17, 16, 11, 22, 3, 2, 0, 0, 0, 0, 0]"
6351,<SOS>kassidy<EOS>    ,girl,"['k', 'a', 's', 's', 'i', 'd', 'y']",7,0.0,"[1, 13, 3, 21, 21, 11, 6, 27, 2, 0, 0, 0, 0]"
1208,<SOS>newman<EOS>     ,boy,"['n', 'e', 'w', 'm', 'a', 'n']",6,1.0,"[1, 16, 7, 25, 15, 3, 16, 2, 0, 0, 0, 0, 0]"
1752,<SOS>irene<EOS>      ,boy,"['i', 'r', 'e', 'n', 'e']",5,1.0,"[1, 11, 20, 7, 16, 7, 2, 0, 0, 0, 0, 0, 0]"
1229,<SOS>emilio<EOS>     ,boy,"['e', 'm', 'i', 'l', 'i', 'o']",6,1.0,"[1, 7, 15, 11, 14, 11, 17, 2, 0, 0, 0, 0, 0]"
2889,<SOS>jacoby<EOS>     ,boy,"['j', 'a', 'c', 'o', 'b', 'y']",6,1.0,"[1, 12, 3, 5, 17, 4, 27, 2, 0, 0, 0, 0, 0]"
992,<SOS>justice<EOS>    ,boy,"['j', 'u', 's', 't', 'i', 'c', 'e']",7,1.0,"[1, 12, 23, 21, 22, 11, 5, 7, 2, 0, 0, 0, 0]"
4022,<SOS>viney<EOS>      ,girl,"['v', 'i', 'n', 'e', 'y']",5,0.0,"[1, 24, 11, 16, 7, 27, 2, 0, 0, 0, 0, 0, 0]"
5077,<SOS>marylyn<EOS>    ,girl,"['m', 'a', 'r', 'y', 'l', 'y', 'n']",7,0.0,"[1, 15, 3, 20, 27, 14, 27, 16, 2, 0, 0, 0, 0]"
1974,<SOS>beckham<EOS>    ,boy,"['b', 'e', 'c', 'k', 'h', 'a', 'm']",7,1.0,"[1, 4, 7, 5, 13, 10, 3, 15, 2, 0, 0, 0, 0]"
6295,<SOS>karlie<EOS>     ,girl,"['k', 'a', 'r', 'l', 'i', 'e']",6,0.0,"[1, 13, 3, 20, 14, 11, 7, 2, 0, 0, 0, 0, 0]"
252,<SOS>christian<EOS>  ,boy,"['c', 'h', 'r', 'i', 's', 't', 'i', 'a', 'n']",9,1.0,"[1, 5, 10, 20, 11, 21, 22, 11, 3, 16, 2, 0, 0]"
6724,<SOS>neveah<EOS>     ,girl,"['n', 'e', 'v', 'e', 'a', 'h']",6,0.0,"[1, 16, 7, 24, 7, 3, 10, 2, 0, 0, 0, 0, 0]"
4571,<SOS>ermina<EOS>     ,girl,"['e', 'r', 'm', 'i', 'n', 'a']",6,0.0,"[1, 7, 20, 15, 11, 16, 3, 2, 0, 0, 0, 0, 0]"
4103,<SOS>sibyl<EOS>      ,girl,"['s', 'i', 'b', 'y', 'l']",5,0.0,"[1, 21, 11, 4, 27, 14, 2, 0, 0, 0, 0, 0, 0]"
4040,<SOS>cordella<EOS>   ,girl,"['c', 'o', 'r', 'd', 'e', 'l', 'l', 'a']",8,0.0,"[1, 5, 17, 20, 6, 7, 14, 14, 3, 2, 0, 0, 0]"
2510,<SOS>darrin<EOS>     ,boy,"['d', 'a', 'r', 'r', 'i', 'n']",6,1.0,"[1, 6, 3, 20, 20, 11, 16, 2, 0, 0, 0, 0, 0]"
4739,<SOS>ardis<EOS>      ,girl,"['a', 'r', 'd', 'i', 's']",5,0.0,"[1, 3, 20, 6, 11, 21, 2, 0, 0, 0, 0, 0, 0]"
6584,<SOS>johana<EOS>     ,girl,"['j', 'o', 'h', 'a', 'n', 'a']",6,0.0,"[1, 12, 17, 10, 3, 16, 3, 2, 0, 0, 0, 0, 0]"
364,<SOS>frederic<EOS>   ,boy,"['f', 'r', 'e', 'd', 'e', 'r', 'i', 'c']",8,1.0,"[1, 8, 20, 7, 6, 7, 20, 11, 5, 2, 0, 0, 0]"
1410,<SOS>marlin<EOS>     ,boy,"['m', 'a', 'r', 'l', 'i', 'n']",6,1.0,"[1, 15, 3, 20, 14, 11, 16, 2, 0, 0, 0, 0, 0]"
4933,<SOS>sheila<EOS>     ,girl,"['s', 'h', 'e', 'i', 'l', 'a']",6,0.0,"[1, 21, 10, 7, 11, 14, 3, 2, 0, 0, 0, 0, 0]"
244,<SOS>dock<EOS>       ,boy,"['d', 'o', 'c', 'k']",4,1.0,"[1, 6, 17, 5, 13, 2, 0, 0, 0, 0, 0, 0, 0]"
2630,<SOS>jade<EOS>       ,boy,"['j', 'a', 'd', 'e']",4,1.0,"[1, 12, 3, 6, 7, 2, 0, 0, 0, 0, 0, 0, 0]"
6403,<SOS>daisha<EOS>     ,girl,"['d', 'a', 'i', 's', 'h', 'a']",6,0.0,"[1, 6, 3, 11, 21, 10, 3, 2, 0, 0, 0, 0, 0]"
309,<SOS>pink<EOS>       ,boy,"['p', 'i', 'n', 'k']",4,1.0,"[1, 18, 11, 16, 13, 2, 0, 0, 0, 0, 0, 0, 0]"
2669,<SOS>kelsey<EOS>     ,boy,"['k', 'e', 'l', 's', 'e', 'y']",6,1.0,"[1, 13, 7, 14, 21, 7, 27, 2, 0, 0, 0, 0, 0]"
5959,<SOS>iesha<EOS>      ,girl,"['i', 'e', 's', 'h', 'a']",5,0.0,"[1, 11, 7, 21, 10, 3, 2, 0, 0, 0, 0, 0, 0]"
2557,<SOS>tal<EOS>        ,boy,"['t', 'a', 'l']",3,1.0,"[1, 22, 3, 14, 2, 0, 0, 0, 0, 0, 0, 0, 0]"
6561,<SOS>kaia<EOS>       ,girl,"['k', 'a', 'i', 'a']",4,0.0,"[1, 13, 3, 11, 3, 2, 0, 0, 0, 0, 0, 0, 0]"
4617,<SOS>myrle<EOS>      ,girl,"['m', 'y', 'r', 'l', 'e']",5,0.0,"[1, 15, 27, 20, 14, 7, 2, 0, 0, 0, 0, 0, 0]"
551,<SOS>mortimer<EOS>   ,boy,"['m', 'o', 'r', 't', 'i', 'm', 'e', 'r']",8,1.0,"[1, 15, 17, 20, 22, 11, 15, 7, 20, 2, 0, 0, 0]"
2478,<SOS>quintin<EOS>    ,boy,"['q', 'u', 'i', 'n', 't', 'i', 'n']",7,1.0,"[1, 19, 23, 11, 16, 22, 11, 16, 2, 0, 0, 0, 0]"
5568,<SOS>johnna<EOS>     ,girl,"['j', 'o', 'h', 'n', 'n', 'a']",6,0.0,"[1, 12, 17, 10, 16, 16, 3, 2, 0, 0, 0, 0, 0]"
2507,<SOS>cheryl<EOS>     ,boy,"['c', 'h', 'e', 'r', 'y', 'l']",6,1.0,"[1, 5, 10, 7, 20, 27, 14, 2, 0, 0, 0, 0, 0]"
3980,<SOS>fidelia<EOS>    ,girl,"['f', 'i', 'd', 'e', 'l', 'i', 'a']",7,0.0,"[1, 8, 11, 6, 7, 14, 11, 3, 2, 0, 0, 0, 0]"
742,<SOS>woodson<EOS>    ,boy,"['w', 'o', 'o', 'd', 's', 'o', 'n']",7,1.0,"[1, 25, 17, 17, 6, 21, 17, 16, 2, 0, 0, 0, 0]"
5571,<SOS>jeana<EOS>      ,girl,"['j', 'e', 'a', 'n', 'a']",5,0.0,"[1, 12, 7, 3, 16, 3, 2, 0, 0, 0, 0, 0, 0]"
1769,<SOS>shelley<EOS>    ,boy,"['s', 'h', 'e', 'l', 'l', 'e', 'y']",7,1.0,"[1, 21, 10, 7, 14, 14, 7, 27, 2, 0, 0, 0, 0]"
2903,<SOS>danielle<EOS>   ,boy,"['d', 'a', 'n', 'i', 'e', 'l', 'l', 'e']",8,1.0,"[1, 6, 3, 16, 11, 7, 14, 14, 7, 2, 0, 0, 0]"
2363,<SOS>gerardo<EOS>    ,boy,"['g', 'e', 'r', 'a', 'r', 'd', 'o']",7,1.0,"[1, 9, 7, 20, 3, 20, 6, 17, 2, 0, 0, 0, 0]"
5344,<SOS>shiela<EOS>     ,girl,"['s', 'h', 'i', 'e', 'l', 'a']",6,0.0,"[1, 21, 10, 11, 7, 14, 3, 2, 0, 0, 0, 0, 0]"
2415,<SOS>ritchie<EOS>    ,boy,"['r', 'i', 't', 'c', 'h', 'i', 'e']",7,1.0,"[1, 20, 11, 22, 5, 10, 11, 7, 2, 0, 0, 0, 0]"
4818,<SOS>yolanda<EOS>    ,girl,"['y', 'o', 'l', 'a', 'n', 'd', 'a']",7,0.0,"[1, 27, 17, 14, 3, 16, 6, 3, 2, 0, 0, 0, 0]"
4795,<SOS>romaine<EOS>    ,girl,"['r', 'o', 'm', 'a', 'i', 'n', 'e']",7,0.0,"[1, 20, 17, 15, 3, 11, 16, 7, 2, 0, 0, 0, 0]"
3905,<SOS>eve<EOS>        ,girl,"['e', 'v', 'e']",3,0.0,"[1, 7, 24, 7, 2, 0, 0, 0, 0, 0, 0, 0, 0]"
6217,<SOS>anais<EOS>      ,girl,"['a', 'n', 'a', 'i', 's']",5,0.0,"[1, 3, 16, 3, 11, 21, 2, 0, 0, 0, 0, 0, 0]"
3038,<SOS>desean<EOS>     ,boy,"['d', 'e', 's', 'e', 'a', 'n']",6,1.0,"[1, 6, 7, 21, 7, 3, 16, 2, 0, 0, 0, 0, 0]"
2474,<SOS>timmothy<EOS>   ,boy,"['t', 'i', 'm', 'm', 'o', 't', 'h', 'y']",8,1.0,"[1, 22, 11, 15, 15, 17, 22, 10, 27, 2, 0, 0, 0]"
629,<SOS>shirley<EOS>    ,boy,"['s', 'h', 'i', 'r', 'l', 'e', 'y']",7,1.0,"[1, 21, 10, 11, 20, 14, 7, 27, 2, 0, 0, 0, 0]"
3925,<SOS>minervia<EOS>   ,girl,"['m', 'i', 'n', 'e', 'r', 'v', 'i', 'a']",8,0.0,"[1, 15, 11, 16, 7, 20, 24, 11, 3, 2, 0, 0, 0]"
4572,<SOS>hertha<EOS>     ,girl,"['h', 'e', 'r', 't', 'h', 'a']",6,0.0,"[1, 10, 7, 20, 22, 10, 3, 2, 0, 0, 0, 0, 0]"
3282,<SOS>yehuda<EOS>     ,boy,"['y', 'e', 'h', 'u', 'd', 'a']",6,1.0,"[1, 27, 7, 10, 23, 6, 3, 2, 0, 0, 0, 0, 0]"
3986,<SOS>janette<EOS>    ,girl,"['j', 'a', 'n', 'e', 't', 't', 'e']",7,0.0,"[1, 12, 3, 16, 7, 22, 22, 7, 2, 0, 0, 0, 0]"
3863,<SOS>elmina<EOS>     ,girl,"['e', 'l', 'm', 'i', 'n', 'a']",6,0.0,"[1, 7, 14, 15, 11, 16, 3, 2, 0, 0, 0, 0, 0]"
6364,<SOS>reina<EOS>      ,girl,"['r', 'e', 'i', 'n', 'a']",5,0.0,"[1, 20, 7, 11, 16, 3, 2, 0, 0, 0, 0, 0, 0]"
5131,<SOS>cathy<EOS>      ,girl,"['c', 'a', 't', 'h', 'y']",5,0.0,"[1, 5, 3, 22, 10, 27, 2, 0, 0, 0, 0, 0, 0]"
2043,<SOS>woodrow<EOS>    ,boy,"['w', 'o', 'o', 'd', 'r', 'o', 'w']",7,1.0,"[1, 25, 17, 17, 6, 20, 17, 25, 2, 0, 0, 0, 0]"
1528,<SOS>ignatius<EOS>   ,boy,"['i', 'g', 'n', 'a', 't', 'i', 'u', 's']",8,1.0,"[1, 11, 9, 16, 3, 22, 11, 23, 21, 2, 0, 0, 0]"
3201,<SOS>jalon<EOS>      ,boy,"['j', 'a', 'l', 'o', 'n']",5,1.0,"[1, 12, 3, 14, 17, 16, 2, 0, 0, 0, 0, 0, 0]"
1878,<SOS>buel<EOS>       ,boy,"['b', 'u', 'e', 'l']",4,1.0,"[1, 4, 23, 7, 14, 2, 0, 0, 0, 0, 0, 0, 0]"
1458,<SOS>leigh<EOS>      ,boy,"['l', 'e', 'i', 'g', 'h']",5,1.0,"[1, 14, 7, 11, 9, 10, 2, 0, 0, 0, 0, 0, 0]"
3284,<SOS>caiden<EOS>     ,boy,"['c', 'a', 'i', 'd', 'e', 'n']",6,1.0,"[1, 5, 3, 11, 6, 7, 16, 2, 0, 0, 0, 0, 0]"
632,<SOS>urban<EOS>      ,boy,"['u', 'r', 'b', 'a', 'n']",5,1.0,"[1, 23, 20, 4, 3, 16, 2, 0, 0, 0, 0, 0, 0]"
1684,<SOS>xavier<EOS>     ,boy,"['x', 'a', 'v', 'i', 'e', 'r']",6,1.0,"[1, 26, 3, 24, 11, 7, 20, 2, 0, 0, 0, 0, 0]"
1611,<SOS>keith<EOS>      ,boy,"['k', 'e', 'i', 't', 'h']",5,1.0,"[1, 13, 7, 11, 22, 10, 2, 0, 0, 0, 0, 0, 0]"
2008,<SOS>council<EOS>    ,boy,"['c', 'o', 'u', 'n', 'c', 'i', 'l']",7,1.0,"[1, 5, 17, 23, 16, 5, 11, 14, 2, 0, 0, 0, 0]"
600,<SOS>alois<EOS>      ,boy,"['a', 'l', 'o', 'i', 's']",5,1.0,"[1, 3, 14, 17, 11, 21, 2, 0, 0, 0, 0, 0, 0]"
6563,<SOS>anjali<EOS>     ,girl,"['a', 'n', 'j', 'a', 'l', 'i']",6,0.0,"[1, 3, 16, 12, 3, 14, 11, 2, 0, 0, 0, 0, 0]"
5314,<SOS>robyn<EOS>      ,girl,"['r', 'o', 'b', 'y', 'n']",5,0.0,"[1, 20, 17, 4, 27, 16, 2, 0, 0, 0, 0, 0, 0]"
1897,<SOS>gladstone<EOS>  ,boy,"['g', 'l', 'a', 'd', 's', 't', 'o', 'n', 'e']",9,1.0,"[1, 9, 14, 3, 6, 21, 22, 17, 16, 7, 2, 0, 0]"
5001,<SOS>ernestina<EOS>  ,girl,"['e', 'r', 'n', 'e', 's', 't', 'i', 'n', 'a']",9,0.0,"[1, 7, 20, 16, 7, 21, 22, 11, 16, 3, 2, 0, 0]"
4752,<SOS>margarite<EOS>  ,girl,"['m', 'a', 'r', 'g', 'a', 'r', 'i', 't', 'e']",9,0.0,"[1, 15, 3, 20, 9, 3, 20, 11, 22, 7, 2, 0, 0]"
2867,<SOS>adalberto<EOS>  ,boy,"['a', 'd', 'a', 'l', 'b', 'e', 'r', 't', 'o']",9,1.0,"[1, 3, 6, 3, 14, 4, 7, 20, 22, 17, 2, 0, 0]"
3522,<SOS>isabella<EOS>   ,girl,"['i', 's', 'a', 'b', 'e', 'l', 'l', 'a']",8,0.0,"[1, 11, 21, 3, 4, 7, 14, 14, 3, 2, 0, 0, 0]"
4132,<SOS>cara<EOS>       ,girl,"['c', 'a', 'r', 'a']",4,0.0,"[1, 5, 3, 20, 3, 2, 0, 0, 0, 0, 0, 0, 0]"
5076,<SOS>charlsie<EOS>   ,girl,"['c', 'h', 'a', 'r', 'l', 's', 'i', 'e']",8,0.0,"[1, 5, 10, 3, 20, 14, 21, 11, 7, 2, 0, 0, 0]"
4900,<SOS>bernita<EOS>    ,girl,"['b', 'e', 'r', 'n', 'i', 't', 'a']",7,0.0,"[1, 4, 7, 20, 16, 11, 22, 3, 2, 0, 0, 0, 0]"
4037,<SOS>celie<EOS>      ,girl,"['c', 'e', 'l', 'i', 'e']",5,0.0,"[1, 5, 7, 14, 11, 7, 2, 0, 0, 0, 0, 0, 0]"
2156,<SOS>daryl<EOS>      ,boy,"['d', 'a', 'r', 'y', 'l']",5,1.0,"[1, 6, 3, 20, 27, 14, 2, 0, 0, 0, 0, 0, 0]"
1609,<SOS>fannie<EOS>     ,boy,"['f', 'a', 'n', 'n', 'i', 'e']",6,1.0,"[1, 8, 3, 16, 16, 11, 7, 2, 0, 0, 0, 0, 0]"
4846,<SOS>margurite<EOS>  ,girl,"['m', 'a', 'r', 'g', 'u', 'r', 'i', 't', 'e']",9,0.0,"[1, 15, 3, 20, 9, 23, 20, 11, 22, 7, 2, 0, 0]"
4960,<SOS>soledad<EOS>    ,girl,"['s', 'o', 'l', 'e', 'd', 'a', 'd']",7,0.0,"[1, 21, 17, 14, 7, 6, 3, 6, 2, 0, 0, 0, 0]"
1042,<SOS>alvis<EOS>      ,boy,"['a', 'l', 'v', 'i', 's']",5,1.0,"[1, 3, 14, 24, 11, 21, 2, 0, 0, 0, 0, 0, 0]"
5976,<SOS>meghann<EOS>    ,girl,"['m', 'e', 'g', 'h', 'a', 'n', 'n']",7,0.0,"[1, 15, 7, 9, 10, 3, 16, 16, 2, 0, 0, 0, 0]"
4776,<SOS>margueritta<EOS>,girl,"['m', 'a', 'r', 'g', 'u', 'e', 'r', 'i', 't', 't', 'a']",11,0.0,"[1, 15, 3, 20, 9, 23, 7, 20, 11, 22, 22, 3, 2]"
208,<SOS>andy<EOS>       ,boy,"['a', 'n', 'd', 'y']",4,1.0,"[1, 3, 16, 6, 27, 2, 0, 0, 0, 0, 0, 0, 0]"
2566,<SOS>roderic<EOS>    ,boy,"['r', 'o', 'd', 'e', 'r', 'i', 'c']",7,1.0,"[1, 20, 17, 6, 7, 20, 11, 5, 2, 0, 0, 0, 0]"
3663,<SOS>annetta<EOS>    ,girl,"['a', 'n', 'n', 'e', 't', 't', 'a']",7,0.0,"[1, 3, 16, 16, 7, 22, 22, 3, 2, 0, 0, 0, 0]"
887,<SOS>redden<EOS>     ,boy,"['r', 'e', 'd', 'd', 'e', 'n']",6,1.0,"[1, 20, 7, 6, 6, 7, 16, 2, 0, 0, 0, 0, 0]"
4210,<SOS>fronia<EOS>     ,girl,"['f', 'r', 'o', 'n', 'i', 'a']",6,0.0,"[1, 8, 20, 17, 16, 11, 3, 2, 0, 0, 0, 0, 0]"
2298,<SOS>tex<EOS>        ,boy,"['t', 'e', 'x']",3,1.0,"[1, 22, 7, 26, 2, 0, 0, 0, 0, 0, 0, 0, 0]"
1409,<SOS>kelley<EOS>     ,boy,"['k', 'e', 'l', 'l', 'e', 'y']",6,1.0,"[1, 13, 7, 14, 14, 7, 27, 2, 0, 0, 0, 0, 0]"
606,<SOS>cornelious<EOS> ,boy,"['c', 'o', 'r', 'n', 'e', 'l', 'i', 'o', 'u', 's']",10,1.0,"[1, 5, 17, 20, 16, 7, 14, 11, 17, 23, 21, 2, 0]"
4346,<SOS>columbia<EOS>   ,girl,"['c', 'o', 'l', 'u', 'm', 'b', 'i', 'a']",8,0.0,"[1, 5, 17, 14, 23, 15, 4, 11, 3, 2, 0, 0, 0]"
1356,<SOS>hanson<EOS>     ,boy,"['h', 'a', 'n', 's', 'o', 'n']",6,1.0,"[1, 10, 3, 16, 21, 17, 16, 2, 0, 0, 0, 0, 0]"
75,<SOS>homer<EOS>      ,boy,"['h', 'o', 'm', 'e', 'r']",5,1.0,"[1, 10, 17, 15, 7, 20, 2, 0, 0, 0, 0, 0, 0]"
5430,<SOS>lanette<EOS>    ,girl,"['l', 'a', 'n', 'e', 't', 't', 'e']",7,0.0,"[1, 14, 3, 16, 7, 22, 22, 7, 2, 0, 0, 0, 0]"
1642,<SOS>branch<EOS>     ,boy,"['b', 'r', 'a', 'n', 'c', 'h']",6,1.0,"[1, 4, 20, 3, 16, 5, 10, 2, 0, 0, 0, 0, 0]"
4102,<SOS>selena<EOS>     ,girl,"['s', 'e', 'l', 'e', 'n', 'a']",6,0.0,"[1, 21, 7, 14, 7, 16, 3, 2, 0, 0, 0, 0, 0]"
2106,<SOS>cosmo<EOS>      ,boy,"['c', 'o', 's', 'm', 'o']",5,1.0,"[1, 5, 17, 21, 15, 17, 2, 0, 0, 0, 0, 0, 0]"
1587,<SOS>bliss<EOS>      ,boy,"['b', 'l', 'i', 's', 's']",5,1.0,"[1, 4, 14, 11, 21, 21, 2, 0, 0, 0, 0, 0, 0]"
3840,<SOS>maye<EOS>       ,girl,"['m', 'a', 'y', 'e']",4,0.0,"[1, 15, 3, 27, 7, 2, 0, 0, 0, 0, 0, 0, 0]"
6658,<SOS>marin<EOS>      ,girl,"['m', 'a', 'r', 'i', 'n']",5,0.0,"[1, 15, 3, 20, 11, 16, 2, 0, 0, 0, 0, 0, 0]"
4777,<SOS>mozell<EOS>     ,girl,"['m', 'o', 'z', 'e', 'l', 'l']",6,0.0,"[1, 15, 17, 28, 7, 14, 14, 2, 0, 0, 0, 0, 0]"
26,<SOS>will<EOS>       ,boy,"['w', 'i', 'l', 'l']",4,1.0,"[1, 25, 11, 14, 14, 2, 0, 0, 0, 0, 0, 0, 0]"
2118,<SOS>durwood<EOS>    ,boy,"['d', 'u', 'r', 'w', 'o', 'o', 'd']",7,1.0,"[1, 6, 23, 20, 25, 17, 17, 6, 2, 0, 0, 0, 0]"
2392,<SOS>stevie<EOS>     ,boy,"['s', 't', 'e', 'v', 'i', 'e']",6,1.0,"[1, 21, 22, 7, 24, 11, 7, 2, 0, 0, 0, 0, 0]"
5274,<SOS>karyl<EOS>      ,girl,"['k', 'a', 'r', 'y', 'l']",5,0.0,"[1, 13, 3, 20, 27, 14, 2, 0, 0, 0, 0, 0, 0]"
4259,<SOS>rosena<EOS>     ,girl,"['r', 'o', 's', 'e', 'n', 'a']",6,0.0,"[1, 20, 17, 21, 7, 16, 3, 2, 0, 0, 0, 0, 0]"
1093,<SOS>whit<EOS>       ,boy,"['w', 'h', 'i', 't']",4,1.0,"[1, 25, 10, 11, 22, 2, 0, 0, 0, 0, 0, 0, 0]"
1172,<SOS>waverly<EOS>    ,boy,"['w', 'a', 'v', 'e', 'r', 'l', 'y']",7,1.0,"[1, 25, 3, 24, 7, 20, 14, 27, 2, 0, 0, 0, 0]"
5164,<SOS>jacque<EOS>     ,girl,"['j', 'a', 'c', 'q', 'u', 'e']",6,0.0,"[1, 12, 3, 5, 19, 23, 7, 2, 0, 0, 0, 0, 0]"
5367,<SOS>bethany<EOS>    ,girl,"['b', 'e', 't', 'h', 'a', 'n', 'y']",7,0.0,"[1, 4, 7, 22, 10, 3, 16, 27, 2, 0, 0, 0, 0]"
5203,<SOS>nanci<EOS>      ,girl,"['n', 'a', 'n', 'c', 'i']",5,0.0,"[1, 16, 3, 16, 5, 11, 2, 0, 0, 0, 0, 0, 0]"
157,<SOS>willard<EOS>    ,boy,"['w', 'i', 'l', 'l', 'a', 'r', 'd']",7,1.0,"[1, 25, 11, 14, 14, 3, 20, 6, 2, 0, 0, 0, 0]"
6720,<SOS>rayne<EOS>      ,girl,"['r', 'a', 'y', 'n', 'e']",5,0.0,"[1, 20, 3, 27, 16, 7, 2, 0, 0, 0, 0, 0, 0]"
3104,<SOS>auston<EOS>     ,boy,"['a', 'u', 's', 't', 'o', 'n']",6,1.0,"[1, 3, 23, 21, 22, 17, 16, 2, 0, 0, 0, 0, 0]"
6771,<SOS>payten<EOS>     ,girl,"['p', 'a', 'y', 't', 'e', 'n']",6,0.0,"[1, 18, 3, 27, 22, 7, 16, 2, 0, 0, 0, 0, 0]"
5401,<SOS>rhona<EOS>      ,girl,"['r', 'h', 'o', 'n', 'a']",5,0.0,"[1, 20, 10, 17, 16, 3, 2, 0, 0, 0, 0, 0, 0]"
6149,<SOS>nakita<EOS>     ,girl,"['n', 'a', 'k', 'i', 't', 'a']",6,0.0,"[1, 16, 3, 13, 11, 22, 3, 2, 0, 0, 0, 0, 0]"
4104,<SOS>tella<EOS>      ,girl,"['t', 'e', 'l', 'l', 'a']",5,0.0,"[1, 22, 7, 14, 14, 3, 2, 0, 0, 0, 0, 0, 0]"
5222,<SOS>pam<EOS>        ,girl,"['p', 'a', 'm']",3,0.0,"[1, 18, 3, 15, 2, 0, 0, 0, 0, 0, 0, 0, 0]"
3902,<SOS>etna<EOS>       ,girl,"['e', 't', 'n', 'a']",4,0.0,"[1, 7, 22, 16, 3, 2, 0, 0, 0, 0, 0, 0, 0]"
2467,<SOS>davy<EOS>       ,boy,"['d', 'a', 'v', 'y']",4,1.0,"[1, 6, 3, 24, 27, 2, 0, 0, 0, 0, 0, 0, 0]"
1203,<SOS>hilary<EOS>     ,boy,"['h', 'i', 'l', 'a', 'r', 'y']",6,1.0,"[1, 10, 11, 14, 3, 20, 27, 2, 0, 0, 0, 0, 0]"
6146,<SOS>samatha<EOS>    ,girl,"['s', 'a', 'm', 'a', 't', 'h', 'a']",7,0.0,"[1, 21, 3, 15, 3, 22, 10, 3, 2, 0, 0, 0, 0]"
754,<SOS>birt<EOS>       ,boy,"['b', 'i', 'r', 't']",4,1.0,"[1, 4, 11, 20, 22, 2, 0, 0, 0, 0, 0, 0, 0]"
6749,<SOS>kelis<EOS>      ,girl,"['k', 'e', 'l', 'i', 's']",5,0.0,"[1, 13, 7, 14, 11, 21, 2, 0, 0, 0, 0, 0, 0]"
1872,<SOS>frankie<EOS>    ,boy,"['f', 'r', 'a', 'n', 'k', 'i', 'e']",7,1.0,"[1, 8, 20, 3, 16, 13, 11, 7, 2, 0, 0, 0, 0]"
5123,<SOS>shirlene<EOS>   ,girl,"['s', 'h', 'i', 'r', 'l', 'e', 'n', 'e']",8,0.0,"[1, 21, 10, 11, 20, 14, 7, 16, 7, 2, 0, 0, 0]"
6327,<SOS>shawnee<EOS>    ,girl,"['s', 'h', 'a', 'w', 'n', 'e', 'e']",7,0.0,"[1, 21, 10, 3, 25, 16, 7, 7, 2, 0, 0, 0, 0]"
3687,<SOS>agatha<EOS>     ,girl,"['a', 'g', 'a', 't', 'h', 'a']",6,0.0,"[1, 3, 9, 3, 22, 10, 3, 2, 0, 0, 0, 0, 0]"
4932,<SOS>olene<EOS>      ,girl,"['o', 'l', 'e', 'n', 'e']",5,0.0,"[1, 17, 14, 7, 16, 7, 2, 0, 0, 0, 0, 0, 0]"
4296,<SOS>dezzie<EOS>     ,girl,"['d', 'e', 'z', 'z', 'i', 'e']",6,0.0,"[1, 6, 7, 28, 28, 11, 7, 2, 0, 0, 0, 0, 0]"
4424,<SOS>beatrix<EOS>    ,girl,"['b', 'e', 'a', 't', 'r', 'i', 'x']",7,0.0,"[1, 4, 7, 3, 22, 20, 11, 26, 2, 0, 0, 0, 0]"
1171,<SOS>verner<EOS>     ,boy,"['v', 'e', 'r', 'n', 'e', 'r']",6,1.0,"[1, 24, 7, 20, 16, 7, 20, 2, 0, 0, 0, 0, 0]"
4024,<SOS>winona<EOS>     ,girl,"['w', 'i', 'n', 'o', 'n', 'a']",6,0.0,"[1, 25, 11, 16, 17, 16, 3, 2, 0, 0, 0, 0, 0]"
3193,<SOS>tyreek<EOS>     ,boy,"['t', 'y', 'r', 'e', 'e', 'k']",6,1.0,"[1, 22, 27, 20, 7, 7, 13, 2, 0, 0, 0, 0, 0]"
2724,<SOS>diallo<EOS>     ,boy,"['d', 'i', 'a', 'l', 'l', 'o']",6,1.0,"[1, 6, 11, 3, 14, 14, 17, 2, 0, 0, 0, 0, 0]"
2065,<SOS>emmanuel<EOS>   ,boy,"['e', 'm', 'm', 'a', 'n', 'u', 'e', 'l']",8,1.0,"[1, 7, 15, 15, 3, 16, 23, 7, 14, 2, 0, 0, 0]"
3261,<SOS>maxim<EOS>      ,boy,"['m', 'a', 'x', 'i', 'm']",5,1.0,"[1, 15, 3, 26, 11, 15, 2, 0, 0, 0, 0, 0, 0]"
3206,<SOS>hamza<EOS>      ,boy,"['h', 'a', 'm', 'z', 'a']",5,1.0,"[1, 10, 3, 15, 28, 3, 2, 0, 0, 0, 0, 0, 0]"
2473,<SOS>dann<EOS>       ,boy,"['d', 'a', 'n', 'n']",4,1.0,"[1, 6, 3, 16, 16, 2, 0, 0, 0, 0, 0, 0, 0]"
5277,<SOS>luana<EOS>      ,girl,"['l', 'u', 'a', 'n', 'a']",5,0.0,"[1, 14, 23, 3, 16, 3, 2, 0, 0, 0, 0, 0, 0]"
3487,<SOS>sylvia<EOS>     ,girl,"['s', 'y', 'l', 'v', 'i', 'a']",6,0.0,"[1, 21, 27, 14, 24, 11, 3, 2, 0, 0, 0, 0, 0]"
1220,<SOS>alexis<EOS>     ,boy,"['a', 'l', 'e', 'x', 'i', 's']",6,1.0,"[1, 3, 14, 7, 26, 11, 21, 2, 0, 0, 0, 0, 0]"
4231,<SOS>christie<EOS>   ,girl,"['c', 'h', 'r', 'i', 's', 't', 'i', 'e']",8,0.0,"[1, 5, 10, 20, 11, 21, 22, 11, 7, 2, 0, 0, 0]"
981,<SOS>humphrey<EOS>   ,boy,"['h', 'u', 'm', 'p', 'h', 'r', 'e', 'y']",8,1.0,"[1, 10, 23, 15, 18, 10, 20, 7, 27, 2, 0, 0, 0]"
3718,<SOS>odessa<EOS>     ,girl,"['o', 'd', 'e', 's', 's', 'a']",6,0.0,"[1, 17, 6, 7, 21, 21, 3, 2, 0, 0, 0, 0, 0]"
4954,<SOS>felipa<EOS>     ,girl,"['f', 'e', 'l', 'i', 'p', 'a']",6,0.0,"[1, 8, 7, 14, 11, 18, 3, 2, 0, 0, 0, 0, 0]"
1738,<SOS>barnard<EOS>    ,boy,"['b', 'a', 'r', 'n', 'a', 'r', 'd']",7,1.0,"[1, 4, 3, 20, 16, 3, 20, 6, 2, 0, 0, 0, 0]"
1127,<SOS>garnett<EOS>    ,boy,"['g', 'a', 'r', 'n', 'e', 't', 't']",7,1.0,"[1, 9, 3, 20, 16, 7, 22, 22, 2, 0, 0, 0, 0]"
5479,<SOS>sheena<EOS>     ,girl,"['s', 'h', 'e', 'e', 'n', 'a']",6,0.0,"[1, 21, 10, 7, 7, 16, 3, 2, 0, 0, 0, 0, 0]"
5935,<SOS>chaka<EOS>      ,girl,"['c', 'h', 'a', 'k', 'a']",5,0.0,"[1, 5, 10, 3, 13, 3, 2, 0, 0, 0, 0, 0, 0]"
1682,<SOS>guilford<EOS>   ,boy,"['g', 'u', 'i', 'l', 'f', 'o', 'r', 'd']",8,1.0,"[1, 9, 23, 11, 14, 8, 17, 20, 6, 2, 0, 0, 0]"
2989,<SOS>darion<EOS>     ,boy,"['d', 'a', 'r', 'i', 'o', 'n']",6,1.0,"[1, 6, 3, 20, 11, 17, 16, 2, 0, 0, 0, 0, 0]"
5462,<SOS>debbi<EOS>      ,girl,"['d', 'e', 'b', 'b', 'i']",5,0.0,"[1, 6, 7, 4, 4, 11, 2, 0, 0, 0, 0, 0, 0]"
5320,<SOS>katrina<EOS>    ,girl,"['k', 'a', 't', 'r', 'i', 'n', 'a']",7,0.0,"[1, 13, 3, 22, 20, 11, 16, 3, 2, 0, 0, 0, 0]"
5973,<SOS>chrissy<EOS>    ,girl,"['c', 'h', 'r', 'i', 's', 's', 'y']",7,0.0,"[1, 5, 10, 20, 11, 21, 21, 27, 2, 0, 0, 0, 0]"
5044,<SOS>jeanine<EOS>    ,girl,"['j', 'e', 'a', 'n', 'i', 'n', 'e']",7,0.0,"[1, 12, 7, 3, 16, 11, 16, 7, 2, 0, 0, 0, 0]"
1418,<SOS>osie<EOS>       ,boy,"['o', 's', 'i', 'e']",4,1.0,"[1, 17, 21, 11, 7, 2, 0, 0, 0, 0, 0, 0, 0]"
3719,<SOS>veronica<EOS>   ,girl,"['v', 'e', 'r', 'o', 'n', 'i', 'c', 'a']",8,0.0,"[1, 24, 7, 20, 17, 16, 11, 5, 3, 2, 0, 0, 0]"
2252,<SOS>cordell<EOS>    ,boy,"['c', 'o', 'r', 'd', 'e', 'l', 'l']",7,1.0,"[1, 5, 17, 20, 6, 7, 14, 14, 2, 0, 0, 0, 0]"
541,<SOS>emile<EOS>      ,boy,"['e', 'm', 'i', 'l', 'e']",5,1.0,"[1, 7, 15, 11, 14, 7, 2, 0, 0, 0, 0, 0, 0]"
980,<SOS>huey<EOS>       ,boy,"['h', 'u', 'e', 'y']",4,1.0,"[1, 10, 23, 7, 27, 2, 0, 0, 0, 0, 0, 0, 0]"
4979,<SOS>beatriz<EOS>    ,girl,"['b', 'e', 'a', 't', 'r', 'i', 'z']",7,0.0,"[1, 4, 7, 3, 22, 20, 11, 28, 2, 0, 0, 0, 0]"
349,<SOS>seth<EOS>       ,boy,"['s', 'e', 't', 'h']",4,1.0,"[1, 21, 7, 22, 10, 2, 0, 0, 0, 0, 0, 0, 0]"
2028,<SOS>harrold<EOS>    ,boy,"['h', 'a', 'r', 'r', 'o', 'l', 'd']",7,1.0,"[1, 10, 3, 20, 20, 17, 14, 6, 2, 0, 0, 0, 0]"
5275,<SOS>candy<EOS>      ,girl,"['c', 'a', 'n', 'd', 'y']",5,0.0,"[1, 5, 3, 16, 6, 27, 2, 0, 0, 0, 0, 0, 0]"
5564,<SOS>fawn<EOS>       ,girl,"['f', 'a', 'w', 'n']",4,0.0,"[1, 8, 3, 25, 16, 2, 0, 0, 0, 0, 0, 0, 0]"
3470,<SOS>luella<EOS>     ,girl,"['l', 'u', 'e', 'l', 'l', 'a']",6,0.0,"[1, 14, 23, 7, 14, 14, 3, 2, 0, 0, 0, 0, 0]"
647,<SOS>elige<EOS>      ,boy,"['e', 'l', 'i', 'g', 'e']",5,1.0,"[1, 7, 14, 11, 9, 7, 2, 0, 0, 0, 0, 0, 0]"
142,<SOS>mike<EOS>       ,boy,"['m', 'i', 'k', 'e']",4,1.0,"[1, 15, 11, 13, 7, 2, 0, 0, 0, 0, 0, 0, 0]"
4820,<SOS>orma<EOS>       ,girl,"['o', 'r', 'm', 'a']",4,0.0,"[1, 17, 20, 15, 3, 2, 0, 0, 0, 0, 0, 0, 0]"
3257,<SOS>brodie<EOS>     ,boy,"['b', 'r', 'o', 'd', 'i', 'e']",6,1.0,"[1, 4, 20, 17, 6, 11, 7, 2, 0, 0, 0, 0, 0]"
126,<SOS>jay<EOS>        ,boy,"['j', 'a', 'y']",3,1.0,"[1, 12, 3, 27, 2, 0, 0, 0, 0, 0, 0, 0, 0]"
531,<SOS>bailey<EOS>     ,boy,"['b', 'a', 'i', 'l', 'e', 'y']",6,1.0,"[1, 4, 3, 11, 14, 7, 27, 2, 0, 0, 0, 0, 0]"
2044,<SOS>burnice<EOS>    ,boy,"['b', 'u', 'r', 'n', 'i', 'c', 'e']",7,1.0,"[1, 4, 23, 20, 16, 11, 5, 7, 2, 0, 0, 0, 0]"
4734,<SOS>onnie<EOS>      ,girl,"['o', 'n', 'n', 'i', 'e']",5,0.0,"[1, 17, 16, 16, 11, 7, 2, 0, 0, 0, 0, 0, 0]"
1828,<SOS>guthrie<EOS>    ,boy,"['g', 'u', 't', 'h', 'r', 'i', 'e']",7,1.0,"[1, 9, 23, 22, 10, 20, 11, 7, 2, 0, 0, 0, 0]"
2700,<SOS>deshawn<EOS>    ,boy,"['d', 'e', 's', 'h', 'a', 'w', 'n']",7,1.0,"[1, 6, 7, 21, 10, 3, 25, 16, 2, 0, 0, 0, 0]"
3436,<SOS>kolten<EOS>     ,boy,"['k', 'o', 'l', 't', 'e', 'n']",6,1.0,"[1, 13, 17, 14, 22, 7, 16, 2, 0, 0, 0, 0, 0]"
3793,<SOS>erna<EOS>       ,girl,"['e', 'r', 'n', 'a']",4,0.0,"[1, 7, 20, 16, 3, 2, 0, 0, 0, 0, 0, 0, 0]"
6500,<SOS>abigayle<EOS>   ,girl,"['a', 'b', 'i', 'g', 'a', 'y', 'l', 'e']",8,0.0,"[1, 3, 4, 11, 9, 3, 27, 14, 7, 2, 0, 0, 0]"
1164,<SOS>rene<EOS>       ,boy,"['r', 'e', 'n', 'e']",4,1.0,"[1, 20, 7, 16, 7, 2, 0, 0, 0, 0, 0, 0, 0]"
4434,<SOS>ermine<EOS>     ,girl,"['e', 'r', 'm', 'i', 'n', 'e']",6,0.0,"[1, 7, 20, 15, 11, 16, 7, 2, 0, 0, 0, 0, 0]"
6397,<SOS>adilene<EOS>    ,girl,"['a', 'd', 'i', 'l', 'e', 'n', 'e']",7,0.0,"[1, 3, 6, 11, 14, 7, 16, 7, 2, 0, 0, 0, 0]"
3228,<SOS>semaj<EOS>      ,boy,"['s', 'e', 'm', 'a', 'j']",5,1.0,"[1, 21, 7, 15, 3, 12, 2, 0, 0, 0, 0, 0, 0]"
5557,<SOS>elana<EOS>      ,girl,"['e', 'l', 'a', 'n', 'a']",5,0.0,"[1, 7, 14, 3, 16, 3, 2, 0, 0, 0, 0, 0, 0]"
3890,<SOS>zona<EOS>       ,girl,"['z', 'o', 'n', 'a']",4,0.0,"[1, 28, 17, 16, 3, 2, 0, 0, 0, 0, 0, 0, 0]"
5675,<SOS>catrina<EOS>    ,girl,"['c', 'a', 't', 'r', 'i', 'n', 'a']",7,0.0,"[1, 5, 3, 22, 20, 11, 16, 3, 2, 0, 0, 0, 0]"
106,<SOS>clifford<EOS>   ,boy,"['c', 'l', 'i', 'f', 'f', 'o', 'r', 'd']",8,1.0,"[1, 5, 14, 11, 8, 8, 17, 20, 6, 2, 0, 0, 0]"
49,<SOS>francis<EOS>    ,boy,"['f', 'r', 'a', 'n', 'c', 'i', 's']",7,1.0,"[1, 8, 20, 3, 16, 5, 11, 21, 2, 0, 0, 0, 0]"
6070,<SOS>shakira<EOS>    ,girl,"['s', 'h', 'a', 'k', 'i', 'r', 'a']",7,0.0,"[1, 21, 10, 3, 13, 11, 20, 3, 2, 0, 0, 0, 0]"
5880,<SOS>lakeshia<EOS>   ,girl,"['l', 'a', 'k', 'e', 's', 'h', 'i', 'a']",8,0.0,"[1, 14, 3, 13, 7, 21, 10, 11, 3, 2, 0, 0, 0]"
2973,<SOS>kade<EOS>       ,boy,"['k', 'a', 'd', 'e']",4,1.0,"[1, 13, 3, 6, 7, 2, 0, 0, 0, 0, 0, 0, 0]"
3429,<SOS>yadiel<EOS>     ,boy,"['y', 'a', 'd', 'i', 'e', 'l']",6,1.0,"[1, 27, 3, 6, 11, 7, 14, 2, 0, 0, 0, 0, 0]"
6516,<SOS>piper<EOS>      ,girl,"['p', 'i', 'p', 'e', 'r']",5,0.0,"[1, 18, 11, 18, 7, 20, 2, 0, 0, 0, 0, 0, 0]"
1496,<SOS>drury<EOS>      ,boy,"['d', 'r', 'u', 'r', 'y']",5,1.0,"[1, 6, 20, 23, 20, 27, 2, 0, 0, 0, 0, 0, 0]"
4828,<SOS>vela<EOS>       ,girl,"['v', 'e', 'l', 'a']",4,0.0,"[1, 24, 7, 14, 3, 2, 0, 0, 0, 0, 0, 0, 0]"
1986,<SOS>lenon<EOS>      ,boy,"['l', 'e', 'n', 'o', 'n']",5,1.0,"[1, 14, 7, 16, 17, 16, 2, 0, 0, 0, 0, 0, 0]"
2792,<SOS>taj<EOS>        ,boy,"['t', 'a', 'j']",3,1.0,"[1, 22, 3, 12, 2, 0, 0, 0, 0, 0, 0, 0, 0]"
4950,<SOS>concha<EOS>     ,girl,"['c', 'o', 'n', 'c', 'h', 'a']",6,0.0,"[1, 5, 17, 16, 5, 10, 3, 2, 0, 0, 0, 0, 0]"
4458,<SOS>corene<EOS>     ,girl,"['c', 'o', 'r', 'e', 'n', 'e']",6,0.0,"[1, 5, 17, 20, 7, 16, 7, 2, 0, 0, 0, 0, 0]"
5420,<SOS>tricia<EOS>     ,girl,"['t', 'r', 'i', 'c', 'i', 'a']",6,0.0,"[1, 22, 20, 11, 5, 11, 3, 2, 0, 0, 0, 0, 0]"
3381,<SOS>koen<EOS>       ,boy,"['k', 'o', 'e', 'n']",4,1.0,"[1, 13, 17, 7, 16, 2, 0, 0, 0, 0, 0, 0, 0]"
4997,<SOS>bettylou<EOS>   ,girl,"['b', 'e', 't', 't', 'y', 'l', 'o', 'u']",8,0.0,"[1, 4, 7, 22, 22, 27, 14, 17, 23, 2, 0, 0, 0]"
6376,<SOS>dalia<EOS>      ,girl,"['d', 'a', 'l', 'i', 'a']",5,0.0,"[1, 6, 3, 14, 11, 3, 2, 0, 0, 0, 0, 0, 0]"
720,<SOS>marshal<EOS>    ,boy,"['m', 'a', 'r', 's', 'h', 'a', 'l']",7,1.0,"[1, 15, 3, 20, 21, 10, 3, 14, 2, 0, 0, 0, 0]"
1081,<SOS>lorenza<EOS>    ,boy,"['l', 'o', 'r', 'e', 'n', 'z', 'a']",7,1.0,"[1, 14, 17, 20, 7, 16, 28, 3, 2, 0, 0, 0, 0]"
5092,<SOS>janelle<EOS>    ,girl,"['j', 'a', 'n', 'e', 'l', 'l', 'e']",7,0.0,"[1, 12, 3, 16, 7, 14, 14, 7, 2, 0, 0, 0, 0]"
5836,<SOS>racheal<EOS>    ,girl,"['r', 'a', 'c', 'h', 'e', 'a', 'l']",7,0.0,"[1, 20, 3, 5, 10, 7, 3, 14, 2, 0, 0, 0, 0]"
2523,<SOS>darrick<EOS>    ,boy,"['d', 'a', 'r', 'r', 'i', 'c', 'k']",7,1.0,"[1, 6, 3, 20, 20, 11, 5, 13, 2, 0, 0, 0, 0]"
6489,<SOS>samara<EOS>     ,girl,"['s', 'a', 'm', 'a', 'r', 'a']",6,0.0,"[1, 21, 3, 15, 3, 20, 3, 2, 0, 0, 0, 0, 0]"
757,<SOS>chancy<EOS>     ,boy,"['c', 'h', 'a', 'n', 'c', 'y']",6,1.0,"[1, 5, 10, 3, 16, 5, 27, 2, 0, 0, 0, 0, 0]"
2488,<SOS>renaldo<EOS>    ,boy,"['r', 'e', 'n', 'a', 'l', 'd', 'o']",7,1.0,"[1, 20, 7, 16, 3, 14, 6, 17, 2, 0, 0, 0, 0]"
1041,<SOS>alice<EOS>      ,boy,"['a', 'l', 'i', 'c', 'e']",5,1.0,"[1, 3, 14, 11, 5, 7, 2, 0, 0, 0, 0, 0, 0]"
514,<SOS>merrill<EOS>    ,boy,"['m', 'e', 'r', 'r', 'i', 'l', 'l']",7,1.0,"[1, 15, 7, 20, 20, 11, 14, 14, 2, 0, 0, 0, 0]"
3536,<SOS>olivia<EOS>     ,girl,"['o', 'l', 'i', 'v', 'i', 'a']",6,0.0,"[1, 17, 14, 11, 24, 11, 3, 2, 0, 0, 0, 0, 0]"
5002,<SOS>doloris<EOS>    ,girl,"['d', 'o', 'l', 'o', 'r', 'i', 's']",7,0.0,"[1, 6, 17, 14, 17, 20, 11, 21, 2, 0, 0, 0, 0]"
3939,<SOS>viva<EOS>       ,girl,"['v', 'i', 'v', 'a']",4,0.0,"[1, 24, 11, 24, 3, 2, 0, 0, 0, 0, 0, 0, 0]"
6087,<SOS>mallory<EOS>    ,girl,"['m', 'a', 'l', 'l', 'o', 'r', 'y']",7,0.0,"[1, 15, 3, 14, 14, 17, 20, 27, 2, 0, 0, 0, 0]"
1037,<SOS>tommy<EOS>      ,boy,"['t', 'o', 'm', 'm', 'y']",5,1.0,"[1, 22, 17, 15, 15, 27, 2, 0, 0, 0, 0, 0, 0]"
4432,<SOS>dot<EOS>        ,girl,"['d', 'o', 't']",3,0.0,"[1, 6, 17, 22, 2, 0, 0, 0, 0, 0, 0, 0, 0]"
2395,<SOS>cesar<EOS>      ,boy,"['c', 'e', 's', 'a', 'r']",5,1.0,"[1, 5, 7, 21, 3, 20, 2, 0, 0, 0, 0, 0, 0]"
3759,<SOS>willa<EOS>      ,girl,"['w', 'i', 'l', 'l', 'a']",5,0.0,"[1, 25, 11, 14, 14, 3, 2, 0, 0, 0, 0, 0, 0]"
4211,<SOS>gillie<EOS>     ,girl,"['g', 'i', 'l', 'l', 'i', 'e']",6,0.0,"[1, 9, 11, 14, 14, 11, 7, 2, 0, 0, 0, 0, 0]"
805,<SOS>watt<EOS>       ,boy,"['w', 'a', 't', 't']",4,1.0,"[1, 25, 3, 22, 22, 2, 0, 0, 0, 0, 0, 0, 0]"
1237,<SOS>lennie<EOS>     ,boy,"['l', 'e', 'n', 'n', 'i', 'e']",6,1.0,"[1, 14, 7, 16, 16, 11, 7, 2, 0, 0, 0, 0, 0]"
3100,<SOS>jayden<EOS>     ,boy,"['j', 'a', 'y', 'd', 'e', 'n']",6,1.0,"[1, 12, 3, 27, 6, 7, 16, 2, 0, 0, 0, 0, 0]"
1388,<SOS>catherine<EOS>  ,boy,"['c', 'a', 't', 'h', 'e', 'r', 'i', 'n', 'e']",9,1.0,"[1, 5, 3, 22, 10, 7, 20, 11, 16, 7, 2, 0, 0]"
512,<SOS>larry<EOS>      ,boy,"['l', 'a', 'r', 'r', 'y']",5,1.0,"[1, 14, 3, 20, 20, 27, 2, 0, 0, 0, 0, 0, 0]"
148,<SOS>reuben<EOS>     ,boy,"['r', 'e', 'u', 'b', 'e', 'n']",6,1.0,"[1, 20, 7, 23, 4, 7, 16, 2, 0, 0, 0, 0, 0]"
3364,<SOS>kadyn<EOS>      ,boy,"['k', 'a', 'd', 'y', 'n']",5,1.0,"[1, 13, 3, 6, 27, 16, 2, 0, 0, 0, 0, 0, 0]"
6778,<SOS>carleigh<EOS>   ,girl,"['c', 'a', 'r', 'l', 'e', 'i', 'g', 'h']",8,0.0,"[1, 5, 3, 20, 14, 7, 11, 9, 10, 2, 0, 0, 0]"
1271,<SOS>conley<EOS>     ,boy,"['c', 'o', 'n', 'l', 'e', 'y']",6,1.0,"[1, 5, 17, 16, 14, 7, 27, 2, 0, 0, 0, 0, 0]"
793,<SOS>raoul<EOS>      ,boy,"['r', 'a', 'o', 'u', 'l']",5,1.0,"[1, 20, 3, 17, 23, 14, 2, 0, 0, 0, 0, 0, 0]"
2802,<SOS>rashawn<EOS>    ,boy,"['r', 'a', 's', 'h', 'a', 'w', 'n']",7,1.0,"[1, 20, 3, 21, 10, 3, 25, 16, 2, 0, 0, 0, 0]"
2337,<SOS>rod<EOS>        ,boy,"['r', 'o', 'd']",3,1.0,"[1, 20, 17, 6, 2, 0, 0, 0, 0, 0, 0, 0, 0]"
6310,<SOS>emerald<EOS>    ,girl,"['e', 'm', 'e', 'r', 'a', 'l', 'd']",7,0.0,"[1, 7, 15, 7, 20, 3, 14, 6, 2, 0, 0, 0, 0]"
4448,<SOS>alverda<EOS>    ,girl,"['a', 'l', 'v', 'e', 'r', 'd', 'a']",7,0.0,"[1, 3, 14, 24, 7, 20, 6, 3, 2, 0, 0, 0, 0]"
1343,<SOS>chance<EOS>     ,boy,"['c', 'h', 'a', 'n', 'c', 'e']",6,1.0,"[1, 5, 10, 3, 16, 5, 7, 2, 0, 0, 0, 0, 0]"
722,<SOS>odie<EOS>       ,boy,"['o', 'd', 'i', 'e']",4,1.0,"[1, 17, 6, 11, 7, 2, 0, 0, 0, 0, 0, 0, 0]"
3787,<SOS>besse<EOS>      ,girl,"['b', 'e', 's', 's', 'e']",5,0.0,"[1, 4, 7, 21, 21, 7, 2, 0, 0, 0, 0, 0, 0]"
5739,<SOS>latasha<EOS>    ,girl,"['l', 'a', 't', 'a', 's', 'h', 'a']",7,0.0,"[1, 14, 3, 22, 3, 21, 10, 3, 2, 0, 0, 0, 0]"
1075,<SOS>gerrit<EOS>     ,boy,"['g', 'e', 'r', 'r', 'i', 't']",6,1.0,"[1, 9, 7, 20, 20, 11, 22, 2, 0, 0, 0, 0, 0]"
870,<SOS>jarrett<EOS>    ,boy,"['j', 'a', 'r', 'r', 'e', 't', 't']",7,1.0,"[1, 12, 3, 20, 20, 7, 22, 22, 2, 0, 0, 0, 0]"
1298,<SOS>bernice<EOS>    ,boy,"['b', 'e', 'r', 'n', 'i', 'c', 'e']",7,1.0,"[1, 4, 7, 20, 16, 11, 5, 7, 2, 0, 0, 0, 0]"
6238,<SOS>katherin<EOS>   ,girl,"['k', 'a', 't', 'h', 'e', 'r', 'i', 'n']",8,0.0,"[1, 13, 3, 22, 10, 7, 20, 11, 16, 2, 0, 0, 0]"
3679,<SOS>helene<EOS>     ,girl,"['h', 'e', 'l', 'e', 'n', 'e']",6,0.0,"[1, 10, 7, 14, 7, 16, 7, 2, 0, 0, 0, 0, 0]"
3843,<SOS>paula<EOS>      ,girl,"['p', 'a', 'u', 'l', 'a']",5,0.0,"[1, 18, 3, 23, 14, 3, 2, 0, 0, 0, 0, 0, 0]"
3728,<SOS>eleanore<EOS>   ,girl,"['e', 'l', 'e', 'a', 'n', 'o', 'r', 'e']",8,0.0,"[1, 7, 14, 7, 3, 16, 17, 20, 7, 2, 0, 0, 0]"
6513,<SOS>jayde<EOS>      ,girl,"['j', 'a', 'y', 'd', 'e']",5,0.0,"[1, 12, 3, 27, 6, 7, 2, 0, 0, 0, 0, 0, 0]"
5144,<SOS>shelba<EOS>     ,girl,"['s', 'h', 'e', 'l', 'b', 'a']",6,0.0,"[1, 21, 10, 7, 14, 4, 3, 2, 0, 0, 0, 0, 0]"
5551,<SOS>deedee<EOS>     ,girl,"['d', 'e', 'e', 'd', 'e', 'e']",6,0.0,"[1, 6, 7, 7, 6, 7, 7, 2, 0, 0, 0, 0, 0]"
3724,<SOS>carolina<EOS>   ,girl,"['c', 'a', 'r', 'o', 'l', 'i', 'n', 'a']",8,0.0,"[1, 5, 3, 20, 17, 14, 11, 16, 3, 2, 0, 0, 0]"
5450,<SOS>roni<EOS>       ,girl,"['r', 'o', 'n', 'i']",4,0.0,"[1, 20, 17, 16, 11, 2, 0, 0, 0, 0, 0, 0, 0]"
1920,<SOS>linnie<EOS>     ,boy,"['l', 'i', 'n', 'n', 'i', 'e']",6,1.0,"[1, 14, 11, 16, 16, 11, 7, 2, 0, 0, 0, 0, 0]"
3249,<SOS>xzavier<EOS>    ,boy,"['x', 'z', 'a', 'v', 'i', 'e', 'r']",7,1.0,"[1, 26, 28, 3, 24, 11, 7, 20, 2, 0, 0, 0, 0]"
5796,<SOS>summer<EOS>     ,girl,"['s', 'u', 'm', 'm', 'e', 'r']",6,0.0,"[1, 21, 23, 15, 15, 7, 20, 2, 0, 0, 0, 0, 0]"
2997,<SOS>yosef<EOS>      ,boy,"['y', 'o', 's', 'e', 'f']",5,1.0,"[1, 27, 17, 21, 7, 8, 2, 0, 0, 0, 0, 0, 0]"
1671,<SOS>anatole<EOS>    ,boy,"['a', 'n', 'a', 't', 'o', 'l', 'e']",7,1.0,"[1, 3, 16, 3, 22, 17, 14, 7, 2, 0, 0, 0, 0]"
53,<SOS>ralph<EOS>      ,boy,"['r', 'a', 'l', 'p', 'h']",5,1.0,"[1, 20, 3, 14, 18, 10, 2, 0, 0, 0, 0, 0, 0]"
6780,<SOS>sloane<EOS>     ,girl,"['s', 'l', 'o', 'a', 'n', 'e']",6,0.0,"[1, 21, 14, 17, 3, 16, 7, 2, 0, 0, 0, 0, 0]"
507,<SOS>eldridge<EOS>   ,boy,"['e', 'l', 'd', 'r', 'i', 'd', 'g', 'e']",8,1.0,"[1, 7, 14, 6, 20, 11, 6, 9, 7, 2, 0, 0, 0]"
4676,<SOS>else<EOS>       ,girl,"['e', 'l', 's', 'e']",4,0.0,"[1, 7, 14, 21, 7, 2, 0, 0, 0, 0, 0, 0, 0]"
3857,<SOS>corine<EOS>     ,girl,"['c', 'o', 'r', 'i', 'n', 'e']",6,0.0,"[1, 5, 17, 20, 11, 16, 7, 2, 0, 0, 0, 0, 0]"
4274,<SOS>altie<EOS>      ,girl,"['a', 'l', 't', 'i', 'e']",5,0.0,"[1, 3, 14, 22, 11, 7, 2, 0, 0, 0, 0, 0, 0]"
4351,<SOS>henretta<EOS>   ,girl,"['h', 'e', 'n', 'r', 'e', 't', 't', 'a']",8,0.0,"[1, 10, 7, 16, 20, 7, 22, 22, 3, 2, 0, 0, 0]"
6418,<SOS>daija<EOS>      ,girl,"['d', 'a', 'i', 'j', 'a']",5,0.0,"[1, 6, 3, 11, 12, 3, 2, 0, 0, 0, 0, 0, 0]"
5226,<SOS>donita<EOS>     ,girl,"['d', 'o', 'n', 'i', 't', 'a']",6,0.0,"[1, 6, 17, 16, 11, 22, 3, 2, 0, 0, 0, 0, 0]"
2366,<SOS>carnell<EOS>    ,boy,"['c', 'a', 'r', 'n', 'e', 'l', 'l']",7,1.0,"[1, 5, 3, 20, 16, 7, 14, 14, 2, 0, 0, 0, 0]"
5620,<SOS>denine<EOS>     ,girl,"['d', 'e', 'n', 'i', 'n', 'e']",6,0.0,"[1, 6, 7, 16, 11, 16, 7, 2, 0, 0, 0, 0, 0]"
5593,<SOS>adriene<EOS>    ,girl,"['a', 'd', 'r', 'i', 'e', 'n', 'e']",7,0.0,"[1, 3, 6, 20, 11, 7, 16, 7, 2, 0, 0, 0, 0]"
367,<SOS>lafayette<EOS>  ,boy,"['l', 'a', 'f', 'a', 'y', 'e', 't', 't', 'e']",9,1.0,"[1, 14, 3, 8, 3, 27, 7, 22, 22, 7, 2, 0, 0]"
5540,<SOS>kerrie<EOS>     ,girl,"['k', 'e', 'r', 'r', 'i', 'e']",6,0.0,"[1, 13, 7, 20, 20, 11, 7, 2, 0, 0, 0, 0, 0]"
6616,<SOS>elle<EOS>       ,girl,"['e', 'l', 'l', 'e']",4,0.0,"[1, 7, 14, 14, 7, 2, 0, 0, 0, 0, 0, 0, 0]"
3775,<SOS>mathilde<EOS>   ,girl,"['m', 'a', 't', 'h', 'i', 'l', 'd', 'e']",8,0.0,"[1, 15, 3, 22, 10, 11, 14, 6, 7, 2, 0, 0, 0]"
6022,<SOS>loni<EOS>       ,girl,"['l', 'o', 'n', 'i']",4,0.0,"[1, 14, 17, 16, 11, 2, 0, 0, 0, 0, 0, 0, 0]"
4735,<SOS>vara<EOS>       ,girl,"['v', 'a', 'r', 'a']",4,0.0,"[1, 24, 3, 20, 3, 2, 0, 0, 0, 0, 0, 0, 0]"
3016,<SOS>keenen<EOS>     ,boy,"['k', 'e', 'e', 'n', 'e', 'n']",6,1.0,"[1, 13, 7, 7, 16, 7, 16, 2, 0, 0, 0, 0, 0]"
3512,<SOS>helena<EOS>     ,girl,"['h', 'e', 'l', 'e', 'n', 'a']",6,0.0,"[1, 10, 7, 14, 7, 16, 3, 2, 0, 0, 0, 0, 0]"
1649,<SOS>nancy<EOS>      ,boy,"['n', 'a', 'n', 'c', 'y']",5,1.0,"[1, 16, 3, 16, 5, 27, 2, 0, 0, 0, 0, 0, 0]"
4591,<SOS>angele<EOS>     ,girl,"['a', 'n', 'g', 'e', 'l', 'e']",6,0.0,"[1, 3, 16, 9, 7, 14, 7, 2, 0, 0, 0, 0, 0]"
913,<SOS>alphonso<EOS>   ,boy,"['a', 'l', 'p', 'h', 'o', 'n', 's', 'o']",8,1.0,"[1, 3, 14, 18, 10, 17, 16, 21, 17, 2, 0, 0, 0]"
5644,<SOS>mechelle<EOS>   ,girl,"['m', 'e', 'c', 'h', 'e', 'l', 'l', 'e']",8,0.0,"[1, 15, 7, 5, 10, 7, 14, 14, 7, 2, 0, 0, 0]"
664,<SOS>llewellyn<EOS>  ,boy,"['l', 'l', 'e', 'w', 'e', 'l', 'l', 'y', 'n']",9,1.0,"[1, 14, 14, 7, 25, 7, 14, 14, 27, 16, 2, 0, 0]"
292,<SOS>elisha<EOS>     ,boy,"['e', 'l', 'i', 's', 'h', 'a']",6,1.0,"[1, 7, 14, 11, 21, 10, 3, 2, 0, 0, 0, 0, 0]"
3184,<SOS>tyrek<EOS>      ,boy,"['t', 'y', 'r', 'e', 'k']",5,1.0,"[1, 22, 27, 20, 7, 13, 2, 0, 0, 0, 0, 0, 0]"
3789,<SOS>clarissa<EOS>   ,girl,"['c', 'l', 'a', 'r', 'i', 's', 's', 'a']",8,0.0,"[1, 5, 14, 3, 20, 11, 21, 21, 3, 2, 0, 0, 0]"
6135,<SOS>krystin<EOS>    ,girl,"['k', 'r', 'y', 's', 't', 'i', 'n']",7,0.0,"[1, 13, 20, 27, 21, 22, 11, 16, 2, 0, 0, 0, 0]"
578,<SOS>dempsey<EOS>    ,boy,"['d', 'e', 'm', 'p', 's', 'e', 'y']",7,1.0,"[1, 6, 7, 15, 18, 21, 7, 27, 2, 0, 0, 0, 0]"
1463,<SOS>dominic<EOS>    ,boy,"['d', 'o', 'm', 'i', 'n', 'i', 'c']",7,1.0,"[1, 6, 17, 15, 11, 16, 11, 5, 2, 0, 0, 0, 0]"
4287,<SOS>cathryn<EOS>    ,girl,"['c', 'a', 't', 'h', 'r', 'y', 'n']",7,0.0,"[1, 5, 3, 22, 10, 20, 27, 16, 2, 0, 0, 0, 0]"
3911,<SOS>glenna<EOS>     ,girl,"['g', 'l', 'e', 'n', 'n', 'a']",6,0.0,"[1, 9, 14, 7, 16, 16, 3, 2, 0, 0, 0, 0, 0]"
6166,<SOS>shanae<EOS>     ,girl,"['s', 'h', 'a', 'n', 'a', 'e']",6,0.0,"[1, 21, 10, 3, 16, 3, 7, 2, 0, 0, 0, 0, 0]"
4466,<SOS>ines<EOS>       ,girl,"['i', 'n', 'e', 's']",4,0.0,"[1, 11, 16, 7, 21, 2, 0, 0, 0, 0, 0, 0, 0]"
4597,<SOS>retha<EOS>      ,girl,"['r', 'e', 't', 'h', 'a']",5,0.0,"[1, 20, 7, 22, 10, 3, 2, 0, 0, 0, 0, 0, 0]"
6523,<SOS>aiyana<EOS>     ,girl,"['a', 'i', 'y', 'a', 'n', 'a']",6,0.0,"[1, 3, 11, 27, 3, 16, 3, 2, 0, 0, 0, 0, 0]"
5109,<SOS>jerrie<EOS>     ,girl,"['j', 'e', 'r', 'r', 'i', 'e']",6,0.0,"[1, 12, 7, 20, 20, 11, 7, 2, 0, 0, 0, 0, 0]"
3253,<SOS>keshaun<EOS>    ,boy,"['k', 'e', 's', 'h', 'a', 'u', 'n']",7,1.0,"[1, 13, 7, 21, 10, 3, 23, 16, 2, 0, 0, 0, 0]"
5074,<SOS>claudette<EOS>  ,girl,"['c', 'l', 'a', 'u', 'd', 'e', 't', 't', 'e']",9,0.0,"[1, 5, 14, 3, 23, 6, 7, 22, 22, 7, 2, 0, 0]"
6154,<SOS>jerrica<EOS>    ,girl,"['j', 'e', 'r', 'r', 'i', 'c', 'a']",7,0.0,"[1, 12, 7, 20, 20, 11, 5, 3, 2, 0, 0, 0, 0]"
2632,<SOS>shan<EOS>       ,boy,"['s', 'h', 'a', 'n']",4,1.0,"[1, 21, 10, 3, 16, 2, 0, 0, 0, 0, 0, 0, 0]"
5128,<SOS>alison<EOS>     ,girl,"['a', 'l', 'i', 's', 'o', 'n']",6,0.0,"[1, 3, 14, 11, 21, 17, 16, 2, 0, 0, 0, 0, 0]"
2747,<SOS>jamil<EOS>      ,boy,"['j', 'a', 'm', 'i', 'l']",5,1.0,"[1, 12, 3, 15, 11, 14, 2, 0, 0, 0, 0, 0, 0]"
3965,<SOS>clyda<EOS>      ,girl,"['c', 'l', 'y', 'd', 'a']",5,0.0,"[1, 5, 14, 27, 6, 3, 2, 0, 0, 0, 0, 0, 0]"
773,<SOS>hardin<EOS>     ,boy,"['h', 'a', 'r', 'd', 'i', 'n']",6,1.0,"[1, 10, 3, 20, 6, 11, 16, 2, 0, 0, 0, 0, 0]"
1781,<SOS>lexie<EOS>      ,boy,"['l', 'e', 'x', 'i', 'e']",5,1.0,"[1, 14, 7, 26, 11, 7, 2, 0, 0, 0, 0, 0, 0]"
2929,<SOS>rayshawn<EOS>   ,boy,"['r', 'a', 'y', 's', 'h', 'a', 'w', 'n']",8,1.0,"[1, 20, 3, 27, 21, 10, 3, 25, 16, 2, 0, 0, 0]"
2050,<SOS>lucio<EOS>      ,boy,"['l', 'u', 'c', 'i', 'o']",5,1.0,"[1, 14, 23, 5, 11, 17, 2, 0, 0, 0, 0, 0, 0]"
4844,<SOS>herminia<EOS>   ,girl,"['h', 'e', 'r', 'm', 'i', 'n', 'i', 'a']",8,0.0,"[1, 10, 7, 20, 15, 11, 16, 11, 3, 2, 0, 0, 0]"
4874,<SOS>benita<EOS>     ,girl,"['b', 'e', 'n', 'i', 't', 'a']",6,0.0,"[1, 4, 7, 16, 11, 22, 3, 2, 0, 0, 0, 0, 0]"
6363,<SOS>crysta<EOS>     ,girl,"['c', 'r', 'y', 's', 't', 'a']",6,0.0,"[1, 5, 20, 27, 21, 22, 3, 2, 0, 0, 0, 0, 0]"
2937,<SOS>zechariah<EOS>  ,boy,"['z', 'e', 'c', 'h', 'a', 'r', 'i', 'a', 'h']",9,1.0,"[1, 28, 7, 5, 10, 3, 20, 11, 3, 10, 2, 0, 0]"
687,<SOS>buster<EOS>     ,boy,"['b', 'u', 's', 't', 'e', 'r']",6,1.0,"[1, 4, 23, 21, 22, 7, 20, 2, 0, 0, 0, 0, 0]"
5912,<SOS>shamika<EOS>    ,girl,"['s', 'h', 'a', 'm', 'i', 'k', 'a']",7,0.0,"[1, 21, 10, 3, 15, 11, 13, 3, 2, 0, 0, 0, 0]"
6313,<SOS>china<EOS>      ,girl,"['c', 'h', 'i', 'n', 'a']",5,0.0,"[1, 5, 10, 11, 16, 3, 2, 0, 0, 0, 0, 0, 0]"
6388,<SOS>nohely<EOS>     ,girl,"['n', 'o', 'h', 'e', 'l', 'y']",6,0.0,"[1, 16, 17, 10, 7, 14, 27, 2, 0, 0, 0, 0, 0]"
5501,<SOS>tammie<EOS>     ,girl,"['t', 'a', 'm', 'm', 'i', 'e']",6,0.0,"[1, 22, 3, 15, 15, 11, 7, 2, 0, 0, 0, 0, 0]"
6368,<SOS>jasmyn<EOS>     ,girl,"['j', 'a', 's', 'm', 'y', 'n']",6,0.0,"[1, 12, 3, 21, 15, 27, 16, 2, 0, 0, 0, 0, 0]"
4675,<SOS>dortha<EOS>     ,girl,"['d', 'o', 'r', 't', 'h', 'a']",6,0.0,"[1, 6, 17, 20, 22, 10, 3, 2, 0, 0, 0, 0, 0]"
5499,<SOS>juli<EOS>       ,girl,"['j', 'u', 'l', 'i']",4,0.0,"[1, 12, 23, 14, 11, 2, 0, 0, 0, 0, 0, 0, 0]"
6471,<SOS>rylie<EOS>      ,girl,"['r', 'y', 'l', 'i', 'e']",5,0.0,"[1, 20, 27, 14, 11, 7, 2, 0, 0, 0, 0, 0, 0]"
3208,<SOS>jovany<EOS>     ,boy,"['j', 'o', 'v', 'a', 'n', 'y']",6,1.0,"[1, 12, 17, 24, 3, 16, 27, 2, 0, 0, 0, 0, 0]"
313,<SOS>douglas<EOS>    ,boy,"['d', 'o', 'u', 'g', 'l', 'a', 's']",7,1.0,"[1, 6, 17, 23, 9, 14, 3, 21, 2, 0, 0, 0, 0]"
4878,<SOS>blanchie<EOS>   ,girl,"['b', 'l', 'a', 'n', 'c', 'h', 'i', 'e']",8,0.0,"[1, 4, 14, 3, 16, 5, 10, 11, 7, 2, 0, 0, 0]"
1762,<SOS>con<EOS>        ,boy,"['c', 'o', 'n']",3,1.0,"[1, 5, 17, 16, 2, 0, 0, 0, 0, 0, 0, 0, 0]"
6019,<SOS>lynsey<EOS>     ,girl,"['l', 'y', 'n', 's', 'e', 'y']",6,0.0,"[1, 14, 27, 16, 21, 7, 27, 2, 0, 0, 0, 0, 0]"
665,<SOS>ludwig<EOS>     ,boy,"['l', 'u', 'd', 'w', 'i', 'g']",6,1.0,"[1, 14, 23, 6, 25, 11, 9, 2, 0, 0, 0, 0, 0]"
4857,<SOS>sonia<EOS>      ,girl,"['s', 'o', 'n', 'i', 'a']",5,0.0,"[1, 21, 17, 16, 11, 3, 2, 0, 0, 0, 0, 0, 0]"
4972,<SOS>marlys<EOS>     ,girl,"['m', 'a', 'r', 'l', 'y', 's']",6,0.0,"[1, 15, 3, 20, 14, 27, 21, 2, 0, 0, 0, 0, 0]"
177,<SOS>nicholas<EOS>   ,boy,"['n', 'i', 'c', 'h', 'o', 'l', 'a', 's']",8,1.0,"[1, 16, 11, 5, 10, 17, 14, 3, 21, 2, 0, 0, 0]"
6312,<SOS>bryana<EOS>     ,girl,"['b', 'r', 'y', 'a', 'n', 'a']",6,0.0,"[1, 4, 20, 27, 3, 16, 3, 2, 0, 0, 0, 0, 0]"
3097,<SOS>markell<EOS>    ,boy,"['m', 'a', 'r', 'k', 'e', 'l', 'l']",7,1.0,"[1, 15, 3, 20, 13, 7, 14, 14, 2, 0, 0, 0, 0]"
963,<SOS>gorge<EOS>      ,boy,"['g', 'o', 'r', 'g', 'e']",5,1.0,"[1, 9, 17, 20, 9, 7, 2, 0, 0, 0, 0, 0, 0]"
2738,<SOS>dominique<EOS>  ,boy,"['d', 'o', 'm', 'i', 'n', 'i', 'q', 'u', 'e']",9,1.0,"[1, 6, 17, 15, 11, 16, 11, 19, 23, 7, 2, 0, 0]"
4313,<SOS>rosemary<EOS>   ,girl,"['r', 'o', 's', 'e', 'm', 'a', 'r', 'y']",8,0.0,"[1, 20, 17, 21, 7, 15, 3, 20, 27, 2, 0, 0, 0]"
4639,<SOS>marvel<EOS>     ,girl,"['m', 'a', 'r', 'v', 'e', 'l']",6,0.0,"[1, 15, 3, 20, 24, 7, 14, 2, 0, 0, 0, 0, 0]"
5121,<SOS>pearlene<EOS>   ,girl,"['p', 'e', 'a', 'r', 'l', 'e', 'n', 'e']",8,0.0,"[1, 18, 7, 3, 20, 14, 7, 16, 7, 2, 0, 0, 0]"
3330,<SOS>ryland<EOS>     ,boy,"['r', 'y', 'l', 'a', 'n', 'd']",6,1.0,"[1, 20, 27, 14, 3, 16, 6, 2, 0, 0, 0, 0, 0]"
5877,<SOS>meagan<EOS>     ,girl,"['m', 'e', 'a', 'g', 'a', 'n']",6,0.0,"[1, 15, 7, 3, 9, 3, 16, 2, 0, 0, 0, 0, 0]"
4331,<SOS>odile<EOS>      ,girl,"['o', 'd', 'i', 'l', 'e']",5,0.0,"[1, 17, 6, 11, 14, 7, 2, 0, 0, 0, 0, 0, 0]"
5387,<SOS>jenifer<EOS>    ,girl,"['j', 'e', 'n', 'i', 'f', 'e', 'r']",7,0.0,"[1, 12, 7, 16, 11, 8, 7, 20, 2, 0, 0, 0, 0]"
6599,<SOS>taliyah<EOS>    ,girl,"['t', 'a', 'l', 'i', 'y', 'a', 'h']",7,0.0,"[1, 22, 3, 14, 11, 27, 3, 10, 2, 0, 0, 0, 0]"
4502,<SOS>leala<EOS>      ,girl,"['l', 'e', 'a', 'l', 'a']",5,0.0,"[1, 14, 7, 3, 14, 3, 2, 0, 0, 0, 0, 0, 0]"
492,<SOS>loyd<EOS>       ,boy,"['l', 'o', 'y', 'd']",4,1.0,"[1, 14, 17, 27, 6, 2, 0, 0, 0, 0, 0, 0, 0]"
3351,<SOS>malaki<EOS>     ,boy,"['m', 'a', 'l', 'a', 'k', 'i']",6,1.0,"[1, 15, 3, 14, 3, 13, 11, 2, 0, 0, 0, 0, 0]"
5446,<SOS>renita<EOS>     ,girl,"['r', 'e', 'n', 'i', 't', 'a']",6,0.0,"[1, 20, 7, 16, 11, 22, 3, 2, 0, 0, 0, 0, 0]"
6552,<SOS>nyah<EOS>       ,girl,"['n', 'y', 'a', 'h']",4,0.0,"[1, 16, 27, 3, 10, 2, 0, 0, 0, 0, 0, 0, 0]"
5558,<SOS>adriana<EOS>    ,girl,"['a', 'd', 'r', 'i', 'a', 'n', 'a']",7,0.0,"[1, 3, 6, 20, 11, 3, 16, 3, 2, 0, 0, 0, 0]"
3418,<SOS>kash<EOS>       ,boy,"['k', 'a', 's', 'h']",4,1.0,"[1, 13, 3, 21, 10, 2, 0, 0, 0, 0, 0, 0, 0]"
6686,<SOS>selah<EOS>      ,girl,"['s', 'e', 'l', 'a', 'h']",5,0.0,"[1, 21, 7, 14, 3, 10, 2, 0, 0, 0, 0, 0, 0]"
2836,<SOS>amanda<EOS>     ,boy,"['a', 'm', 'a', 'n', 'd', 'a']",6,1.0,"[1, 3, 15, 3, 16, 6, 3, 2, 0, 0, 0, 0, 0]"
5582,<SOS>trisha<EOS>     ,girl,"['t', 'r', 'i', 's', 'h', 'a']",6,0.0,"[1, 22, 20, 11, 21, 10, 3, 2, 0, 0, 0, 0, 0]"
1297,<SOS>rosco<EOS>      ,boy,"['r', 'o', 's', 'c', 'o']",5,1.0,"[1, 20, 17, 21, 5, 17, 2, 0, 0, 0, 0, 0, 0]"
2480,<SOS>tab<EOS>        ,boy,"['t', 'a', 'b']",3,1.0,"[1, 22, 3, 4, 2, 0, 0, 0, 0, 0, 0, 0, 0]"
1390,<SOS>ewald<EOS>      ,boy,"['e', 'w', 'a', 'l', 'd']",5,1.0,"[1, 7, 25, 3, 14, 6, 2, 0, 0, 0, 0, 0, 0]"
580,<SOS>ellsworth<EOS>  ,boy,"['e', 'l', 'l', 's', 'w', 'o', 'r', 't', 'h']",9,1.0,"[1, 7, 14, 14, 21, 25, 17, 20, 22, 10, 2, 0, 0]"
3334,<SOS>kanye<EOS>      ,boy,"['k', 'a', 'n', 'y', 'e']",5,1.0,"[1, 13, 3, 16, 27, 7, 2, 0, 0, 0, 0, 0, 0]"
3221,<SOS>jaydon<EOS>     ,boy,"['j', 'a', 'y', 'd', 'o', 'n']",6,1.0,"[1, 12, 3, 27, 6, 17, 16, 2, 0, 0, 0, 0, 0]"
2259,<SOS>marland<EOS>    ,boy,"['m', 'a', 'r', 'l', 'a', 'n', 'd']",7,1.0,"[1, 15, 3, 20, 14, 3, 16, 6, 2, 0, 0, 0, 0]"
1305,<SOS>milas<EOS>      ,boy,"['m', 'i', 'l', 'a', 's']",5,1.0,"[1, 15, 11, 14, 3, 21, 2, 0, 0, 0, 0, 0, 0]"
4620,<SOS>betsey<EOS>     ,girl,"['b', 'e', 't', 's', 'e', 'y']",6,0.0,"[1, 4, 7, 22, 21, 7, 27, 2, 0, 0, 0, 0, 0]"
4791,<SOS>pearline<EOS>   ,girl,"['p', 'e', 'a', 'r', 'l', 'i', 'n', 'e']",8,0.0,"[1, 18, 7, 3, 20, 14, 11, 16, 7, 2, 0, 0, 0]"
5761,<SOS>carissa<EOS>    ,girl,"['c', 'a', 'r', 'i', 's', 's', 'a']",7,0.0,"[1, 5, 3, 20, 11, 21, 21, 3, 2, 0, 0, 0, 0]"
518,<SOS>rex<EOS>        ,boy,"['r', 'e', 'x']",3,1.0,"[1, 20, 7, 26, 2, 0, 0, 0, 0, 0, 0, 0, 0]"
987,<SOS>jabez<EOS>      ,boy,"['j', 'a', 'b', 'e', 'z']",5,1.0,"[1, 12, 3, 4, 7, 28, 2, 0, 0, 0, 0, 0, 0]"
6007,<SOS>siobhan<EOS>    ,girl,"['s', 'i', 'o', 'b', 'h', 'a', 'n']",7,0.0,"[1, 21, 11, 17, 4, 10, 3, 16, 2, 0, 0, 0, 0]"
3140,<SOS>keshawn<EOS>    ,boy,"['k', 'e', 's', 'h', 'a', 'w', 'n']",7,1.0,"[1, 13, 7, 21, 10, 3, 25, 16, 2, 0, 0, 0, 0]"
6152,<SOS>katlyn<EOS>     ,girl,"['k', 'a', 't', 'l', 'y', 'n']",6,0.0,"[1, 13, 3, 22, 14, 27, 16, 2, 0, 0, 0, 0, 0]"
1393,<SOS>silvester<EOS>  ,boy,"['s', 'i', 'l', 'v', 'e', 's', 't', 'e', 'r']",9,1.0,"[1, 21, 11, 14, 24, 7, 21, 22, 7, 20, 2, 0, 0]"
2987,<SOS>dionte<EOS>     ,boy,"['d', 'i', 'o', 'n', 't', 'e']",6,1.0,"[1, 6, 11, 17, 16, 22, 7, 2, 0, 0, 0, 0, 0]"
4365,<SOS>philomene<EOS>  ,girl,"['p', 'h', 'i', 'l', 'o', 'm', 'e', 'n', 'e']",9,0.0,"[1, 18, 10, 11, 14, 17, 15, 7, 16, 7, 2, 0, 0]"
6120,<SOS>krystina<EOS>   ,girl,"['k', 'r', 'y', 's', 't', 'i', 'n', 'a']",8,0.0,"[1, 13, 20, 27, 21, 22, 11, 16, 3, 2, 0, 0, 0]"
2101,<SOS>armin<EOS>      ,boy,"['a', 'r', 'm', 'i', 'n']",5,1.0,"[1, 3, 20, 15, 11, 16, 2, 0, 0, 0, 0, 0, 0]"
885,<SOS>ottis<EOS>      ,boy,"['o', 't', 't', 'i', 's']",5,1.0,"[1, 17, 22, 22, 11, 21, 2, 0, 0, 0, 0, 0, 0]"
6074,<SOS>shena<EOS>      ,girl,"['s', 'h', 'e', 'n', 'a']",5,0.0,"[1, 21, 10, 7, 16, 3, 2, 0, 0, 0, 0, 0, 0]"
3582,<SOS>lucretia<EOS>   ,girl,"['l', 'u', 'c', 'r', 'e', 't', 'i', 'a']",8,0.0,"[1, 14, 23, 5, 20, 7, 22, 11, 3, 2, 0, 0, 0]"
5321,<SOS>kristi<EOS>     ,girl,"['k', 'r', 'i', 's', 't', 'i']",6,0.0,"[1, 13, 20, 11, 21, 22, 11, 2, 0, 0, 0, 0, 0]"
6148,<SOS>kaleigh<EOS>    ,girl,"['k', 'a', 'l', 'e', 'i', 'g', 'h']",7,0.0,"[1, 13, 3, 14, 7, 11, 9, 10, 2, 0, 0, 0, 0]"
4431,<SOS>arlena<EOS>     ,girl,"['a', 'r', 'l', 'e', 'n', 'a']",6,0.0,"[1, 3, 20, 14, 7, 16, 3, 2, 0, 0, 0, 0, 0]"
1108,<SOS>conway<EOS>     ,boy,"['c', 'o', 'n', 'w', 'a', 'y']",6,1.0,"[1, 5, 17, 16, 25, 3, 27, 2, 0, 0, 0, 0, 0]"
3662,<SOS>adelia<EOS>     ,girl,"['a', 'd', 'e', 'l', 'i', 'a']",6,0.0,"[1, 3, 6, 7, 14, 11, 3, 2, 0, 0, 0, 0, 0]"
1837,<SOS>susie<EOS>      ,boy,"['s', 'u', 's', 'i', 'e']",5,1.0,"[1, 21, 23, 21, 11, 7, 2, 0, 0, 0, 0, 0, 0]"
4366,<SOS>salina<EOS>     ,girl,"['s', 'a', 'l', 'i', 'n', 'a']",6,0.0,"[1, 21, 3, 14, 11, 16, 3, 2, 0, 0, 0, 0, 0]"
1110,<SOS>dalton<EOS>     ,boy,"['d', 'a', 'l', 't', 'o', 'n']",6,1.0,"[1, 6, 3, 14, 22, 17, 16, 2, 0, 0, 0, 0, 0]"
3186,<SOS>declan<EOS>     ,boy,"['d', 'e', 'c', 'l', 'a', 'n']",6,1.0,"[1, 6, 7, 5, 14, 3, 16, 2, 0, 0, 0, 0, 0]"
4608,<SOS>clemma<EOS>     ,girl,"['c', 'l', 'e', 'm', 'm', 'a']",6,0.0,"[1, 5, 14, 7, 15, 15, 3, 2, 0, 0, 0, 0, 0]"
3565,<SOS>mandy<EOS>      ,girl,"['m', 'a', 'n', 'd', 'y']",5,0.0,"[1, 15, 3, 16, 6, 27, 2, 0, 0, 0, 0, 0, 0]"
1116,<SOS>edna<EOS>       ,boy,"['e', 'd', 'n', 'a']",4,1.0,"[1, 7, 6, 16, 3, 2, 0, 0, 0, 0, 0, 0, 0]"
6769,<SOS>kamora<EOS>     ,girl,"['k', 'a', 'm', 'o', 'r', 'a']",6,0.0,"[1, 13, 3, 15, 17, 20, 3, 2, 0, 0, 0, 0, 0]"
2162,<SOS>harden<EOS>     ,boy,"['h', 'a', 'r', 'd', 'e', 'n']",6,1.0,"[1, 10, 3, 20, 6, 7, 16, 2, 0, 0, 0, 0, 0]"
2643,<SOS>torrance<EOS>   ,boy,"['t', 'o', 'r', 'r', 'a', 'n', 'c', 'e']",8,1.0,"[1, 22, 17, 20, 20, 3, 16, 5, 7, 2, 0, 0, 0]"
938,<SOS>cleo<EOS>       ,boy,"['c', 'l', 'e', 'o']",4,1.0,"[1, 5, 14, 7, 17, 2, 0, 0, 0, 0, 0, 0, 0]"
3421,<SOS>jadiel<EOS>     ,boy,"['j', 'a', 'd', 'i', 'e', 'l']",6,1.0,"[1, 12, 3, 6, 11, 7, 14, 2, 0, 0, 0, 0, 0]"
1436,<SOS>charly<EOS>     ,boy,"['c', 'h', 'a', 'r', 'l', 'y']",6,1.0,"[1, 5, 10, 3, 20, 14, 27, 2, 0, 0, 0, 0, 0]"
3990,<SOS>lanie<EOS>      ,girl,"['l', 'a', 'n', 'i', 'e']",5,0.0,"[1, 14, 3, 16, 11, 7, 2, 0, 0, 0, 0, 0, 0]"
3058,<SOS>tayler<EOS>     ,boy,"['t', 'a', 'y', 'l', 'e', 'r']",6,1.0,"[1, 22, 3, 27, 14, 7, 20, 2, 0, 0, 0, 0, 0]"
2000,<SOS>betty<EOS>      ,boy,"['b', 'e', 't', 't', 'y']",5,1.0,"[1, 4, 7, 22, 22, 27, 2, 0, 0, 0, 0, 0, 0]"
5550,<SOS>tari<EOS>       ,girl,"['t', 'a', 'r', 'i']",4,0.0,"[1, 22, 3, 20, 11, 2, 0, 0, 0, 0, 0, 0, 0]"
6434,<SOS>mireya<EOS>     ,girl,"['m', 'i', 'r', 'e', 'y', 'a']",6,0.0,"[1, 15, 11, 20, 7, 27, 3, 2, 0, 0, 0, 0, 0]"
3113,<SOS>kahlil<EOS>     ,boy,"['k', 'a', 'h', 'l', 'i', 'l']",6,1.0,"[1, 13, 3, 10, 14, 11, 14, 2, 0, 0, 0, 0, 0]"
4004,<SOS>mima<EOS>       ,girl,"['m', 'i', 'm', 'a']",4,0.0,"[1, 15, 11, 15, 3, 2, 0, 0, 0, 0, 0, 0, 0]"
5646,<SOS>yolonda<EOS>    ,girl,"['y', 'o', 'l', 'o', 'n', 'd', 'a']",7,0.0,"[1, 27, 17, 14, 17, 16, 6, 3, 2, 0, 0, 0, 0]"
1570,<SOS>gilman<EOS>     ,boy,"['g', 'i', 'l', 'm', 'a', 'n']",6,1.0,"[1, 9, 11, 14, 15, 3, 16, 2, 0, 0, 0, 0, 0]"
4934,<SOS>georgene<EOS>   ,girl,"['g', 'e', 'o', 'r', 'g', 'e', 'n', 'e']",8,0.0,"[1, 9, 7, 17, 20, 9, 7, 16, 7, 2, 0, 0, 0]"
4423,<SOS>arline<EOS>     ,girl,"['a', 'r', 'l', 'i', 'n', 'e']",6,0.0,"[1, 3, 20, 14, 11, 16, 7, 2, 0, 0, 0, 0, 0]"
6001,<SOS>kindra<EOS>     ,girl,"['k', 'i', 'n', 'd', 'r', 'a']",6,0.0,"[1, 13, 11, 16, 6, 20, 3, 2, 0, 0, 0, 0, 0]"
5673,<SOS>mellissa<EOS>   ,girl,"['m', 'e', 'l', 'l', 'i', 's', 's', 'a']",8,0.0,"[1, 15, 7, 14, 14, 11, 21, 21, 3, 2, 0, 0, 0]"
3607,<SOS>letha<EOS>      ,girl,"['l', 'e', 't', 'h', 'a']",5,0.0,"[1, 14, 7, 22, 10, 3, 2, 0, 0, 0, 0, 0, 0]"
3409,<SOS>kelan<EOS>      ,boy,"['k', 'e', 'l', 'a', 'n']",5,1.0,"[1, 13, 7, 14, 3, 16, 2, 0, 0, 0, 0, 0, 0]"
4,<SOS>george<EOS>     ,boy,"['g', 'e', 'o', 'r', 'g', 'e']",6,1.0,"[1, 9, 7, 17, 20, 9, 7, 2, 0, 0, 0, 0, 0]"
2188,<SOS>ken<EOS>        ,boy,"['k', 'e', 'n']",3,1.0,"[1, 13, 7, 16, 2, 0, 0, 0, 0, 0, 0, 0, 0]"
4513,<SOS>aurore<EOS>     ,girl,"['a', 'u', 'r', 'o', 'r', 'e']",6,0.0,"[1, 3, 23, 20, 17, 20, 7, 2, 0, 0, 0, 0, 0]"
790,<SOS>pleas<EOS>      ,boy,"['p', 'l', 'e', 'a', 's']",5,1.0,"[1, 18, 14, 7, 3, 21, 2, 0, 0, 0, 0, 0, 0]"
4877,<SOS>arleen<EOS>     ,girl,"['a', 'r', 'l', 'e', 'e', 'n']",6,0.0,"[1, 3, 20, 14, 7, 7, 16, 2, 0, 0, 0, 0, 0]"
28,<SOS>oscar<EOS>      ,boy,"['o', 's', 'c', 'a', 'r']",5,1.0,"[1, 17, 21, 5, 3, 20, 2, 0, 0, 0, 0, 0, 0]"
5535,<SOS>bridgett<EOS>   ,girl,"['b', 'r', 'i', 'd', 'g', 'e', 't', 't']",8,0.0,"[1, 4, 20, 11, 6, 9, 7, 22, 22, 2, 0, 0, 0]"
5111,<SOS>jacklyn<EOS>    ,girl,"['j', 'a', 'c', 'k', 'l', 'y', 'n']",7,0.0,"[1, 12, 3, 5, 13, 14, 27, 16, 2, 0, 0, 0, 0]"
4178,<SOS>myrtice<EOS>    ,girl,"['m', 'y', 'r', 't', 'i', 'c', 'e']",7,0.0,"[1, 15, 27, 20, 22, 11, 5, 7, 2, 0, 0, 0, 0]"
1616,<SOS>vere<EOS>       ,boy,"['v', 'e', 'r', 'e']",4,1.0,"[1, 24, 7, 20, 7, 2, 0, 0, 0, 0, 0, 0, 0]"
6476,<SOS>annalise<EOS>   ,girl,"['a', 'n', 'n', 'a', 'l', 'i', 's', 'e']",8,0.0,"[1, 3, 16, 16, 3, 14, 11, 21, 7, 2, 0, 0, 0]"
4162,<SOS>eveline<EOS>    ,girl,"['e', 'v', 'e', 'l', 'i', 'n', 'e']",7,0.0,"[1, 7, 24, 7, 14, 11, 16, 7, 2, 0, 0, 0, 0]"
1948,<SOS>lance<EOS>      ,boy,"['l', 'a', 'n', 'c', 'e']",5,1.0,"[1, 14, 3, 16, 5, 7, 2, 0, 0, 0, 0, 0, 0]"
3232,<SOS>trevion<EOS>    ,boy,"['t', 'r', 'e', 'v', 'i', 'o', 'n']",7,1.0,"[1, 22, 20, 7, 24, 11, 17, 16, 2, 0, 0, 0, 0]"
4439,<SOS>leva<EOS>       ,girl,"['l', 'e', 'v', 'a']",4,0.0,"[1, 14, 7, 24, 3, 2, 0, 0, 0, 0, 0, 0, 0]"
5271,<SOS>marcy<EOS>      ,girl,"['m', 'a', 'r', 'c', 'y']",5,0.0,"[1, 15, 3, 20, 5, 27, 2, 0, 0, 0, 0, 0, 0]"
3641,<SOS>ona<EOS>        ,girl,"['o', 'n', 'a']",3,0.0,"[1, 17, 16, 3, 2, 0, 0, 0, 0, 0, 0, 0, 0]"
3680,<SOS>minna<EOS>      ,girl,"['m', 'i', 'n', 'n', 'a']",5,0.0,"[1, 15, 11, 16, 16, 3, 2, 0, 0, 0, 0, 0, 0]"
3035,<SOS>tariq<EOS>      ,boy,"['t', 'a', 'r', 'i', 'q']",5,1.0,"[1, 22, 3, 20, 11, 19, 2, 0, 0, 0, 0, 0, 0]"
5364,<SOS>sharman<EOS>    ,girl,"['s', 'h', 'a', 'r', 'm', 'a', 'n']",7,0.0,"[1, 21, 10, 3, 20, 15, 3, 16, 2, 0, 0, 0, 0]"
3556,<SOS>wilhelmina<EOS> ,girl,"['w', 'i', 'l', 'h', 'e', 'l', 'm', 'i', 'n', 'a']",10,0.0,"[1, 25, 11, 14, 10, 7, 14, 15, 11, 16, 3, 2, 0]"
5995,<SOS>ariana<EOS>     ,girl,"['a', 'r', 'i', 'a', 'n', 'a']",6,0.0,"[1, 3, 20, 11, 3, 16, 3, 2, 0, 0, 0, 0, 0]"
6717,<SOS>amirah<EOS>     ,girl,"['a', 'm', 'i', 'r', 'a', 'h']",6,0.0,"[1, 3, 15, 11, 20, 3, 10, 2, 0, 0, 0, 0, 0]"
4648,<SOS>verena<EOS>     ,girl,"['v', 'e', 'r', 'e', 'n', 'a']",6,0.0,"[1, 24, 7, 20, 7, 16, 3, 2, 0, 0, 0, 0, 0]"
5511,<SOS>erika<EOS>      ,girl,"['e', 'r', 'i', 'k', 'a']",5,0.0,"[1, 7, 20, 11, 13, 3, 2, 0, 0, 0, 0, 0, 0]"
4414,<SOS>angelita<EOS>   ,girl,"['a', 'n', 'g', 'e', 'l', 'i', 't', 'a']",8,0.0,"[1, 3, 16, 9, 7, 14, 11, 22, 3, 2, 0, 0, 0]"
207,<SOS>lemuel<EOS>     ,boy,"['l', 'e', 'm', 'u', 'e', 'l']",6,1.0,"[1, 14, 7, 15, 23, 7, 14, 2, 0, 0, 0, 0, 0]"
3478,<SOS>celia<EOS>      ,girl,"['c', 'e', 'l', 'i', 'a']",5,0.0,"[1, 5, 7, 14, 11, 3, 2, 0, 0, 0, 0, 0, 0]"
1533,<SOS>lovell<EOS>     ,boy,"['l', 'o', 'v', 'e', 'l', 'l']",6,1.0,"[1, 14, 17, 24, 7, 14, 14, 2, 0, 0, 0, 0, 0]"
2731,<SOS>abelardo<EOS>   ,boy,"['a', 'b', 'e', 'l', 'a', 'r', 'd', 'o']",8,1.0,"[1, 3, 4, 7, 14, 3, 20, 6, 17, 2, 0, 0, 0]"
1887,<SOS>shafter<EOS>    ,boy,"['s', 'h', 'a', 'f', 't', 'e', 'r']",7,1.0,"[1, 21, 10, 3, 8, 22, 7, 20, 2, 0, 0, 0, 0]"
921,<SOS>baldwin<EOS>    ,boy,"['b', 'a', 'l', 'd', 'w', 'i', 'n']",7,1.0,"[1, 4, 3, 14, 6, 25, 11, 16, 2, 0, 0, 0, 0]"
1982,<SOS>roberto<EOS>    ,boy,"['r', 'o', 'b', 'e', 'r', 't', 'o']",7,1.0,"[1, 20, 17, 4, 7, 20, 22, 17, 2, 0, 0, 0, 0]"
2352,<SOS>sean<EOS>       ,boy,"['s', 'e', 'a', 'n']",4,1.0,"[1, 21, 7, 3, 16, 2, 0, 0, 0, 0, 0, 0, 0]"
6215,<SOS>kierra<EOS>     ,girl,"['k', 'i', 'e', 'r', 'r', 'a']",6,0.0,"[1, 13, 11, 7, 20, 20, 3, 2, 0, 0, 0, 0, 0]"
4686,<SOS>cliffie<EOS>    ,girl,"['c', 'l', 'i', 'f', 'f', 'i', 'e']",7,0.0,"[1, 5, 14, 11, 8, 8, 11, 7, 2, 0, 0, 0, 0]"
4797,<SOS>augustina<EOS>  ,girl,"['a', 'u', 'g', 'u', 's', 't', 'i', 'n', 'a']",9,0.0,"[1, 3, 23, 9, 23, 21, 22, 11, 16, 3, 2, 0, 0]"
5357,<SOS>lyndia<EOS>     ,girl,"['l', 'y', 'n', 'd', 'i', 'a']",6,0.0,"[1, 14, 27, 16, 6, 11, 3, 2, 0, 0, 0, 0, 0]"
355,<SOS>elwood<EOS>     ,boy,"['e', 'l', 'w', 'o', 'o', 'd']",6,1.0,"[1, 7, 14, 25, 17, 17, 6, 2, 0, 0, 0, 0, 0]"
4240,<SOS>jemima<EOS>     ,girl,"['j', 'e', 'm', 'i', 'm', 'a']",6,0.0,"[1, 12, 7, 15, 11, 15, 3, 2, 0, 0, 0, 0, 0]"
3711,<SOS>cordie<EOS>     ,girl,"['c', 'o', 'r', 'd', 'i', 'e']",6,0.0,"[1, 5, 17, 20, 6, 11, 7, 2, 0, 0, 0, 0, 0]"
540,<SOS>dwight<EOS>     ,boy,"['d', 'w', 'i', 'g', 'h', 't']",6,1.0,"[1, 6, 25, 11, 9, 10, 22, 2, 0, 0, 0, 0, 0]"
2819,<SOS>anwar<EOS>      ,boy,"['a', 'n', 'w', 'a', 'r']",5,1.0,"[1, 3, 16, 25, 3, 20, 2, 0, 0, 0, 0, 0, 0]"
1938,<SOS>schuyler<EOS>   ,boy,"['s', 'c', 'h', 'u', 'y', 'l', 'e', 'r']",8,1.0,"[1, 21, 5, 10, 23, 27, 14, 7, 20, 2, 0, 0, 0]"
3593,<SOS>octavia<EOS>    ,girl,"['o', 'c', 't', 'a', 'v', 'i', 'a']",7,0.0,"[1, 17, 5, 22, 3, 24, 11, 3, 2, 0, 0, 0, 0]"
4380,<SOS>bertina<EOS>    ,girl,"['b', 'e', 'r', 't', 'i', 'n', 'a']",7,0.0,"[1, 4, 7, 20, 22, 11, 16, 3, 2, 0, 0, 0, 0]"
3769,<SOS>gena<EOS>       ,girl,"['g', 'e', 'n', 'a']",4,0.0,"[1, 9, 7, 16, 3, 2, 0, 0, 0, 0, 0, 0, 0]"
258,<SOS>ike<EOS>        ,boy,"['i', 'k', 'e']",3,1.0,"[1, 11, 13, 7, 2, 0, 0, 0, 0, 0, 0, 0, 0]"
2217,<SOS>lavon<EOS>      ,boy,"['l', 'a', 'v', 'o', 'n']",5,1.0,"[1, 14, 3, 24, 17, 16, 2, 0, 0, 0, 0, 0, 0]"
1562,<SOS>thompson<EOS>   ,boy,"['t', 'h', 'o', 'm', 'p', 's', 'o', 'n']",8,1.0,"[1, 22, 10, 17, 15, 18, 21, 17, 16, 2, 0, 0, 0]"
6566,<SOS>belen<EOS>      ,girl,"['b', 'e', 'l', 'e', 'n']",5,0.0,"[1, 4, 7, 14, 7, 16, 2, 0, 0, 0, 0, 0, 0]"
5389,<SOS>geralyn<EOS>    ,girl,"['g', 'e', 'r', 'a', 'l', 'y', 'n']",7,0.0,"[1, 9, 7, 20, 3, 14, 27, 16, 2, 0, 0, 0, 0]"
4449,<SOS>antonette<EOS>  ,girl,"['a', 'n', 't', 'o', 'n', 'e', 't', 't', 'e']",9,0.0,"[1, 3, 16, 22, 17, 16, 7, 22, 22, 7, 2, 0, 0]"
3238,<SOS>arman<EOS>      ,boy,"['a', 'r', 'm', 'a', 'n']",5,1.0,"[1, 3, 20, 15, 3, 16, 2, 0, 0, 0, 0, 0, 0]"
4579,<SOS>berniece<EOS>   ,girl,"['b', 'e', 'r', 'n', 'i', 'e', 'c', 'e']",8,0.0,"[1, 4, 7, 20, 16, 11, 7, 5, 7, 2, 0, 0, 0]"
2276,<SOS>delma<EOS>      ,boy,"['d', 'e', 'l', 'm', 'a']",5,1.0,"[1, 6, 7, 14, 15, 3, 2, 0, 0, 0, 0, 0, 0]"
29,<SOS>lewis<EOS>      ,boy,"['l', 'e', 'w', 'i', 's']",5,1.0,"[1, 14, 7, 25, 11, 21, 2, 0, 0, 0, 0, 0, 0]"
1285,<SOS>fabian<EOS>     ,boy,"['f', 'a', 'b', 'i', 'a', 'n']",6,1.0,"[1, 8, 3, 4, 11, 3, 16, 2, 0, 0, 0, 0, 0]"
811,<SOS>allison<EOS>    ,boy,"['a', 'l', 'l', 'i', 's', 'o', 'n']",7,1.0,"[1, 3, 14, 14, 11, 21, 17, 16, 2, 0, 0, 0, 0]"
495,<SOS>omar<EOS>       ,boy,"['o', 'm', 'a', 'r']",4,1.0,"[1, 17, 15, 3, 20, 2, 0, 0, 0, 0, 0, 0, 0]"
4875,<SOS>glenda<EOS>     ,girl,"['g', 'l', 'e', 'n', 'd', 'a']",6,0.0,"[1, 9, 14, 7, 16, 6, 3, 2, 0, 0, 0, 0, 0]"
1240,<SOS>lillian<EOS>    ,boy,"['l', 'i', 'l', 'l', 'i', 'a', 'n']",7,1.0,"[1, 14, 11, 14, 14, 11, 3, 16, 2, 0, 0, 0, 0]"
5305,<SOS>aleta<EOS>      ,girl,"['a', 'l', 'e', 't', 'a']",5,0.0,"[1, 3, 14, 7, 22, 3, 2, 0, 0, 0, 0, 0, 0]"
6305,<SOS>marcela<EOS>    ,girl,"['m', 'a', 'r', 'c', 'e', 'l', 'a']",7,0.0,"[1, 15, 3, 20, 5, 7, 14, 3, 2, 0, 0, 0, 0]"
1391,<SOS>herb<EOS>       ,boy,"['h', 'e', 'r', 'b']",4,1.0,"[1, 10, 7, 20, 4, 2, 0, 0, 0, 0, 0, 0, 0]"
5481,<SOS>kelli<EOS>      ,girl,"['k', 'e', 'l', 'l', 'i']",5,0.0,"[1, 13, 7, 14, 14, 11, 2, 0, 0, 0, 0, 0, 0]"
1326,<SOS>thurlow<EOS>    ,boy,"['t', 'h', 'u', 'r', 'l', 'o', 'w']",7,1.0,"[1, 22, 10, 23, 20, 14, 17, 25, 2, 0, 0, 0, 0]"
933,<SOS>budd<EOS>       ,boy,"['b', 'u', 'd', 'd']",4,1.0,"[1, 4, 23, 6, 6, 2, 0, 0, 0, 0, 0, 0, 0]"
4694,<SOS>elvera<EOS>     ,girl,"['e', 'l', 'v', 'e', 'r', 'a']",6,0.0,"[1, 7, 14, 24, 7, 20, 3, 2, 0, 0, 0, 0, 0]"
4669,<SOS>nila<EOS>       ,girl,"['n', 'i', 'l', 'a']",4,0.0,"[1, 16, 11, 14, 3, 2, 0, 0, 0, 0, 0, 0, 0]"
4182,<SOS>valeria<EOS>    ,girl,"['v', 'a', 'l', 'e', 'r', 'i', 'a']",7,0.0,"[1, 24, 3, 14, 7, 20, 11, 3, 2, 0, 0, 0, 0]"
3412,<SOS>jayvion<EOS>    ,boy,"['j', 'a', 'y', 'v', 'i', 'o', 'n']",7,1.0,"[1, 12, 3, 27, 24, 11, 17, 16, 2, 0, 0, 0, 0]"
5994,<SOS>natosha<EOS>    ,girl,"['n', 'a', 't', 'o', 's', 'h', 'a']",7,0.0,"[1, 16, 3, 22, 17, 21, 10, 3, 2, 0, 0, 0, 0]"
4223,<SOS>ursula<EOS>     ,girl,"['u', 'r', 's', 'u', 'l', 'a']",6,0.0,"[1, 23, 20, 21, 23, 14, 3, 2, 0, 0, 0, 0, 0]"
3468,<SOS>nina<EOS>       ,girl,"['n', 'i', 'n', 'a']",4,0.0,"[1, 16, 11, 16, 3, 2, 0, 0, 0, 0, 0, 0, 0]"
747,<SOS>algie<EOS>      ,boy,"['a', 'l', 'g', 'i', 'e']",5,1.0,"[1, 3, 14, 9, 11, 7, 2, 0, 0, 0, 0, 0, 0]"
3954,<SOS>bama<EOS>       ,girl,"['b', 'a', 'm', 'a']",4,0.0,"[1, 4, 3, 15, 3, 2, 0, 0, 0, 0, 0, 0, 0]"
2823,<SOS>demario<EOS>    ,boy,"['d', 'e', 'm', 'a', 'r', 'i', 'o']",7,1.0,"[1, 6, 7, 15, 3, 20, 11, 17, 2, 0, 0, 0, 0]"
1384,<SOS>son<EOS>        ,boy,"['s', 'o', 'n']",3,1.0,"[1, 21, 17, 16, 2, 0, 0, 0, 0, 0, 0, 0, 0]"
2442,<SOS>chip<EOS>       ,boy,"['c', 'h', 'i', 'p']",4,1.0,"[1, 5, 10, 11, 18, 2, 0, 0, 0, 0, 0, 0, 0]"
2728,<SOS>dameon<EOS>     ,boy,"['d', 'a', 'm', 'e', 'o', 'n']",6,1.0,"[1, 6, 3, 15, 7, 17, 16, 2, 0, 0, 0, 0, 0]"
4729,<SOS>manilla<EOS>    ,girl,"['m', 'a', 'n', 'i', 'l', 'l', 'a']",7,0.0,"[1, 15, 3, 16, 11, 14, 14, 3, 2, 0, 0, 0, 0]"
6048,<SOS>jesica<EOS>     ,girl,"['j', 'e', 's', 'i', 'c', 'a']",6,0.0,"[1, 12, 7, 21, 11, 5, 3, 2, 0, 0, 0, 0, 0]"
6084,<SOS>krysta<EOS>     ,girl,"['k', 'r', 'y', 's', 't', 'a']",6,0.0,"[1, 13, 20, 27, 21, 22, 3, 2, 0, 0, 0, 0, 0]"
1527,<SOS>hazel<EOS>      ,boy,"['h', 'a', 'z', 'e', 'l']",5,1.0,"[1, 10, 3, 28, 7, 14, 2, 0, 0, 0, 0, 0, 0]"
1265,<SOS>bluford<EOS>    ,boy,"['b', 'l', 'u', 'f', 'o', 'r', 'd']",7,1.0,"[1, 4, 14, 23, 8, 17, 20, 6, 2, 0, 0, 0, 0]"
4503,<SOS>lilah<EOS>      ,girl,"['l', 'i', 'l', 'a', 'h']",5,0.0,"[1, 14, 11, 14, 3, 10, 2, 0, 0, 0, 0, 0, 0]"
5518,<SOS>bridgette<EOS>  ,girl,"['b', 'r', 'i', 'd', 'g', 'e', 't', 't', 'e']",9,0.0,"[1, 4, 20, 11, 6, 9, 7, 22, 22, 7, 2, 0, 0]"
3528,<SOS>marguerite<EOS> ,girl,"['m', 'a', 'r', 'g', 'u', 'e', 'r', 'i', 't', 'e']",10,0.0,"[1, 15, 3, 20, 9, 23, 7, 20, 11, 22, 7, 2, 0]"
5011,<SOS>enriqueta<EOS>  ,girl,"['e', 'n', 'r', 'i', 'q', 'u', 'e', 't', 'a']",9,0.0,"[1, 7, 16, 20, 11, 19, 23, 7, 22, 3, 2, 0, 0]"
3244,<SOS>luca<EOS>       ,boy,"['l', 'u', 'c', 'a']",4,1.0,"[1, 14, 23, 5, 3, 2, 0, 0, 0, 0, 0, 0, 0]"
6525,<SOS>jalyn<EOS>      ,girl,"['j', 'a', 'l', 'y', 'n']",5,0.0,"[1, 12, 3, 14, 27, 16, 2, 0, 0, 0, 0, 0, 0]"
1532,<SOS>lilburn<EOS>    ,boy,"['l', 'i', 'l', 'b', 'u', 'r', 'n']",7,1.0,"[1, 14, 11, 14, 4, 23, 20, 16, 2, 0, 0, 0, 0]"
319,<SOS>adelbert<EOS>   ,boy,"['a', 'd', 'e', 'l', 'b', 'e', 'r', 't']",8,1.0,"[1, 3, 6, 7, 14, 4, 7, 20, 22, 2, 0, 0, 0]"
1583,<SOS>agnes<EOS>      ,boy,"['a', 'g', 'n', 'e', 's']",5,1.0,"[1, 3, 9, 16, 7, 21, 2, 0, 0, 0, 0, 0, 0]"
824,<SOS>author<EOS>     ,boy,"['a', 'u', 't', 'h', 'o', 'r']",6,1.0,"[1, 3, 23, 22, 10, 17, 20, 2, 0, 0, 0, 0, 0]"
3474,<SOS>millie<EOS>     ,girl,"['m', 'i', 'l', 'l', 'i', 'e']",6,0.0,"[1, 15, 11, 14, 14, 11, 7, 2, 0, 0, 0, 0, 0]"
2266,<SOS>gaylon<EOS>     ,boy,"['g', 'a', 'y', 'l', 'o', 'n']",6,1.0,"[1, 9, 3, 27, 14, 17, 16, 2, 0, 0, 0, 0, 0]"
2328,<SOS>lindell<EOS>    ,boy,"['l', 'i', 'n', 'd', 'e', 'l', 'l']",7,1.0,"[1, 14, 11, 16, 6, 7, 14, 14, 2, 0, 0, 0, 0]"
4671,<SOS>velva<EOS>      ,girl,"['v', 'e', 'l', 'v', 'a']",5,0.0,"[1, 24, 7, 14, 24, 3, 2, 0, 0, 0, 0, 0, 0]"
2960,<SOS>codey<EOS>      ,boy,"['c', 'o', 'd', 'e', 'y']",5,1.0,"[1, 5, 17, 6, 7, 27, 2, 0, 0, 0, 0, 0, 0]"
34,<SOS>alfred<EOS>     ,boy,"['a', 'l', 'f', 'r', 'e', 'd']",6,1.0,"[1, 3, 14, 8, 20, 7, 6, 2, 0, 0, 0, 0, 0]"
527,<SOS>alvie<EOS>      ,boy,"['a', 'l', 'v', 'i', 'e']",5,1.0,"[1, 3, 14, 24, 11, 7, 2, 0, 0, 0, 0, 0, 0]"
6449,<SOS>chyna<EOS>      ,girl,"['c', 'h', 'y', 'n', 'a']",5,0.0,"[1, 5, 10, 27, 16, 3, 2, 0, 0, 0, 0, 0, 0]"
5465,<SOS>monique<EOS>    ,girl,"['m', 'o', 'n', 'i', 'q', 'u', 'e']",7,0.0,"[1, 15, 17, 16, 11, 19, 23, 7, 2, 0, 0, 0, 0]"
5031,<SOS>cherie<EOS>     ,girl,"['c', 'h', 'e', 'r', 'i', 'e']",6,0.0,"[1, 5, 10, 7, 20, 11, 7, 2, 0, 0, 0, 0, 0]"
4450,<SOS>argie<EOS>      ,girl,"['a', 'r', 'g', 'i', 'e']",5,0.0,"[1, 3, 20, 9, 11, 7, 2, 0, 0, 0, 0, 0, 0]"
2399,<SOS>donell<EOS>     ,boy,"['d', 'o', 'n', 'e', 'l', 'l']",6,1.0,"[1, 6, 17, 16, 7, 14, 14, 2, 0, 0, 0, 0, 0]"
5110,<SOS>ginger<EOS>     ,girl,"['g', 'i', 'n', 'g', 'e', 'r']",6,0.0,"[1, 9, 11, 16, 9, 7, 20, 2, 0, 0, 0, 0, 0]"
3185,<SOS>zion<EOS>       ,boy,"['z', 'i', 'o', 'n']",4,1.0,"[1, 28, 11, 17, 16, 2, 0, 0, 0, 0, 0, 0, 0]"
6036,<SOS>ashlie<EOS>     ,girl,"['a', 's', 'h', 'l', 'i', 'e']",6,0.0,"[1, 3, 21, 10, 14, 11, 7, 2, 0, 0, 0, 0, 0]"
284,<SOS>emmet<EOS>      ,boy,"['e', 'm', 'm', 'e', 't']",5,1.0,"[1, 7, 15, 15, 7, 22, 2, 0, 0, 0, 0, 0, 0]"
3658,<SOS>meda<EOS>       ,girl,"['m', 'e', 'd', 'a']",4,0.0,"[1, 15, 7, 6, 3, 2, 0, 0, 0, 0, 0, 0, 0]"
2309,<SOS>jeffery<EOS>    ,boy,"['j', 'e', 'f', 'f', 'e', 'r', 'y']",7,1.0,"[1, 12, 7, 8, 8, 7, 20, 27, 2, 0, 0, 0, 0]"
909,<SOS>abbott<EOS>     ,boy,"['a', 'b', 'b', 'o', 't', 't']",6,1.0,"[1, 3, 4, 4, 17, 22, 22, 2, 0, 0, 0, 0, 0]"
1179,<SOS>add<EOS>        ,boy,"['a', 'd', 'd']",3,1.0,"[1, 3, 6, 6, 2, 0, 0, 0, 0, 0, 0, 0, 0]"
5714,<SOS>kristal<EOS>    ,girl,"['k', 'r', 'i', 's', 't', 'a', 'l']",7,0.0,"[1, 13, 20, 11, 21, 22, 3, 14, 2, 0, 0, 0, 0]"
6532,<SOS>isabela<EOS>    ,girl,"['i', 's', 'a', 'b', 'e', 'l', 'a']",7,0.0,"[1, 11, 21, 3, 4, 7, 14, 3, 2, 0, 0, 0, 0]"
4139,<SOS>christene<EOS>  ,girl,"['c', 'h', 'r', 'i', 's', 't', 'e', 'n', 'e']",9,0.0,"[1, 5, 10, 20, 11, 21, 22, 7, 16, 7, 2, 0, 0]"
1605,<SOS>waymon<EOS>     ,boy,"['w', 'a', 'y', 'm', 'o', 'n']",6,1.0,"[1, 25, 3, 27, 15, 17, 16, 2, 0, 0, 0, 0, 0]"
1799,<SOS>hebert<EOS>     ,boy,"['h', 'e', 'b', 'e', 'r', 't']",6,1.0,"[1, 10, 7, 4, 7, 20, 22, 2, 0, 0, 0, 0, 0]"
4301,<SOS>elfrieda<EOS>   ,girl,"['e', 'l', 'f', 'r', 'i', 'e', 'd', 'a']",8,0.0,"[1, 7, 14, 8, 20, 11, 7, 6, 3, 2, 0, 0, 0]"
5908,<SOS>yadira<EOS>     ,girl,"['y', 'a', 'd', 'i', 'r', 'a']",6,0.0,"[1, 27, 3, 6, 11, 20, 3, 2, 0, 0, 0, 0, 0]"
3091,<SOS>dakoda<EOS>     ,boy,"['d', 'a', 'k', 'o', 'd', 'a']",6,1.0,"[1, 6, 3, 13, 17, 6, 3, 2, 0, 0, 0, 0, 0]"
1201,<SOS>gail<EOS>       ,boy,"['g', 'a', 'i', 'l']",4,1.0,"[1, 9, 3, 11, 14, 2, 0, 0, 0, 0, 0, 0, 0]"
3583,<SOS>orpha<EOS>      ,girl,"['o', 'r', 'p', 'h', 'a']",5,0.0,"[1, 17, 20, 18, 10, 3, 2, 0, 0, 0, 0, 0, 0]"
1187,<SOS>armstead<EOS>   ,boy,"['a', 'r', 'm', 's', 't', 'e', 'a', 'd']",8,1.0,"[1, 3, 20, 15, 21, 22, 7, 3, 6, 2, 0, 0, 0]"
3786,<SOS>anastasia<EOS>  ,girl,"['a', 'n', 'a', 's', 't', 'a', 's', 'i', 'a']",9,0.0,"[1, 3, 16, 3, 21, 22, 3, 21, 11, 3, 2, 0, 0]"
3316,<SOS>jamarion<EOS>   ,boy,"['j', 'a', 'm', 'a', 'r', 'i', 'o', 'n']",8,1.0,"[1, 12, 3, 15, 3, 20, 11, 17, 16, 2, 0, 0, 0]"
5056,<SOS>margy<EOS>      ,girl,"['m', 'a', 'r', 'g', 'y']",5,0.0,"[1, 15, 3, 20, 9, 27, 2, 0, 0, 0, 0, 0, 0]"
1379,<SOS>whitney<EOS>    ,boy,"['w', 'h', 'i', 't', 'n', 'e', 'y']",7,1.0,"[1, 25, 10, 11, 22, 16, 7, 27, 2, 0, 0, 0, 0]"
1452,<SOS>earlie<EOS>     ,boy,"['e', 'a', 'r', 'l', 'i', 'e']",6,1.0,"[1, 7, 3, 20, 14, 11, 7, 2, 0, 0, 0, 0, 0]"
5840,<SOS>stephaine<EOS>  ,girl,"['s', 't', 'e', 'p', 'h', 'a', 'i', 'n', 'e']",9,0.0,"[1, 21, 22, 7, 18, 10, 3, 11, 16, 7, 2, 0, 0]"
3416,<SOS>chace<EOS>      ,boy,"['c', 'h', 'a', 'c', 'e']",5,1.0,"[1, 5, 10, 3, 5, 7, 2, 0, 0, 0, 0, 0, 0]"
1857,<SOS>nile<EOS>       ,boy,"['n', 'i', 'l', 'e']",4,1.0,"[1, 16, 11, 14, 7, 2, 0, 0, 0, 0, 0, 0, 0]"
3475,<SOS>janie<EOS>      ,girl,"['j', 'a', 'n', 'i', 'e']",5,0.0,"[1, 12, 3, 16, 11, 7, 2, 0, 0, 0, 0, 0, 0]"
866,<SOS>holmes<EOS>     ,boy,"['h', 'o', 'l', 'm', 'e', 's']",6,1.0,"[1, 10, 17, 14, 15, 7, 21, 2, 0, 0, 0, 0, 0]"
4782,<SOS>cathleen<EOS>   ,girl,"['c', 'a', 't', 'h', 'l', 'e', 'e', 'n']",8,0.0,"[1, 5, 3, 22, 10, 14, 7, 7, 16, 2, 0, 0, 0]"
4894,<SOS>olympia<EOS>    ,girl,"['o', 'l', 'y', 'm', 'p', 'i', 'a']",7,0.0,"[1, 17, 14, 27, 15, 18, 11, 3, 2, 0, 0, 0, 0]"
791,<SOS>ples<EOS>       ,boy,"['p', 'l', 'e', 's']",4,1.0,"[1, 18, 14, 7, 21, 2, 0, 0, 0, 0, 0, 0, 0]"
2926,<SOS>kolby<EOS>      ,boy,"['k', 'o', 'l', 'b', 'y']",5,1.0,"[1, 13, 17, 14, 4, 27, 2, 0, 0, 0, 0, 0, 0]"
6619,<SOS>makena<EOS>     ,girl,"['m', 'a', 'k', 'e', 'n', 'a']",6,0.0,"[1, 15, 3, 13, 7, 16, 3, 2, 0, 0, 0, 0, 0]"
862,<SOS>hattie<EOS>     ,boy,"['h', 'a', 't', 't', 'i', 'e']",6,1.0,"[1, 10, 3, 22, 22, 11, 7, 2, 0, 0, 0, 0, 0]"
4030,<SOS>albertine<EOS>  ,girl,"['a', 'l', 'b', 'e', 'r', 't', 'i', 'n', 'e']",9,0.0,"[1, 3, 14, 4, 7, 20, 22, 11, 16, 7, 2, 0, 0]"
2062,<SOS>nathanial<EOS>  ,boy,"['n', 'a', 't', 'h', 'a', 'n', 'i', 'a', 'l']",9,1.0,"[1, 16, 3, 22, 10, 3, 16, 11, 3, 14, 2, 0, 0]"
4192,<SOS>lota<EOS>       ,girl,"['l', 'o', 't', 'a']",4,0.0,"[1, 14, 17, 22, 3, 2, 0, 0, 0, 0, 0, 0, 0]"
13,<SOS>arthur<EOS>     ,boy,"['a', 'r', 't', 'h', 'u', 'r']",6,1.0,"[1, 3, 20, 22, 10, 23, 20, 2, 0, 0, 0, 0, 0]"
2383,<SOS>robby<EOS>      ,boy,"['r', 'o', 'b', 'b', 'y']",5,1.0,"[1, 20, 17, 4, 4, 27, 2, 0, 0, 0, 0, 0, 0]"
4168,<SOS>mercy<EOS>      ,girl,"['m', 'e', 'r', 'c', 'y']",5,0.0,"[1, 15, 7, 20, 5, 27, 2, 0, 0, 0, 0, 0, 0]"
5054,<SOS>dorla<EOS>      ,girl,"['d', 'o', 'r', 'l', 'a']",5,0.0,"[1, 6, 17, 20, 14, 3, 2, 0, 0, 0, 0, 0, 0]"
3883,<SOS>pansy<EOS>      ,girl,"['p', 'a', 'n', 's', 'y']",5,0.0,"[1, 18, 3, 16, 21, 27, 2, 0, 0, 0, 0, 0, 0]"
1522,<SOS>florian<EOS>    ,boy,"['f', 'l', 'o', 'r', 'i', 'a', 'n']",7,1.0,"[1, 8, 14, 17, 20, 11, 3, 16, 2, 0, 0, 0, 0]"
5471,<SOS>sheryll<EOS>    ,girl,"['s', 'h', 'e', 'r', 'y', 'l', 'l']",7,0.0,"[1, 21, 10, 7, 20, 27, 14, 14, 2, 0, 0, 0, 0]"
2403,<SOS>tod<EOS>        ,boy,"['t', 'o', 'd']",3,1.0,"[1, 22, 17, 6, 2, 0, 0, 0, 0, 0, 0, 0, 0]"
3963,<SOS>claudine<EOS>   ,girl,"['c', 'l', 'a', 'u', 'd', 'i', 'n', 'e']",8,0.0,"[1, 5, 14, 3, 23, 6, 11, 16, 7, 2, 0, 0, 0]"
5405,<SOS>kimberley<EOS>  ,girl,"['k', 'i', 'm', 'b', 'e', 'r', 'l', 'e', 'y']",9,0.0,"[1, 13, 11, 15, 4, 7, 20, 14, 7, 27, 2, 0, 0]"
2038,<SOS>lyndon<EOS>     ,boy,"['l', 'y', 'n', 'd', 'o', 'n']",6,1.0,"[1, 14, 27, 16, 6, 17, 16, 2, 0, 0, 0, 0, 0]"
4692,<SOS>clotilda<EOS>   ,girl,"['c', 'l', 'o', 't', 'i', 'l', 'd', 'a']",8,0.0,"[1, 5, 14, 17, 22, 11, 14, 6, 3, 2, 0, 0, 0]"
1142,<SOS>lawerence<EOS>  ,boy,"['l', 'a', 'w', 'e', 'r', 'e', 'n', 'c', 'e']",9,1.0,"[1, 14, 3, 25, 7, 20, 7, 16, 5, 7, 2, 0, 0]"
5689,<SOS>karie<EOS>      ,girl,"['k', 'a', 'r', 'i', 'e']",5,0.0,"[1, 13, 3, 20, 11, 7, 2, 0, 0, 0, 0, 0, 0]"
2832,<SOS>deshaun<EOS>    ,boy,"['d', 'e', 's', 'h', 'a', 'u', 'n']",7,1.0,"[1, 6, 7, 21, 10, 3, 23, 16, 2, 0, 0, 0, 0]"
3370,<SOS>messiah<EOS>    ,boy,"['m', 'e', 's', 's', 'i', 'a', 'h']",7,1.0,"[1, 15, 7, 21, 21, 11, 3, 10, 2, 0, 0, 0, 0]"
5024,<SOS>shirlie<EOS>    ,girl,"['s', 'h', 'i', 'r', 'l', 'i', 'e']",7,0.0,"[1, 21, 10, 11, 20, 14, 11, 7, 2, 0, 0, 0, 0]"
787,<SOS>orson<EOS>      ,boy,"['o', 'r', 's', 'o', 'n']",5,1.0,"[1, 17, 20, 21, 17, 16, 2, 0, 0, 0, 0, 0, 0]"
597,<SOS>volney<EOS>     ,boy,"['v', 'o', 'l', 'n', 'e', 'y']",6,1.0,"[1, 24, 17, 14, 16, 7, 27, 2, 0, 0, 0, 0, 0]"
6321,<SOS>brianda<EOS>    ,girl,"['b', 'r', 'i', 'a', 'n', 'd', 'a']",7,0.0,"[1, 4, 20, 11, 3, 16, 6, 3, 2, 0, 0, 0, 0]"
3509,<SOS>minerva<EOS>    ,girl,"['m', 'i', 'n', 'e', 'r', 'v', 'a']",7,0.0,"[1, 15, 11, 16, 7, 20, 24, 3, 2, 0, 0, 0, 0]"
302,<SOS>napoleon<EOS>   ,boy,"['n', 'a', 'p', 'o', 'l', 'e', 'o', 'n']",8,1.0,"[1, 16, 3, 18, 17, 14, 7, 17, 16, 2, 0, 0, 0]"
5261,<SOS>pauletta<EOS>   ,girl,"['p', 'a', 'u', 'l', 'e', 't', 't', 'a']",8,0.0,"[1, 18, 3, 23, 14, 7, 22, 22, 3, 2, 0, 0, 0]"
4809,<SOS>madlyn<EOS>     ,girl,"['m', 'a', 'd', 'l', 'y', 'n']",6,0.0,"[1, 15, 3, 6, 14, 27, 16, 2, 0, 0, 0, 0, 0]"
4224,<SOS>veda<EOS>       ,girl,"['v', 'e', 'd', 'a']",4,0.0,"[1, 24, 7, 6, 3, 2, 0, 0, 0, 0, 0, 0, 0]"
5159,<SOS>karin<EOS>      ,girl,"['k', 'a', 'r', 'i', 'n']",5,0.0,"[1, 13, 3, 20, 11, 16, 2, 0, 0, 0, 0, 0, 0]"
3009,<SOS>zakary<EOS>     ,boy,"['z', 'a', 'k', 'a', 'r', 'y']",6,1.0,"[1, 28, 3, 13, 3, 20, 27, 2, 0, 0, 0, 0, 0]"
2882,<SOS>justine<EOS>    ,boy,"['j', 'u', 's', 't', 'i', 'n', 'e']",7,1.0,"[1, 12, 23, 21, 22, 11, 16, 7, 2, 0, 0, 0, 0]"
4941,<SOS>liberty<EOS>    ,girl,"['l', 'i', 'b', 'e', 'r', 't', 'y']",7,0.0,"[1, 14, 11, 4, 7, 20, 22, 27, 2, 0, 0, 0, 0]"
558,<SOS>sol<EOS>        ,boy,"['s', 'o', 'l']",3,1.0,"[1, 21, 17, 14, 2, 0, 0, 0, 0, 0, 0, 0, 0]"
2612,<SOS>liam<EOS>       ,boy,"['l', 'i', 'a', 'm']",4,1.0,"[1, 14, 11, 3, 15, 2, 0, 0, 0, 0, 0, 0, 0]"
5135,<SOS>jeri<EOS>       ,girl,"['j', 'e', 'r', 'i']",4,0.0,"[1, 12, 7, 20, 11, 2, 0, 0, 0, 0, 0, 0, 0]"
3729,<SOS>elmira<EOS>     ,girl,"['e', 'l', 'm', 'i', 'r', 'a']",6,0.0,"[1, 7, 14, 15, 11, 20, 3, 2, 0, 0, 0, 0, 0]"
2147,<SOS>quinten<EOS>    ,boy,"['q', 'u', 'i', 'n', 't', 'e', 'n']",7,1.0,"[1, 19, 23, 11, 16, 22, 7, 16, 2, 0, 0, 0, 0]"
5007,<SOS>estela<EOS>     ,girl,"['e', 's', 't', 'e', 'l', 'a']",6,0.0,"[1, 7, 21, 22, 7, 14, 3, 2, 0, 0, 0, 0, 0]"
6762,<SOS>gemma<EOS>      ,girl,"['g', 'e', 'm', 'm', 'a']",5,0.0,"[1, 9, 7, 15, 15, 3, 2, 0, 0, 0, 0, 0, 0]"
2310,<SOS>randell<EOS>    ,boy,"['r', 'a', 'n', 'd', 'e', 'l', 'l']",7,1.0,"[1, 20, 3, 16, 6, 7, 14, 14, 2, 0, 0, 0, 0]"
2815,<SOS>bo<EOS>         ,boy,"['b', 'o']",2,1.0,"[1, 4, 17, 2, 0, 0, 0, 0, 0, 0, 0, 0, 0]"
3337,<SOS>braylon<EOS>    ,boy,"['b', 'r', 'a', 'y', 'l', 'o', 'n']",7,1.0,"[1, 4, 20, 3, 27, 14, 17, 16, 2, 0, 0, 0, 0]"
397,<SOS>randolph<EOS>   ,boy,"['r', 'a', 'n', 'd', 'o', 'l', 'p', 'h']",8,1.0,"[1, 20, 3, 16, 6, 17, 14, 18, 10, 2, 0, 0, 0]"
331,<SOS>mary<EOS>       ,boy,"['m', 'a', 'r', 'y']",4,1.0,"[1, 15, 3, 20, 27, 2, 0, 0, 0, 0, 0, 0, 0]"
6439,<SOS>maia<EOS>       ,girl,"['m', 'a', 'i', 'a']",4,0.0,"[1, 15, 3, 11, 3, 2, 0, 0, 0, 0, 0, 0, 0]"
2491,<SOS>trevor<EOS>     ,boy,"['t', 'r', 'e', 'v', 'o', 'r']",6,1.0,"[1, 22, 20, 7, 24, 17, 20, 2, 0, 0, 0, 0, 0]"
2810,<SOS>davon<EOS>      ,boy,"['d', 'a', 'v', 'o', 'n']",5,1.0,"[1, 6, 3, 24, 17, 16, 2, 0, 0, 0, 0, 0, 0]"
3913,<SOS>hedwig<EOS>     ,girl,"['h', 'e', 'd', 'w', 'i', 'g']",6,0.0,"[1, 10, 7, 6, 25, 11, 9, 2, 0, 0, 0, 0, 0]"
2100,<SOS>nevin<EOS>      ,boy,"['n', 'e', 'v', 'i', 'n']",5,1.0,"[1, 16, 7, 24, 11, 16, 2, 0, 0, 0, 0, 0, 0]"
1852,<SOS>raymon<EOS>     ,boy,"['r', 'a', 'y', 'm', 'o', 'n']",6,1.0,"[1, 20, 3, 27, 15, 17, 16, 2, 0, 0, 0, 0, 0]"
3269,<SOS>oswaldo<EOS>    ,boy,"['o', 's', 'w', 'a', 'l', 'd', 'o']",7,1.0,"[1, 17, 21, 25, 3, 14, 6, 17, 2, 0, 0, 0, 0]"
6059,<SOS>kourtney<EOS>   ,girl,"['k', 'o', 'u', 'r', 't', 'n', 'e', 'y']",8,0.0,"[1, 13, 17, 23, 20, 22, 16, 7, 27, 2, 0, 0, 0]"
4753,<SOS>marianne<EOS>   ,girl,"['m', 'a', 'r', 'i', 'a', 'n', 'n', 'e']",8,0.0,"[1, 15, 3, 20, 11, 3, 16, 16, 7, 2, 0, 0, 0]"
3977,<SOS>evalena<EOS>    ,girl,"['e', 'v', 'a', 'l', 'e', 'n', 'a']",7,0.0,"[1, 7, 24, 3, 14, 7, 16, 3, 2, 0, 0, 0, 0]"
1101,<SOS>bertha<EOS>     ,boy,"['b', 'e', 'r', 't', 'h', 'a']",6,1.0,"[1, 4, 7, 20, 22, 10, 3, 2, 0, 0, 0, 0, 0]"
562,<SOS>tim<EOS>        ,boy,"['t', 'i', 'm']",3,1.0,"[1, 22, 11, 15, 2, 0, 0, 0, 0, 0, 0, 0, 0]"
977,<SOS>hosteen<EOS>    ,boy,"['h', 'o', 's', 't', 'e', 'e', 'n']",7,1.0,"[1, 10, 17, 21, 22, 7, 7, 16, 2, 0, 0, 0, 0]"
3871,<SOS>irena<EOS>      ,girl,"['i', 'r', 'e', 'n', 'a']",5,0.0,"[1, 11, 20, 7, 16, 3, 2, 0, 0, 0, 0, 0, 0]"
566,<SOS>webb<EOS>       ,boy,"['w', 'e', 'b', 'b']",4,1.0,"[1, 25, 7, 4, 4, 2, 0, 0, 0, 0, 0, 0, 0]"
6113,<SOS>kasandra<EOS>   ,girl,"['k', 'a', 's', 'a', 'n', 'd', 'r', 'a']",8,0.0,"[1, 13, 3, 21, 3, 16, 6, 20, 3, 2, 0, 0, 0]"
6234,<SOS>flor<EOS>       ,girl,"['f', 'l', 'o', 'r']",4,0.0,"[1, 8, 14, 17, 20, 2, 0, 0, 0, 0, 0, 0, 0]"
419,<SOS>perley<EOS>     ,boy,"['p', 'e', 'r', 'l', 'e', 'y']",6,1.0,"[1, 18, 7, 20, 14, 7, 27, 2, 0, 0, 0, 0, 0]"
2538,<SOS>parrish<EOS>    ,boy,"['p', 'a', 'r', 'r', 'i', 's', 'h']",7,1.0,"[1, 18, 3, 20, 20, 11, 21, 10, 2, 0, 0, 0, 0]"
133,<SOS>gilbert<EOS>    ,boy,"['g', 'i', 'l', 'b', 'e', 'r', 't']",7,1.0,"[1, 9, 11, 14, 4, 7, 20, 22, 2, 0, 0, 0, 0]"
6528,<SOS>jaylene<EOS>    ,girl,"['j', 'a', 'y', 'l', 'e', 'n', 'e']",7,0.0,"[1, 12, 3, 27, 14, 7, 16, 7, 2, 0, 0, 0, 0]"
3682,<SOS>prudence<EOS>   ,girl,"['p', 'r', 'u', 'd', 'e', 'n', 'c', 'e']",8,0.0,"[1, 18, 20, 23, 6, 7, 16, 5, 7, 2, 0, 0, 0]"
4629,<SOS>marjory<EOS>    ,girl,"['m', 'a', 'r', 'j', 'o', 'r', 'y']",7,0.0,"[1, 15, 3, 20, 12, 17, 20, 27, 2, 0, 0, 0, 0]"
2856,<SOS>jarad<EOS>      ,boy,"['j', 'a', 'r', 'a', 'd']",5,1.0,"[1, 12, 3, 20, 3, 6, 2, 0, 0, 0, 0, 0, 0]"
5784,<SOS>yesenia<EOS>    ,girl,"['y', 'e', 's', 'e', 'n', 'i', 'a']",7,0.0,"[1, 27, 7, 21, 7, 16, 11, 3, 2, 0, 0, 0, 0]"
1503,<SOS>terrence<EOS>   ,boy,"['t', 'e', 'r', 'r', 'e', 'n', 'c', 'e']",8,1.0,"[1, 22, 7, 20, 20, 7, 16, 5, 7, 2, 0, 0, 0]"
393,<SOS>erastus<EOS>    ,boy,"['e', 'r', 'a', 's', 't', 'u', 's']",7,1.0,"[1, 7, 20, 3, 21, 22, 23, 21, 2, 0, 0, 0, 0]"
1817,<SOS>hartley<EOS>    ,boy,"['h', 'a', 'r', 't', 'l', 'e', 'y']",7,1.0,"[1, 10, 3, 20, 22, 14, 7, 27, 2, 0, 0, 0, 0]"
4069,<SOS>linna<EOS>      ,girl,"['l', 'i', 'n', 'n', 'a']",5,0.0,"[1, 14, 11, 16, 16, 3, 2, 0, 0, 0, 0, 0, 0]"
5449,<SOS>denese<EOS>     ,girl,"['d', 'e', 'n', 'e', 's', 'e']",6,0.0,"[1, 6, 7, 16, 7, 21, 7, 2, 0, 0, 0, 0, 0]"
4335,<SOS>rinda<EOS>      ,girl,"['r', 'i', 'n', 'd', 'a']",5,0.0,"[1, 20, 11, 16, 6, 3, 2, 0, 0, 0, 0, 0, 0]"
3606,<SOS>hanna<EOS>      ,girl,"['h', 'a', 'n', 'n', 'a']",5,0.0,"[1, 10, 3, 16, 16, 3, 2, 0, 0, 0, 0, 0, 0]"
479,<SOS>tommie<EOS>     ,boy,"['t', 'o', 'm', 'm', 'i', 'e']",6,1.0,"[1, 22, 17, 15, 15, 11, 7, 2, 0, 0, 0, 0, 0]"
2757,<SOS>jered<EOS>      ,boy,"['j', 'e', 'r', 'e', 'd']",5,1.0,"[1, 12, 7, 20, 7, 6, 2, 0, 0, 0, 0, 0, 0]"
5209,<SOS>heidi<EOS>      ,girl,"['h', 'e', 'i', 'd', 'i']",5,0.0,"[1, 10, 7, 11, 6, 11, 2, 0, 0, 0, 0, 0, 0]"
4855,<SOS>clementina<EOS> ,girl,"['c', 'l', 'e', 'm', 'e', 'n', 't', 'i', 'n', 'a']",10,0.0,"[1, 5, 14, 7, 15, 7, 16, 22, 11, 16, 3, 2, 0]"
707,<SOS>hayes<EOS>      ,boy,"['h', 'a', 'y', 'e', 's']",5,1.0,"[1, 10, 3, 27, 7, 21, 2, 0, 0, 0, 0, 0, 0]"
21,<SOS>clarence<EOS>   ,boy,"['c', 'l', 'a', 'r', 'e', 'n', 'c', 'e']",8,1.0,"[1, 5, 14, 3, 20, 7, 16, 5, 7, 2, 0, 0, 0]"
2607,<SOS>alfie<EOS>      ,boy,"['a', 'l', 'f', 'i', 'e']",5,1.0,"[1, 3, 14, 8, 11, 7, 2, 0, 0, 0, 0, 0, 0]"
4548,<SOS>dorotha<EOS>    ,girl,"['d', 'o', 'r', 'o', 't', 'h', 'a']",7,0.0,"[1, 6, 17, 20, 17, 22, 10, 3, 2, 0, 0, 0, 0]"
5452,<SOS>athena<EOS>     ,girl,"['a', 't', 'h', 'e', 'n', 'a']",6,0.0,"[1, 3, 22, 10, 7, 16, 3, 2, 0, 0, 0, 0, 0]"
2421,<SOS>deborah<EOS>    ,boy,"['d', 'e', 'b', 'o', 'r', 'a', 'h']",7,1.0,"[1, 6, 7, 4, 17, 20, 3, 10, 2, 0, 0, 0, 0]"
5340,<SOS>rachelle<EOS>   ,girl,"['r', 'a', 'c', 'h', 'e', 'l', 'l', 'e']",8,0.0,"[1, 20, 3, 5, 10, 7, 14, 14, 7, 2, 0, 0, 0]"
2107,<SOS>luigi<EOS>      ,boy,"['l', 'u', 'i', 'g', 'i']",5,1.0,"[1, 14, 23, 11, 9, 11, 2, 0, 0, 0, 0, 0, 0]"
2833,<SOS>juston<EOS>     ,boy,"['j', 'u', 's', 't', 'o', 'n']",6,1.0,"[1, 12, 23, 21, 22, 17, 16, 2, 0, 0, 0, 0, 0]"
2692,<SOS>kiley<EOS>      ,boy,"['k', 'i', 'l', 'e', 'y']",5,1.0,"[1, 13, 11, 14, 7, 27, 2, 0, 0, 0, 0, 0, 0]"
5272,<SOS>cheryle<EOS>    ,girl,"['c', 'h', 'e', 'r', 'y', 'l', 'e']",7,0.0,"[1, 5, 10, 7, 20, 27, 14, 7, 2, 0, 0, 0, 0]"
1517,<SOS>charls<EOS>     ,boy,"['c', 'h', 'a', 'r', 'l', 's']",6,1.0,"[1, 5, 10, 3, 20, 14, 21, 2, 0, 0, 0, 0, 0]"
3490,<SOS>sally<EOS>      ,girl,"['s', 'a', 'l', 'l', 'y']",5,0.0,"[1, 21, 3, 14, 14, 27, 2, 0, 0, 0, 0, 0, 0]"
4511,<SOS>vassie<EOS>     ,girl,"['v', 'a', 's', 's', 'i', 'e']",6,0.0,"[1, 24, 3, 21, 21, 11, 7, 2, 0, 0, 0, 0, 0]"
6065,<SOS>kassie<EOS>     ,girl,"['k', 'a', 's', 's', 'i', 'e']",6,0.0,"[1, 13, 3, 21, 21, 11, 7, 2, 0, 0, 0, 0, 0]"
55,<SOS>claude<EOS>     ,boy,"['c', 'l', 'a', 'u', 'd', 'e']",6,1.0,"[1, 5, 14, 3, 23, 6, 7, 2, 0, 0, 0, 0, 0]"
88,<SOS>warren<EOS>     ,boy,"['w', 'a', 'r', 'r', 'e', 'n']",6,1.0,"[1, 25, 3, 20, 20, 7, 16, 2, 0, 0, 0, 0, 0]"
6718,<SOS>briley<EOS>     ,girl,"['b', 'r', 'i', 'l', 'e', 'y']",6,0.0,"[1, 4, 20, 11, 14, 7, 27, 2, 0, 0, 0, 0, 0]"
3820,<SOS>corda<EOS>      ,girl,"['c', 'o', 'r', 'd', 'a']",5,0.0,"[1, 5, 17, 20, 6, 3, 2, 0, 0, 0, 0, 0, 0]"
2056,<SOS>hadley<EOS>     ,boy,"['h', 'a', 'd', 'l', 'e', 'y']",6,1.0,"[1, 10, 3, 6, 14, 7, 27, 2, 0, 0, 0, 0, 0]"
1824,<SOS>elwyn<EOS>      ,boy,"['e', 'l', 'w', 'y', 'n']",5,1.0,"[1, 7, 14, 25, 27, 16, 2, 0, 0, 0, 0, 0, 0]"
6477,<SOS>jazmyne<EOS>    ,girl,"['j', 'a', 'z', 'm', 'y', 'n', 'e']",7,0.0,"[1, 12, 3, 28, 15, 27, 16, 7, 2, 0, 0, 0, 0]"
5418,<SOS>joni<EOS>       ,girl,"['j', 'o', 'n', 'i']",4,0.0,"[1, 12, 17, 16, 11, 2, 0, 0, 0, 0, 0, 0, 0]"
2060,<SOS>verle<EOS>      ,boy,"['v', 'e', 'r', 'l', 'e']",5,1.0,"[1, 24, 7, 20, 14, 7, 2, 0, 0, 0, 0, 0, 0]"
4113,<SOS>verona<EOS>     ,girl,"['v', 'e', 'r', 'o', 'n', 'a']",6,0.0,"[1, 24, 7, 20, 17, 16, 3, 2, 0, 0, 0, 0, 0]"
1864,<SOS>arthor<EOS>     ,boy,"['a', 'r', 't', 'h', 'o', 'r']",6,1.0,"[1, 3, 20, 22, 10, 17, 20, 2, 0, 0, 0, 0, 0]"
3584,<SOS>alvina<EOS>     ,girl,"['a', 'l', 'v', 'i', 'n', 'a']",6,0.0,"[1, 3, 14, 24, 11, 16, 3, 2, 0, 0, 0, 0, 0]"
6743,<SOS>aliana<EOS>     ,girl,"['a', 'l', 'i', 'a', 'n', 'a']",6,0.0,"[1, 3, 14, 11, 3, 16, 3, 2, 0, 0, 0, 0, 0]"
6369,<SOS>aspen<EOS>      ,girl,"['a', 's', 'p', 'e', 'n']",5,0.0,"[1, 3, 21, 18, 7, 16, 2, 0, 0, 0, 0, 0, 0]"
860,<SOS>hampton<EOS>    ,boy,"['h', 'a', 'm', 'p', 't', 'o', 'n']",7,1.0,"[1, 10, 3, 15, 18, 22, 17, 16, 2, 0, 0, 0, 0]"
5891,<SOS>haley<EOS>      ,girl,"['h', 'a', 'l', 'e', 'y']",5,0.0,"[1, 10, 3, 14, 7, 27, 2, 0, 0, 0, 0, 0, 0]"
2499,<SOS>grayling<EOS>   ,boy,"['g', 'r', 'a', 'y', 'l', 'i', 'n', 'g']",8,1.0,"[1, 9, 20, 3, 27, 14, 11, 16, 9, 2, 0, 0, 0]"
953,<SOS>ennis<EOS>      ,boy,"['e', 'n', 'n', 'i', 's']",5,1.0,"[1, 7, 16, 16, 11, 21, 2, 0, 0, 0, 0, 0, 0]"
4653,<SOS>reva<EOS>       ,girl,"['r', 'e', 'v', 'a']",4,0.0,"[1, 20, 7, 24, 3, 2, 0, 0, 0, 0, 0, 0, 0]"
4650,<SOS>gerda<EOS>      ,girl,"['g', 'e', 'r', 'd', 'a']",5,0.0,"[1, 9, 7, 20, 6, 3, 2, 0, 0, 0, 0, 0, 0]"
2780,<SOS>hakim<EOS>      ,boy,"['h', 'a', 'k', 'i', 'm']",5,1.0,"[1, 10, 3, 13, 11, 15, 2, 0, 0, 0, 0, 0, 0]"
4311,<SOS>luetta<EOS>     ,girl,"['l', 'u', 'e', 't', 't', 'a']",6,0.0,"[1, 14, 23, 7, 22, 22, 3, 2, 0, 0, 0, 0, 0]"
3223,<SOS>tyreese<EOS>    ,boy,"['t', 'y', 'r', 'e', 'e', 's', 'e']",7,1.0,"[1, 22, 27, 20, 7, 7, 21, 7, 2, 0, 0, 0, 0]"
1980,<SOS>hershell<EOS>   ,boy,"['h', 'e', 'r', 's', 'h', 'e', 'l', 'l']",8,1.0,"[1, 10, 7, 20, 21, 10, 7, 14, 14, 2, 0, 0, 0]"
2427,<SOS>daryle<EOS>     ,boy,"['d', 'a', 'r', 'y', 'l', 'e']",6,1.0,"[1, 6, 3, 20, 27, 14, 7, 2, 0, 0, 0, 0, 0]"
3354,<SOS>haiden<EOS>     ,boy,"['h', 'a', 'i', 'd', 'e', 'n']",6,1.0,"[1, 10, 3, 11, 6, 7, 16, 2, 0, 0, 0, 0, 0]"
4792,<SOS>ceola<EOS>      ,girl,"['c', 'e', 'o', 'l', 'a']",5,0.0,"[1, 5, 7, 17, 14, 3, 2, 0, 0, 0, 0, 0, 0]"
6455,<SOS>lexis<EOS>      ,girl,"['l', 'e', 'x', 'i', 's']",5,0.0,"[1, 14, 7, 26, 11, 21, 2, 0, 0, 0, 0, 0, 0]"
618,<SOS>hosea<EOS>      ,boy,"['h', 'o', 's', 'e', 'a']",5,1.0,"[1, 10, 17, 21, 7, 3, 2, 0, 0, 0, 0, 0, 0]"
5113,<SOS>paulette<EOS>   ,girl,"['p', 'a', 'u', 'l', 'e', 't', 't', 'e']",8,0.0,"[1, 18, 3, 23, 14, 7, 22, 22, 7, 2, 0, 0, 0]"
4898,<SOS>ingrid<EOS>     ,girl,"['i', 'n', 'g', 'r', 'i', 'd']",6,0.0,"[1, 11, 16, 9, 20, 11, 6, 2, 0, 0, 0, 0, 0]"
4704,<SOS>ouida<EOS>      ,girl,"['o', 'u', 'i', 'd', 'a']",5,0.0,"[1, 17, 23, 11, 6, 3, 2, 0, 0, 0, 0, 0, 0]"
5793,<SOS>shayla<EOS>     ,girl,"['s', 'h', 'a', 'y', 'l', 'a']",6,0.0,"[1, 21, 10, 3, 27, 14, 3, 2, 0, 0, 0, 0, 0]"
4863,<SOS>colleen<EOS>    ,girl,"['c', 'o', 'l', 'l', 'e', 'e', 'n']",7,0.0,"[1, 5, 17, 14, 14, 7, 7, 16, 2, 0, 0, 0, 0]"
2450,<SOS>ricci<EOS>      ,boy,"['r', 'i', 'c', 'c', 'i']",5,1.0,"[1, 20, 11, 5, 5, 11, 2, 0, 0, 0, 0, 0, 0]"
3003,<SOS>laquan<EOS>     ,boy,"['l', 'a', 'q', 'u', 'a', 'n']",6,1.0,"[1, 14, 3, 19, 23, 3, 16, 2, 0, 0, 0, 0, 0]"
5676,<SOS>milissa<EOS>    ,girl,"['m', 'i', 'l', 'i', 's', 's', 'a']",7,0.0,"[1, 15, 11, 14, 11, 21, 21, 3, 2, 0, 0, 0, 0]"
898,<SOS>stanton<EOS>    ,boy,"['s', 't', 'a', 'n', 't', 'o', 'n']",7,1.0,"[1, 21, 22, 3, 16, 22, 17, 16, 2, 0, 0, 0, 0]"
5820,<SOS>nichol<EOS>     ,girl,"['n', 'i', 'c', 'h', 'o', 'l']",6,0.0,"[1, 16, 11, 5, 10, 17, 14, 2, 0, 0, 0, 0, 0]"
1761,<SOS>carrol<EOS>     ,boy,"['c', 'a', 'r', 'r', 'o', 'l']",6,1.0,"[1, 5, 3, 20, 20, 17, 14, 2, 0, 0, 0, 0, 0]"
1316,<SOS>jeptha<EOS>     ,boy,"['j', 'e', 'p', 't', 'h', 'a']",6,1.0,"[1, 12, 7, 18, 22, 10, 3, 2, 0, 0, 0, 0, 0]"
802,<SOS>vance<EOS>      ,boy,"['v', 'a', 'n', 'c', 'e']",5,1.0,"[1, 24, 3, 16, 5, 7, 2, 0, 0, 0, 0, 0, 0]"
2338,<SOS>niles<EOS>      ,boy,"['n', 'i', 'l', 'e', 's']",5,1.0,"[1, 16, 11, 14, 7, 21, 2, 0, 0, 0, 0, 0, 0]"
5406,<SOS>megan<EOS>      ,girl,"['m', 'e', 'g', 'a', 'n']",5,0.0,"[1, 15, 7, 9, 3, 16, 2, 0, 0, 0, 0, 0, 0]"
2277,<SOS>windell<EOS>    ,boy,"['w', 'i', 'n', 'd', 'e', 'l', 'l']",7,1.0,"[1, 25, 11, 16, 6, 7, 14, 14, 2, 0, 0, 0, 0]"
6761,<SOS>jaslyn<EOS>     ,girl,"['j', 'a', 's', 'l', 'y', 'n']",6,0.0,"[1, 12, 3, 21, 14, 27, 16, 2, 0, 0, 0, 0, 0]"
5143,<SOS>rhonda<EOS>     ,girl,"['r', 'h', 'o', 'n', 'd', 'a']",6,0.0,"[1, 20, 10, 17, 16, 6, 3, 2, 0, 0, 0, 0, 0]"
6422,<SOS>lesly<EOS>      ,girl,"['l', 'e', 's', 'l', 'y']",5,0.0,"[1, 14, 7, 21, 14, 27, 2, 0, 0, 0, 0, 0, 0]"
4420,<SOS>loraine<EOS>    ,girl,"['l', 'o', 'r', 'a', 'i', 'n', 'e']",7,0.0,"[1, 14, 17, 20, 3, 11, 16, 7, 2, 0, 0, 0, 0]"
1400,<SOS>burrel<EOS>     ,boy,"['b', 'u', 'r', 'r', 'e', 'l']",6,1.0,"[1, 4, 23, 20, 20, 7, 14, 2, 0, 0, 0, 0, 0]"
4625,<SOS>margretta<EOS>  ,girl,"['m', 'a', 'r', 'g', 'r', 'e', 't', 't', 'a']",9,0.0,"[1, 15, 3, 20, 9, 20, 7, 22, 22, 3, 2, 0, 0]"
2084,<SOS>silvio<EOS>     ,boy,"['s', 'i', 'l', 'v', 'i', 'o']",6,1.0,"[1, 21, 11, 14, 24, 11, 17, 2, 0, 0, 0, 0, 0]"
2264,<SOS>kerry<EOS>      ,boy,"['k', 'e', 'r', 'r', 'y']",5,1.0,"[1, 13, 7, 20, 20, 27, 2, 0, 0, 0, 0, 0, 0]"
6279,<SOS>kanesha<EOS>    ,girl,"['k', 'a', 'n', 'e', 's', 'h', 'a']",7,0.0,"[1, 13, 3, 16, 7, 21, 10, 3, 2, 0, 0, 0, 0]"
3550,<SOS>meta<EOS>       ,girl,"['m', 'e', 't', 'a']",4,0.0,"[1, 15, 7, 22, 3, 2, 0, 0, 0, 0, 0, 0, 0]"
3504,<SOS>nelle<EOS>      ,girl,"['n', 'e', 'l', 'l', 'e']",5,0.0,"[1, 16, 7, 14, 14, 7, 2, 0, 0, 0, 0, 0, 0]"
5073,<SOS>margo<EOS>      ,girl,"['m', 'a', 'r', 'g', 'o']",5,0.0,"[1, 15, 3, 20, 9, 17, 2, 0, 0, 0, 0, 0, 0]"
2286,<SOS>tyrone<EOS>     ,boy,"['t', 'y', 'r', 'o', 'n', 'e']",6,1.0,"[1, 22, 27, 20, 17, 16, 7, 2, 0, 0, 0, 0, 0]"
4373,<SOS>zita<EOS>       ,girl,"['z', 'i', 't', 'a']",4,0.0,"[1, 28, 11, 22, 3, 2, 0, 0, 0, 0, 0, 0, 0]"
3636,<SOS>jannie<EOS>     ,girl,"['j', 'a', 'n', 'n', 'i', 'e']",6,0.0,"[1, 12, 3, 16, 16, 11, 7, 2, 0, 0, 0, 0, 0]"
612,<SOS>emma<EOS>       ,boy,"['e', 'm', 'm', 'a']",4,1.0,"[1, 7, 15, 15, 3, 2, 0, 0, 0, 0, 0, 0, 0]"
4003,<SOS>mercedes<EOS>   ,girl,"['m', 'e', 'r', 'c', 'e', 'd', 'e', 's']",8,0.0,"[1, 15, 7, 20, 5, 7, 6, 7, 21, 2, 0, 0, 0]"
5857,<SOS>latarsha<EOS>   ,girl,"['l', 'a', 't', 'a', 'r', 's', 'h', 'a']",8,0.0,"[1, 14, 3, 22, 3, 20, 21, 10, 3, 2, 0, 0, 0]"
979,<SOS>hudson<EOS>     ,boy,"['h', 'u', 'd', 's', 'o', 'n']",6,1.0,"[1, 10, 23, 6, 21, 17, 16, 2, 0, 0, 0, 0, 0]"
1550,<SOS>burns<EOS>      ,boy,"['b', 'u', 'r', 'n', 's']",5,1.0,"[1, 4, 23, 20, 16, 21, 2, 0, 0, 0, 0, 0, 0]"
